criptoativo,mes,n_operacoes,valor_total,valor_medio,grupo,valor_total_mi
AAVE,2020-08-01,1,59638.94,59638.94,Outros ativos,0.05963894
AAVE,2021-01-01,32,296891.7700000001,9277.867812500002,Outros ativos,0.29689177000000005
AAVE,2021-02-01,129,974326.6900000001,7552.92007751938,Outros ativos,0.97432669
AAVE,2021-03-01,103,64072.38999999999,622.0620388349514,Outros ativos,0.06407238999999999
AAVE,2021-04-01,2859,2948464.5100000016,1031.2922385449463,Outros ativos,2.9484645100000018
AAVE,2021-05-01,59256,61860554.280000135,1043.954270959905,Outros ativos,61.86055428000014
AAVE,2021-06-01,25401,18010101.160000112,709.0311861737771,Outros ativos,18.01010116000011
AAVE,2021-07-01,26930,20536073.530000016,762.5723553657637,Outros ativos,20.536073530000017
AAVE,2021-08-01,28661,22763849.690000176,794.2447817591911,Outros ativos,22.763849690000175
AAVE,2021-09-01,20999,16247672.880000006,773.7355531215775,Outros ativos,16.247672880000007
AAVE,2021-10-01,23243,20454895.560000103,880.0454141031753,Outros ativos,20.454895560000104
AAVE,2021-11-01,20521,13956242.730000073,680.0956449490801,Outros ativos,13.956242730000072
AAVE,2021-12-01,14111,9001406.05000005,637.8999397633087,Outros ativos,9.00140605000005
AAVE,2022-01-01,10788,7027490.850000032,651.417394327033,Outros ativos,7.027490850000032
AAVE,2022-02-01,5828,3025437.629999993,519.1210758407675,Outros ativos,3.0254376299999928
AAVE,2022-03-01,10743,7271146.680000009,676.8264618821567,Outros ativos,7.271146680000009
AAVE,2022-04-01,9442,7126368.919999994,754.7520567676333,Outros ativos,7.126368919999995
AAVE,2022-05-01,9636,35073104.589999996,3639.799147986716,Outros ativos,35.07310458999999
AAVE,2022-06-01,9318,5628916.790000031,604.090662159265,Outros ativos,5.628916790000031
AAVE,2022-07-01,10091,5621278.939999994,557.0586601922499,Outros ativos,5.621278939999994
AAVE,2022-08-01,7852,3920630.7999999956,499.31619969434485,Outros ativos,3.9206307999999956
AAVE,2022-09-01,5129,2930971.5600000024,571.4508793137069,Outros ativos,2.9309715600000024
AAVE,2022-10-01,4653,1962271.2699999998,421.72174296153014,Outros ativos,1.9622712699999998
AAVE,2022-11-01,12685,2640025.3899999927,208.12182814347597,Outros ativos,2.640025389999993
AAVE,2022-12-01,28229,1514105.7199999988,53.63653406071766,Outros ativos,1.5141057199999988
AAVE,2023-01-01,50329,4705243.1999999955,93.4897017624033,Outros ativos,4.7052431999999955
AAVE,2023-02-01,33996,4716632.799999991,138.74081656665464,Outros ativos,4.716632799999991
AAVE,2023-03-01,22591,3122750.2199999974,138.22983577530863,Outros ativos,3.1227502199999972
AAVE,2023-04-01,20279,2247310.0000000005,110.81956703979489,Outros ativos,2.2473100000000006
AAVE,2023-05-01,14249,1324898.939999972,92.98188925538437,Outros ativos,1.324898939999972
AAVE,2023-06-01,20202,3436567.4800000214,170.11026037026144,Outros ativos,3.436567480000021
AAVE,2023-07-01,27737,5062978.919999978,182.53520279770623,Outros ativos,5.062978919999978
AAVE,2023-08-01,20278,3891275.4499999695,191.89641236808214,Outros ativos,3.8912754499999695
AAVE,2023-09-01,32940,3616155.3899999647,109.78006648451624,Outros ativos,3.6161553899999648
AAVE,2023-10-01,104105,13080126.430000344,125.64359473608707,Outros ativos,13.080126430000345
AAVE,2023-11-01,109538,20714725.7800004,189.10995070204314,Outros ativos,20.7147257800004
AAVE,2023-12-01,48966,10883209.099999977,222.26052975533997,Outros ativos,10.883209099999977
AAVE,2024-01-01,15160,8072867.549999992,532.5110521108174,Outros ativos,8.072867549999993
AAVE,2024-02-01,57179,25729576.630000927,449.98297679219513,Outros ativos,25.729576630000928
AAVE,2024-03-01,112733,53579101.7400007,475.27433617486184,Outros ativos,53.5791017400007
AAVE,2024-04-01,65550,27686061.530000143,422.36554584287023,Outros ativos,27.686061530000142
AAVE,2024-05-01,49196,21455935.14000002,436.1317005447601,Outros ativos,21.45593514000002
AAVE,2024-06-01,49152,24149328.42000017,491.3193444824253,Outros ativos,24.14932842000017
AAVE,2024-07-01,89317,41086497.88000074,460.0075895966136,Outros ativos,41.08649788000074
AAVE,2024-08-01,144288,78937132.53000115,547.0803707169075,Outros ativos,78.93713253000115
AAVE,2024-09-01,151195,82400200.33000153,544.9928921591423,Outros ativos,82.40020033000154
AAVE,2024-10-01,108545,66790200.80000084,615.3226846008645,Outros ativos,66.79020080000083
AAVE,2024-11-01,283020,241098078.65000135,851.8764703907899,Outros ativos,241.09807865000136
AAVE,2024-12-01,503434,508578345.37999785,1010.2185100330885,Outros ativos,508.57834537999787
AAVE,2025-01-01,299787,329048533.6200022,1097.6077469003067,Outros ativos,329.0485336200022
AAVE,2025-02-01,154325,154961631.7600014,1004.1252665478788,Outros ativos,154.96163176000138
AAVE,2025-03-01,199352,197018995.96000412,988.2970622818137,Outros ativos,197.01899596000413
AAVE,2025-04-01,120123,76058046.05999868,633.1680532454125,Outros ativos,76.05804605999867
AAVE,2025-05-01,185307,198706200.08000183,1072.3081161532043,Outros ativos,198.70620008000182
AAVE,2025-06-01,133616,142118307.5700017,1063.6324060741356,Outros ativos,142.1183075700017
AAVE,2025-07-01,153301,169933685.73000094,1108.4969160670898,Outros ativos,169.93368573000095
AAVE,2025-08-01,126489,139227857.04000047,1100.7111846880002,Outros ativos,139.22785704000046
AAVE,2025-09-01,97033,94960339.77000113,978.6396356909621,Outros ativos,94.96033977000113
AAVE,2025-10-01,100628,98911031.48000064,982.9374675040808,Outros ativos,98.91103148000064
AAVE,2025-11-01,88978,69104894.32000099,776.6514680033378,Outros ativos,69.104894320001
AAVE,2025-12-01,60270,24891735.570000123,413.0037426580409,Outros ativos,24.891735570000122
AAVE,2026-01-01,74962,39902925.77000037,532.3087133481013,Outros ativos,39.902925770000365
AAVE,2026-02-01,67474,29598932.000000414,438.6716661232536,Outros ativos,29.598932000000413
AAVE,2026-03-01,66743,29810821.050000604,446.6509004689721,Outros ativos,29.810821050000605
AAVE,2026-04-01,67010,42985421.83000047,641.4777172063941,Outros ativos,42.98542183000047
AAVE,2026-05-01,56413,24825813.86000037,440.07256944321995,Outros ativos,24.82581386000037
AAVE,2026-06-01,67531,40077696.78000122,593.4710989027443,Outros ativos,40.077696780001226
ADA,2019-08-01,1089,268153.02,246.23785123966942,Outros ativos,0.26815302
ADA,2019-09-01,1005,352891.50999999995,351.13583084577107,Outros ativos,0.35289150999999996
ADA,2019-10-01,1231,449362.8499999997,365.0388708367179,Outros ativos,0.4493628499999997
ADA,2019-11-01,1583,544227.4899999998,343.79500315855955,Outros ativos,0.5442274899999997
ADA,2019-12-01,685,153358.65000000008,223.88124087591254,Outros ativos,0.15335865000000007
ADA,2020-01-01,2448,670268.85,273.80263480392153,Outros ativos,0.67026885
ADA,2020-02-01,2103,843999.5499999978,401.33121730860574,Outros ativos,0.8439995499999978
ADA,2020-03-01,1375,666906.4600000005,485.0228800000004,Outros ativos,0.6669064600000005
ADA,2020-04-01,1960,1190848.1400000008,607.5755816326534,Outros ativos,1.1908481400000008
ADA,2020-05-01,4501,3383610.199999998,751.7463230393241,Outros ativos,3.383610199999998
ADA,2020-06-01,6100,6373308.800000012,1044.8047213114774,Outros ativos,6.373308800000012
ADA,2020-07-01,10762,9880544.619999971,918.0955788886797,Outros ativos,9.880544619999972
ADA,2020-08-01,8288,7015136.190000011,846.4208723455612,Outros ativos,7.01513619000001
ADA,2020-09-01,3747,3108455.15999999,829.5850440352255,Outros ativos,3.10845515999999
ADA,2020-10-01,3067,1955869.4899999932,637.7142125855863,Outros ativos,1.9558694899999933
ADA,2020-11-01,6904,6005406.740000006,869.8445451911944,Outros ativos,6.005406740000006
ADA,2020-12-01,6866,5074100.619999991,739.0184415962701,Outros ativos,5.0741006199999905
ADA,2021-01-01,30935,28837820.870000064,932.206913528368,Outros ativos,28.837820870000066
ADA,2021-02-01,107400,159879093.57000265,1488.632156145276,Outros ativos,159.87909357000265
ADA,2021-03-01,80950,112510591.61000198,1389.877598641161,Outros ativos,112.51059161000198
ADA,2021-04-01,107704,94514753.78999966,877.5417235200147,Outros ativos,94.51475378999966
ADA,2021-05-01,231785,256087532.09000427,1104.8494600168444,Outros ativos,256.0875320900043
ADA,2021-06-01,80383,77343500.54000004,962.1872851224766,Outros ativos,77.34350054000004
ADA,2021-07-01,40743,34853018.249999866,855.4357374272848,Outros ativos,34.85301824999986
ADA,2021-08-01,285751,241112445.90000468,843.7851342602639,Outros ativos,241.11244590000467
ADA,2021-09-01,230640,182639770.3000007,791.8824588102701,Outros ativos,182.6397703000007
ADA,2021-10-01,273012,211031510.78999534,772.9752201001983,Outros ativos,211.03151078999534
ADA,2021-11-01,254719,203739251.79999915,799.8588711482031,Outros ativos,203.73925179999915
ADA,2021-12-01,135481,81440273.53000003,601.1195188255182,Outros ativos,81.44027353000003
ADA,2022-01-01,115013,73843205.31999943,642.0422501804094,Outros ativos,73.84320531999943
ADA,2022-02-01,71475,60529968.60000023,846.8690954879361,Outros ativos,60.52996860000023
ADA,2022-03-01,74293,32238440.50000016,433.9364475791819,Outros ativos,32.23844050000016
ADA,2022-04-01,57326,19543403.010000117,340.91691396574186,Outros ativos,19.543403010000116
ADA,2022-05-01,79823,44889210.0699998,562.3593459278629,Outros ativos,44.8892100699998
ADA,2022-06-01,74792,34818328.84000041,465.53546956894337,Outros ativos,34.81832884000041
ADA,2022-07-01,52659,20859299.610000078,396.1203139064562,Outros ativos,20.85929961000008
ADA,2022-08-01,51880,14646770.550000237,282.32017251349725,Outros ativos,14.646770550000237
ADA,2022-09-01,58404,13212047.329999963,226.21819276076917,Outros ativos,13.212047329999963
ADA,2022-10-01,47156,13259336.600000024,281.1802655017394,Outros ativos,13.259336600000024
ADA,2022-11-01,59103,22049303.149999864,373.0657183222487,Outros ativos,22.049303149999865
ADA,2022-12-01,29922,11953908.840000035,399.5023340685795,Outros ativos,11.953908840000036
ADA,2023-01-01,54358,14159664.05000005,260.48905496891075,Outros ativos,14.15966405000005
ADA,2023-02-01,52602,19418334.08000005,369.15581308695585,Outros ativos,19.41833408000005
ADA,2023-03-01,65724,18080991.699999988,275.10485819487536,Outros ativos,18.080991699999988
ADA,2023-04-01,38543,14485984.770000001,375.8395757984589,Outros ativos,14.485984770000002
ADA,2023-05-01,41510,10254778.610000052,247.04357046494945,Outros ativos,10.254778610000052
ADA,2023-06-01,50711,15740427.06000008,310.39472816548835,Outros ativos,15.74042706000008
ADA,2023-07-01,38309,10723409.900000015,279.9188154219639,Outros ativos,10.723409900000016
ADA,2023-08-01,30737,6901191.66,224.52391775384717,Outros ativos,6.90119166
ADA,2023-09-01,19472,5234721.969999988,268.8332975554636,Outros ativos,5.234721969999987
ADA,2023-10-01,26392,8933946.349999996,338.5096373901181,Outros ativos,8.933946349999996
ADA,2023-11-01,77792,19896999.780000072,255.7717988996307,Outros ativos,19.896999780000073
ADA,2023-12-01,148315,51811941.71000046,349.3371655597914,Outros ativos,51.81194171000046
ADA,2024-01-01,110770,28946392.43000037,261.31978360567274,Outros ativos,28.94639243000037
ADA,2024-02-01,105254,37210893.41999996,353.53424496931194,Outros ativos,37.210893419999955
ADA,2024-03-01,143034,67188043.6100002,469.7347736202595,Outros ativos,67.1880436100002
ADA,2024-04-01,100583,35943126.70000027,357.3479285764023,Outros ativos,35.94312670000027
ADA,2024-05-01,81801,25502949.570000112,311.76818828620816,Outros ativos,25.502949570000112
ADA,2024-06-01,71504,25467024.77000029,356.16223945513946,Outros ativos,25.46702477000029
ADA,2024-07-01,84335,39805013.6300003,471.98688124740977,Outros ativos,39.8050136300003
ADA,2024-08-01,81748,94115649.45000005,1151.2899330870487,Outros ativos,94.11564945000005
ADA,2024-09-01,69179,20759872.229999937,300.0892211509264,Outros ativos,20.75987222999994
ADA,2024-10-01,76401,24039445.92000005,314.6483150744107,Outros ativos,24.039445920000052
ADA,2024-11-01,301269,226975013.54000056,753.3965112241902,Outros ativos,226.97501354000056
ADA,2024-12-01,274406,169982067.49999884,619.4546310940681,Outros ativos,169.98206749999883
ADA,2025-01-01,192374,102650491.77000092,533.5985724162357,Outros ativos,102.65049177000093
ADA,2025-02-01,101479,63764685.75000087,628.3535091004136,Outros ativos,63.76468575000087
ADA,2025-03-01,203927,103426860.11999758,507.1759017687583,Outros ativos,103.42686011999757
ADA,2025-04-01,190766,60422208.91000141,316.73468495434935,Outros ativos,60.42220891000141
ADA,2025-05-01,142946,63002067.56000059,440.74033243323066,Outros ativos,63.00206756000059
ADA,2025-06-01,75652,36560474.73999986,483.2717540844903,Outros ativos,36.56047473999986
ADA,2025-07-01,131306,89977678.25000162,685.2518411192301,Outros ativos,89.97767825000163
ADA,2025-08-01,132841,119415071.71000172,898.9323455108116,Outros ativos,119.41507171000173
ADA,2025-09-01,99604,55556694.180000424,557.7757337054779,Outros ativos,55.55669418000043
ADA,2025-10-01,97465,68770361.27000068,705.5903275021873,Outros ativos,68.77036127000068
ADA,2025-11-01,83878,44421294.140000336,529.5941026252455,Outros ativos,44.421294140000334
ADA,2025-12-01,64422,50966698.24000052,791.138093197984,Outros ativos,50.966698240000525
ADA,2026-01-01,80181,51230744.43000062,638.9387065514351,Outros ativos,51.23074443000062
ADA,2026-02-01,59717,22982760.99000004,384.8612788653154,Outros ativos,22.98276099000004
ADA,2026-03-01,55409,19193785.580000367,346.4019487808906,Outros ativos,19.193785580000366
ADA,2026-04-01,53439,13425499.68999985,251.23036901887855,Outros ativos,13.425499689999851
ADA,2026-05-01,59183,13649268.450000018,230.6281947518716,Outros ativos,13.649268450000019
ADA,2026-06-01,72805,20081796.230000515,275.82990495159004,Outros ativos,20.081796230000514
BCH,2019-08-01,57610,27731957.14000032,481.3740173581031,Outros ativos,27.731957140000322
BCH,2019-09-01,45577,17916807.190000076,393.110717905963,Outros ativos,17.916807190000075
BCH,2019-10-01,43785,21539850.990000125,491.9458944844153,Outros ativos,21.539850990000126
BCH,2019-11-01,40279,19261112.619999796,478.1924233471485,Outros ativos,19.261112619999796
BCH,2019-12-01,21021,7395494.3000000985,351.8145806574425,Outros ativos,7.395494300000099
BCH,2020-01-01,81230,56837869.829998605,699.7152508925102,Outros ativos,56.8378698299986
BCH,2020-02-01,75931,64964706.69000013,855.5755447709122,Outros ativos,64.96470669000013
BCH,2020-03-01,63706,55936739.60000085,878.0450758170479,Outros ativos,55.93673960000085
BCH,2020-04-01,48649,43473179.839999944,893.6089095356522,Outros ativos,43.47317983999994
BCH,2020-05-01,42236,37548951.31000023,889.0271642674551,Outros ativos,37.548951310000234
BCH,2020-06-01,19054,12904153.339999998,677.2411745565234,Outros ativos,12.904153339999999
BCH,2020-07-01,29284,32856428.649999972,1121.9925095615345,Outros ativos,32.85642864999997
BCH,2020-08-01,44894,37626616.47000009,838.1212738896086,Outros ativos,37.62661647000009
BCH,2020-09-01,27986,15988606.839999977,571.3073265204023,Outros ativos,15.988606839999978
BCH,2020-10-01,23931,15965016.469999978,667.1270097363243,Outros ativos,15.965016469999979
BCH,2020-11-01,60979,55994613.930000275,918.2606131619127,Outros ativos,55.99461393000028
BCH,2020-12-01,67877,55976510.90000023,824.6756765914851,Outros ativos,55.97651090000023
BCH,2021-01-01,157763,145803503.14999545,924.1932718698012,Outros ativos,145.80350314999544
BCH,2021-02-01,177554,201622291.06999496,1135.5547668314707,Outros ativos,201.62229106999496
BCH,2021-03-01,106123,100354632.60999815,945.6445125938595,Outros ativos,100.35463260999815
BCH,2021-04-01,229227,286483685.90999466,1249.781596016153,Outros ativos,286.4836859099947
BCH,2021-05-01,235273,359317427.119981,1527.2361347030087,Outros ativos,359.317427119981
BCH,2021-06-01,46635,37538809.75999981,804.9492818698362,Outros ativos,37.538809759999815
BCH,2021-07-01,34212,24465903.140000146,715.126363264356,Outros ativos,24.465903140000147
BCH,2021-08-01,58810,42183286.54999973,717.2808459445627,Outros ativos,42.18328654999973
BCH,2021-09-01,48134,33342211.520000055,692.6956313624477,Outros ativos,33.342211520000056
BCH,2021-10-01,56549,37984720.92999979,671.7133977612299,Outros ativos,37.98472092999979
BCH,2021-11-01,46421,32202890.53000006,693.7138478274932,Outros ativos,32.20289053000006
BCH,2021-12-01,23337,13286944.310000146,569.3510009855656,Outros ativos,13.286944310000147
BCH,2022-01-01,16741,9081970.380000072,542.4986786930334,Outros ativos,9.081970380000072
BCH,2022-02-01,15347,7525020.600000067,490.32518407506785,Outros ativos,7.525020600000067
BCH,2022-03-01,18531,8626637.530000055,465.5246629971429,Outros ativos,8.626637530000055
BCH,2022-04-01,15136,7934351.110000035,524.2039581131102,Outros ativos,7.934351110000035
BCH,2022-05-01,19593,89489422.11999942,4567.418063594111,Outros ativos,89.48942211999942
BCH,2022-06-01,17713,5281372.46000004,298.1636346186439,Outros ativos,5.28137246000004
BCH,2022-07-01,18060,6558225.310000074,363.1353992248103,Outros ativos,6.558225310000074
BCH,2022-08-01,16363,6565608.180000034,401.24721505836544,Outros ativos,6.5656081800000345
BCH,2022-09-01,11546,4715958.930000013,408.44958686991276,Outros ativos,4.715958930000013
BCH,2022-10-01,7628,2896027.9,379.65756423702146,Outros ativos,2.8960279
BCH,2022-11-01,17113,5159405.350000024,301.49040787705394,Outros ativos,5.159405350000024
BCH,2022-12-01,28206,1570826.039999998,55.69120187194207,Outros ativos,1.570826039999998
BCH,2023-01-01,51271,5202300.140000015,101.46671880790339,Outros ativos,5.202300140000014
BCH,2023-02-01,43197,3554750.1899999995,82.29159872213347,Outros ativos,3.5547501899999996
BCH,2023-03-01,40226,5191101.220000011,129.04840700044775,Outros ativos,5.191101220000011
BCH,2023-04-01,31017,2562618.459999999,82.6198039784634,Outros ativos,2.562618459999999
BCH,2023-05-01,30268,2986699.339999959,98.67514668957179,Outros ativos,2.986699339999959
BCH,2023-06-01,73562,20005168.099999096,271.94975802723,Outros ativos,20.005168099999096
BCH,2023-07-01,70300,17704973.910000082,251.84884651493715,Outros ativos,17.70497391000008
BCH,2023-08-01,45713,7222671.280000263,158.0003780106373,Outros ativos,7.222671280000263
BCH,2023-09-01,61123,7123705.300000236,116.54704939221303,Outros ativos,7.123705300000236
BCH,2023-10-01,178115,15884202.180000354,89.17947494596386,Outros ativos,15.884202180000354
BCH,2023-11-01,138504,12654153.819999976,91.36309290706389,Outros ativos,12.654153819999976
BCH,2023-12-01,75552,11869974.3600002,157.10999523507255,Outros ativos,11.869974360000201
BCH,2024-01-01,23616,9253066.940000022,391.8134713753397,Outros ativos,9.253066940000021
BCH,2024-02-01,94672,19574389.48000202,206.76007140444926,Outros ativos,19.57438948000202
BCH,2024-03-01,267209,131754635.08000258,493.0770860263037,Outros ativos,131.75463508000257
BCH,2024-04-01,204229,128716608.14000122,630.256271832116,Outros ativos,128.71660814000123
BCH,2024-05-01,112212,42851973.70000118,381.8840560724448,Outros ativos,42.85197370000118
BCH,2024-06-01,88311,28555917.150001027,323.35628800490343,Outros ativos,28.555917150001026
BCH,2024-07-01,124040,42380828.480000876,341.670658497266,Outros ativos,42.38082848000088
BCH,2024-08-01,104364,31968498.190000735,306.3172951400937,Outros ativos,31.968498190000734
BCH,2024-09-01,85017,24429926.29999998,287.35342696166623,Outros ativos,24.429926299999977
BCH,2024-10-01,116684,38230454.570000656,327.6409325186029,Outros ativos,38.23045457000065
BCH,2024-11-01,280862,171012238.97000223,608.8835049597391,Outros ativos,171.01223897000224
BCH,2024-12-01,283202,171399309.42000458,605.2192760644507,Outros ativos,171.39930942000458
BCH,2025-01-01,151669,68955461.62000069,454.6444007674653,Outros ativos,68.95546162000069
BCH,2025-02-01,81946,34978745.360000364,426.8511624728524,Outros ativos,34.97874536000037
BCH,2025-03-01,148890,84663505.0800021,568.631238363907,Outros ativos,84.6635050800021
BCH,2025-04-01,105862,59806430.33000046,564.947104060007,Outros ativos,59.80643033000046
BCH,2025-05-01,117294,73715492.8300021,628.4677206847929,Outros ativos,73.7154928300021
BCH,2025-06-01,95641,42921703.19000171,448.77932257088185,Outros ativos,42.921703190001715
BCH,2025-07-01,110957,59549484.3800013,536.6897481006273,Outros ativos,59.549484380001296
BCH,2025-08-01,83365,43543258.36000102,522.3206184849879,Outros ativos,43.54325836000102
BCH,2025-09-01,69407,39760705.75000066,572.8630505568698,Outros ativos,39.76070575000066
BCH,2025-10-01,60769,42468759.62000059,698.8556602873273,Outros ativos,42.46875962000059
BCH,2025-11-01,63895,41939284.16000036,656.3781854605269,Outros ativos,41.93928416000036
BCH,2025-12-01,62410,21705826.48000003,347.79404710783575,Outros ativos,21.70582648000003
BCH,2026-01-01,79663,31751513.75000066,398.57291025947626,Outros ativos,31.751513750000658
BCH,2026-02-01,65982,27466785.27000042,416.2769432572583,Outros ativos,27.466785270000422
BCH,2026-03-01,59854,15827187.750000574,264.4299086109629,Outros ativos,15.827187750000574
BCH,2026-04-01,37878,9619493.479999945,253.9599102381315,Outros ativos,9.619493479999944
BCH,2026-05-01,46681,17606587.490000185,377.1681731325418,Outros ativos,17.606587490000184
BCH,2026-06-01,53329,31318727.86000093,587.2738633764168,Outros ativos,31.31872786000093
BNB,2019-08-01,1,100.21,100.21,Outros ativos,0.00010020999999999999
BNB,2019-09-01,18,8131.09,451.7272222222222,Outros ativos,0.00813109
BNB,2019-10-01,10,5161.74,516.174,Outros ativos,0.00516174
BNB,2019-11-01,26,64010.73999999999,2461.951538461538,Outros ativos,0.06401074
BNB,2019-12-01,188,1648.06,8.76627659574468,Outros ativos,0.00164806
BNB,2020-01-01,1976,326976.83999999997,165.47410931174088,Outros ativos,0.32697684
BNB,2020-02-01,3990,1497228.0099999993,375.2451152882204,Outros ativos,1.4972280099999993
BNB,2020-03-01,1139,622838.6299999999,546.829350307287,Outros ativos,0.6228386299999998
BNB,2020-04-01,1210,871098.1699999992,719.9158429752059,Outros ativos,0.8710981699999992
BNB,2020-05-01,1467,829162.1099999994,565.2093456032716,Outros ativos,0.8291621099999994
BNB,2020-06-01,699,323603.14,462.95155937052937,Outros ativos,0.32360314
BNB,2020-07-01,1513,686854.1599999984,453.9683807005938,Outros ativos,0.6868541599999984
BNB,2020-08-01,2496,1433026.8199999959,574.1293349358958,Outros ativos,1.4330268199999958
BNB,2020-09-01,2713,2263305.399999997,834.244526354588,Outros ativos,2.263305399999997
BNB,2020-10-01,4755,1312853.3499999787,276.09954784436985,Outros ativos,1.3128533499999786
BNB,2020-11-01,3096,1118140.8400000052,361.15660206718513,Outros ativos,1.1181408400000052
BNB,2020-12-01,2227,1087823.9300000002,488.4705568028739,Outros ativos,1.08782393
BNB,2021-01-01,5694,2660675.6099999994,467.2770653319282,Outros ativos,2.6606756099999993
BNB,2021-02-01,54577,83884422.21000017,1536.9921800392137,Outros ativos,83.88442221000017
BNB,2021-03-01,26039,44794693.67999978,1720.2923952532656,Outros ativos,44.79469367999978
BNB,2021-04-01,49410,79804877.29999988,1615.1563914187386,Outros ativos,79.80487729999987
BNB,2021-05-01,31642,42747814.39999993,1350.983325959166,Outros ativos,42.74781439999993
BNB,2021-06-01,16758,16668340.819999991,994.6497684687905,Outros ativos,16.66834081999999
BNB,2021-07-01,18853,10345216.230000006,548.7305060202624,Outros ativos,10.345216230000005
BNB,2021-08-01,20126,16992841.209999982,844.3228266918405,Outros ativos,16.992841209999984
BNB,2021-09-01,18878,156810999.68,8306.547286788855,Outros ativos,156.81099968
BNB,2021-10-01,31340,20266777.729999997,646.6744649010848,Outros ativos,20.266777729999998
BNB,2021-11-01,37800,26807162.609999992,709.1841960317458,Outros ativos,26.807162609999992
BNB,2021-12-01,26497,18463581.35999998,696.8178042797291,Outros ativos,18.46358135999998
BNB,2022-01-01,20318,14297808.42999999,703.7015665911995,Outros ativos,14.297808429999991
BNB,2022-02-01,22637,10276278.839999992,453.9593956796392,Outros ativos,10.276278839999993
BNB,2022-03-01,23853,8709107.45,365.1158114283318,Outros ativos,8.70910745
BNB,2022-04-01,21739,9894342.140000025,455.1424692948169,Outros ativos,9.894342140000024
BNB,2022-05-01,28046,9070017.91000003,323.39791449761213,Outros ativos,9.070017910000029
BNB,2022-06-01,36952,13078930.319999773,353.943773544051,Outros ativos,13.078930319999772
BNB,2022-07-01,34915,10308498.439999912,295.2455517685783,Outros ativos,10.308498439999912
BNB,2022-08-01,34887,7831127.780000005,224.4712293977701,Outros ativos,7.8311277800000045
BNB,2022-09-01,43911,6885505.130000006,156.8059285828154,Outros ativos,6.8855051300000065
BNB,2022-10-01,66084,6600482.880000007,99.88019611403679,Outros ativos,6.6004828800000075
BNB,2022-11-01,16705,11773463.790000007,704.7868177192461,Outros ativos,11.773463790000006
BNB,2022-12-01,11193,6223374.910000004,556.0059778432952,Outros ativos,6.223374910000004
BNB,2023-01-01,11736,6934518.649999995,590.8758222563049,Outros ativos,6.934518649999995
BNB,2023-02-01,16503,6470846.689999999,392.10123553293334,Outros ativos,6.470846689999998
BNB,2023-03-01,14437,5363658.770000012,371.52169910646336,Outros ativos,5.363658770000011
BNB,2023-04-01,15302,4417856.760000001,288.71106783427007,Outros ativos,4.41785676
BNB,2023-05-01,11118,5529152.249999999,497.31536697247697,Outros ativos,5.529152249999999
BNB,2023-06-01,8549,4372213.370000002,511.42980114633315,Outros ativos,4.372213370000002
BNB,2023-07-01,10012,3525098.1799999992,352.087313224131,Outros ativos,3.525098179999999
BNB,2023-08-01,10085,19791772.9,1962.4960733763012,Outros ativos,19.791772899999998
BNB,2023-09-01,10866,4859465.280000002,447.2174930977363,Outros ativos,4.859465280000002
BNB,2023-10-01,10539,5621049.679999997,533.3570243856151,Outros ativos,5.621049679999997
BNB,2023-11-01,12564,6905830.550000002,549.652224609997,Outros ativos,6.905830550000002
BNB,2023-12-01,15156,7476585.439999992,493.30861968857164,Outros ativos,7.476585439999992
BNB,2024-01-01,12016,9292410.129999997,773.3363956391476,Outros ativos,9.292410129999997
BNB,2024-02-01,17552,7346089.589999993,418.5329073609841,Outros ativos,7.346089589999993
BNB,2024-03-01,24082,16517215.049999973,685.8738912880979,Outros ativos,16.517215049999972
BNB,2024-04-01,14348,9761599.26,680.345641204349,Outros ativos,9.76159926
BNB,2024-05-01,11442,5837243.739999998,510.15938996678886,Outros ativos,5.837243739999998
BNB,2024-06-01,12810,8686934.040000005,678.1369274004687,Outros ativos,8.686934040000004
BNB,2024-07-01,18953,6587850.359999994,347.58879122038695,Outros ativos,6.587850359999994
BNB,2024-08-01,23810,5868138.479999995,246.45688702225934,Outros ativos,5.8681384799999945
BNB,2024-09-01,18118,4790548.650000002,264.40824870294745,Outros ativos,4.7905486500000025
BNB,2024-10-01,22312,5977036.960000004,267.8844101828614,Outros ativos,5.977036960000004
BNB,2024-11-01,37251,8918930.759999987,239.42795522267824,Outros ativos,8.918930759999986
BNB,2024-12-01,40290,15289404.279999992,379.4838490940678,Outros ativos,15.289404279999992
BNB,2025-01-01,27075,8139877.38,300.6418238227147,Outros ativos,8.13987738
BNB,2025-02-01,26922,32654498.210000087,1212.9298792808888,Outros ativos,32.654498210000085
BNB,2025-03-01,24457,7822302.540000012,319.83900478390694,Outros ativos,7.822302540000012
BNB,2025-04-01,19298,5525586.9600000065,286.3295139392687,Outros ativos,5.525586960000006
BNB,2025-05-01,14421,6216654.01,431.083420705915,Outros ativos,6.21665401
BNB,2025-06-01,15984,4906638.380000001,306.9718706206207,Outros ativos,4.90663838
BNB,2025-07-01,20915,7466392.580000002,356.98745302414545,Outros ativos,7.466392580000002
BNB,2025-08-01,18863,6432965.960000003,341.03620632985223,Outros ativos,6.432965960000002
BNB,2025-09-01,21373,8010759.099999995,374.8074252561641,Outros ativos,8.010759099999994
BNB,2025-10-01,35999,12810714.160000026,355.8630561960062,Outros ativos,12.810714160000026
BNB,2025-11-01,31718,6098174.899999992,192.26227694053824,Outros ativos,6.098174899999992
BNB,2025-12-01,14012,4157603.140000001,296.71732372252364,Outros ativos,4.157603140000001
BNB,2026-01-01,15389,3960822.7199999993,257.38012346481247,Outros ativos,3.9608227199999995
BNB,2026-02-01,16808,3823852.4099999988,227.50192824845305,Outros ativos,3.823852409999999
BNB,2026-03-01,15010,2665562.989999997,177.58580879413705,Outros ativos,2.665562989999997
BNB,2026-04-01,13968,2708726.290000002,193.92370346506314,Outros ativos,2.7087262900000018
BNB,2026-05-01,14064,2551769.590000006,181.4398172639367,Outros ativos,2.551769590000006
BNB,2026-06-01,19762,3624179.6999999876,183.39134196943567,Outros ativos,3.6241796999999876
BRLT,2020-08-01,1,3000000.0,3000000.0,Stablecoins,3.0
BRZ,2019-08-01,58,3835538.4299999997,66129.97293103448,Stablecoins,3.8355384299999997
BRZ,2019-09-01,50,1854402.22,37088.0444,Stablecoins,1.8544022199999999
BRZ,2019-10-01,181,41550173.519999996,229558.9697237569,Stablecoins,41.550173519999994
BRZ,2019-11-01,149,52138654.959999986,349923.8587919462,Stablecoins,52.13865495999998
BRZ,2019-12-01,230,120533411.56000003,524058.3111304349,Stablecoins,120.53341156000003
BRZ,2020-01-01,258,112661452.47999999,436672.29643410846,Stablecoins,112.66145248
BRZ,2020-02-01,156,54899904.94,351922.46756410255,Stablecoins,54.89990494
BRZ,2020-03-01,148,34941946.440000005,236094.23270270275,Stablecoins,34.94194644
BRZ,2020-04-01,51,2704506.98,53029.54862745098,Stablecoins,2.70450698
BRZ,2020-05-01,1387,11251028.3,8111.772386445567,Stablecoins,11.251028300000002
BRZ,2020-06-01,1382,34926638.12999999,25272.531208393622,Stablecoins,34.926638129999986
BRZ,2020-07-01,1277,75136076.69000001,58837.96138606109,Stablecoins,75.13607669000001
BRZ,2020-08-01,10194,115166718.01999995,11297.500296252692,Stablecoins,115.16671801999995
BRZ,2020-09-01,8393,157407914.70999992,18754.6663541046,Stablecoins,157.40791470999991
BRZ,2020-10-01,7772,327521563.09,42141.22016083376,Stablecoins,327.52156309
BRZ,2020-11-01,7145,248875819.7,34832.16510846746,Stablecoins,248.8758197
BRZ,2020-12-01,10247,347504280.3500008,33912.78231189624,Stablecoins,347.5042803500008
BRZ,2021-01-01,12535,220230600.7899999,17569.25415157558,Stablecoins,220.2306007899999
BRZ,2021-02-01,12974,392635430.7899969,30263.251949282945,Stablecoins,392.6354307899969
BRZ,2021-03-01,17124,416595097.9399998,24328.141669002558,Stablecoins,416.59509793999985
BRZ,2021-04-01,26931,946370520.91,35140.56369648361,Stablecoins,946.37052091
BRZ,2021-05-01,59077,1098969646.7300005,18602.326569223227,Stablecoins,1098.9696467300005
BRZ,2021-06-01,37138,892552284.7700038,24033.3966495235,Stablecoins,892.5522847700038
BRZ,2021-07-01,34953,832567076.8499992,23819.61711011928,Stablecoins,832.5670768499992
BRZ,2021-08-01,47754,570361375.7900012,11943.74033149058,Stablecoins,570.3613757900011
BRZ,2021-09-01,51587,807513782.599998,15653.435605869658,Stablecoins,807.513782599998
BRZ,2021-10-01,55071,1068300354.0299971,19398.60097020205,Stablecoins,1068.3003540299972
BRZ,2021-11-01,71839,1000956035.989996,13933.323626303205,Stablecoins,1000.9560359899959
BRZ,2021-12-01,87506,1059696870.2999943,12109.990975475903,Stablecoins,1059.6968702999943
BRZ,2022-01-01,66156,854041808.1900002,12909.514000090698,Stablecoins,854.0418081900002
BRZ,2022-02-01,49379,566477936.1099977,11472.041477348625,Stablecoins,566.4779361099977
BRZ,2022-03-01,55687,1241334242.2499988,22291.27520336881,Stablecoins,1241.3342422499989
BRZ,2022-04-01,37179,725491614.8499997,19513.478438096765,Stablecoins,725.4916148499997
BRZ,2022-05-01,33487,521110079.7099998,15561.563583181527,Stablecoins,521.1100797099998
BRZ,2022-06-01,54595,653950938.1799968,11978.220316512443,Stablecoins,653.9509381799968
BRZ,2022-07-01,93786,1119591325.6200113,11937.723387499322,Stablecoins,1119.5913256200113
BRZ,2022-08-01,415596,557104693.0899999,1340.4958014273475,Stablecoins,557.10469309
BRZ,2022-09-01,549075,624411517.7000006,1137.2062426808736,Stablecoins,624.4115177000007
BRZ,2022-10-01,935747,655889030.3699186,700.9256031490548,Stablecoins,655.8890303699186
BRZ,2022-11-01,959712,447706554.6599988,466.500944720915,Stablecoins,447.7065546599988
BRZ,2022-12-01,1753261,346236623.2,197.4815062902785,Stablecoins,346.2366232
BRZ,2023-01-01,2178776,254547904.20999992,116.83069035550231,Stablecoins,254.54790420999993
BRZ,2023-02-01,1212020,179582600.10000053,148.1680171119293,Stablecoins,179.58260010000052
BRZ,2023-03-01,1330516,274490425.32000035,206.30373879006368,Stablecoins,274.4904253200003
BRZ,2023-04-01,2232983,420746786.6899829,188.4236407934959,Stablecoins,420.7467866899829
BRZ,2023-05-01,1899677,451042872.88999295,237.4313490609156,Stablecoins,451.04287288999296
BRZ,2023-06-01,1911614,448028445.3399941,234.3718163499504,Stablecoins,448.02844533999405
BRZ,2023-07-01,2482482,464780698.89999384,187.2241969528858,Stablecoins,464.7806988999938
BRZ,2023-08-01,2954232,552297070.270006,186.95115017033393,Stablecoins,552.297070270006
BRZ,2023-09-01,2378920,490004897.5200006,205.9778796764921,Stablecoins,490.00489752000055
BRZ,2023-10-01,1707300,535865958.5100067,313.86748580214766,Stablecoins,535.8659585100067
BRZ,2023-11-01,1173363,629219578.4099977,536.2531274720591,Stablecoins,629.2195784099977
BRZ,2023-12-01,835641,572913904.8200015,685.5981274494687,Stablecoins,572.9139048200014
BRZ,2024-01-01,892651,659884617.6100383,739.2414477887083,Stablecoins,659.8846176100383
BRZ,2024-02-01,1219198,849783873.610011,697.0023520461901,Stablecoins,849.783873610011
BRZ,2024-03-01,3838706,1283033555.5100257,334.2359523000787,Stablecoins,1283.0335555100257
BRZ,2024-04-01,3841359,1164573754.7399976,303.1671225574068,Stablecoins,1164.5737547399976
BRZ,2024-05-01,4072879,719812516.0000038,176.73309617103868,Stablecoins,719.8125160000038
BRZ,2024-06-01,4332388,674492271.2700003,155.6860261061568,Stablecoins,674.4922712700003
BRZ,2024-07-01,4029768,655550274.3699988,162.67692690249137,Stablecoins,655.5502743699988
BRZ,2024-08-01,4999130,749133406.7011042,149.85275571971607,Stablecoins,749.1334067011041
BRZ,2024-09-01,4258835,710435513.7999994,166.8145194166948,Stablecoins,710.4355137999994
BRZ,2024-10-01,8062339,927794773.5599988,115.0776187357042,Stablecoins,927.7947735599987
BRZ,2024-11-01,15585053,1262838032.8000035,81.02879295951085,Stablecoins,1262.8380328000035
BRZ,2024-12-01,5437529,1062953844.8899908,195.4847219922856,Stablecoins,1062.9538448899907
BRZ,2025-01-01,1372286,718541662.210002,523.6092638196425,Stablecoins,718.541662210002
BRZ,2025-02-01,277084,419324936.68999964,1513.3495138297399,Stablecoins,419.3249366899996
BRZ,2025-03-01,268971,275968300.4600045,1026.0150739670987,Stablecoins,275.9683004600045
BRZ,2025-04-01,176890,324558234.630001,1834.8026153541807,Stablecoins,324.558234630001
BRZ,2025-05-01,178441,225178375.06999528,1261.920607203475,Stablecoins,225.1783750699953
BRZ,2025-06-01,140522,120926742.59000064,860.5538107200342,Stablecoins,120.92674259000064
BRZ,2025-07-01,213195,175754091.68999824,824.3818649123958,Stablecoins,175.75409168999823
BRZ,2025-08-01,229442,79434009.23000011,346.2051813966062,Stablecoins,79.43400923000011
BRZ,2025-09-01,295043,85609984.12999362,290.16104137360867,Stablecoins,85.60998412999362
BRZ,2025-10-01,275054,77230623.70999305,280.78349600439566,Stablecoins,77.23062370999305
BRZ,2025-11-01,266075,78651979.33998987,295.6007867706093,Stablecoins,78.65197933998986
BRZ,2025-12-01,303881,170589098.72002473,561.368097117045,Stablecoins,170.58909872002474
BRZ,2026-01-01,299494,164880912.67003536,550.5316055414645,Stablecoins,164.88091267003537
BRZ,2026-02-01,285395,468832511.3600504,1642.749562396154,Stablecoins,468.8325113600504
BRZ,2026-03-01,227641,367676419.220042,1615.159040858378,Stablecoins,367.67641922004196
BRZ,2026-04-01,672422,433284537.5100306,644.3640117515944,Stablecoins,433.28453751003065
BRZ,2026-05-01,707636,306382748.8600211,432.96659420948214,Stablecoins,306.38274886002114
BRZ,2026-06-01,541579,399406965.18012786,737.4860642309393,Stablecoins,399.4069651801279
BRZX,2019-11-01,185,12625.779999999992,68.24745945945942,Stablecoins,0.012625779999999991
BRZX,2019-12-01,399,32215.89999999996,80.74160401002497,Stablecoins,0.032215899999999964
BRZX,2020-01-01,388,73346.62999999998,189.03770618556695,Stablecoins,0.07334662999999998
BRZX,2020-02-01,435,32089.960000000006,73.77002298850576,Stablecoins,0.03208996000000001
BRZX,2020-03-01,696,23220.480000000054,33.36275862068973,Stablecoins,0.023220480000000054
BRZX,2020-04-01,758,33321.71000000003,43.96003957783645,Stablecoins,0.033321710000000025
BRZX,2020-05-01,1132,66185.10000000012,58.467402826855235,Stablecoins,0.06618510000000012
BRZX,2020-06-01,5622,500803.1800000015,89.07918534329447,Stablecoins,0.5008031800000015
BRZX,2020-07-01,4328,549113.6899999996,126.8746973197781,Stablecoins,0.5491136899999995
BRZX,2020-08-01,4717,944550.6900000062,200.2439453042201,Stablecoins,0.9445506900000062
BRZX,2020-09-01,1309,138299.53,105.65281130634072,Stablecoins,0.13829953
BRZX,2020-10-01,2745,860302.3700000009,313.4070564663027,Stablecoins,0.860302370000001
BRZX,2020-11-01,2035,581065.609999999,285.53592628992584,Stablecoins,0.581065609999999
BRZX,2020-12-01,1731,481774.39999999927,278.32143269786206,Stablecoins,0.48177439999999927
BRZX,2021-02-01,1945,445940.3400000003,229.27523907455029,Stablecoins,0.4459403400000003
BRZX,2021-03-01,1310,221757.5699999996,169.28058778625925,Stablecoins,0.2217575699999996
BRZX,2021-04-01,1649,356047.6399999999,215.91730745906605,Stablecoins,0.3560476399999999
BRZX,2021-05-01,1983,343550.4500000017,173.24783156833166,Stablecoins,0.3435504500000017
BSV,2019-08-01,72,60528.53,840.6740277777777,Outros ativos,0.06052853
BSV,2019-09-01,70,33557.92999999999,479.3989999999999,Outros ativos,0.03355792999999999
BSV,2019-10-01,1,39.26,39.26,Outros ativos,3.926e-05
BSV,2019-11-01,2,260.19,130.095,Outros ativos,0.00026019
BSV,2019-12-01,1,26.14,26.14,Outros ativos,2.614e-05
BSV,2020-01-01,4,1512.31,378.0775,Outros ativos,0.00151231
BSV,2020-02-01,3,2963.66,987.8866666666667,Outros ativos,0.00296366
BSV,2020-03-01,4091,3243390.029999995,792.8110559765327,Outros ativos,3.243390029999995
BSV,2020-04-01,3205,2610704.390000009,814.5723525741058,Outros ativos,2.610704390000009
BSV,2020-05-01,3226,3061045.6600000053,948.8672225666477,Outros ativos,3.0610456600000053
BSV,2020-06-01,1397,1021219.8200000015,731.0091768074456,Outros ativos,1.0212198200000016
BSV,2020-07-01,2112,1560785.0999999982,739.0080965909083,Outros ativos,1.5607850999999981
BSV,2020-08-01,2470,1781550.689999995,721.2755829959494,Outros ativos,1.781550689999995
BSV,2020-09-01,1493,1261194.6000000008,844.7385130609516,Outros ativos,1.2611946000000007
BSV,2020-10-01,779,435097.52000000014,558.533401797176,Outros ativos,0.4350975200000001
BSV,2020-11-01,1521,995115.2900000005,654.2506837606841,Outros ativos,0.9951152900000005
BSV,2020-12-01,1380,1109592.8599999985,804.0527971014482,Outros ativos,1.1095928599999985
BSV,2021-01-01,7595,6095455.699999994,802.5616458196173,Outros ativos,6.095455699999993
BSV,2021-02-01,9724,7563558.410000004,777.82377725216,Outros ativos,7.563558410000004
BSV,2021-03-01,6618,4993861.060000014,754.5876488365085,Outros ativos,4.993861060000014
BSV,2021-04-01,13634,9989284.40000002,732.674519583396,Outros ativos,9.98928440000002
BSV,2021-05-01,12061,10761572.290000003,892.2620255368546,Outros ativos,10.761572290000004
BSV,2021-06-01,2207,1617697.3200000008,732.984739465338,Outros ativos,1.6176973200000007
BSV,2021-07-01,1416,996165.49,703.5067019774011,Outros ativos,0.99616549
BSV,2021-08-01,2020,898094.0899999993,444.601034653465,Outros ativos,0.8980940899999993
BSV,2021-09-01,1597,828531.2100000005,518.8047651847216,Outros ativos,0.8285312100000005
BSV,2021-10-01,1441,830796.06,576.54133240805,Outros ativos,0.8307960600000001
BSV,2021-11-01,882,583894.5400000004,662.0119501133792,Outros ativos,0.5838945400000004
BSV,2021-12-01,1065,833864.6599999991,782.9715117370883,Outros ativos,0.8338646599999991
BSV,2022-01-01,306,218810.21000000008,715.0660457516342,Outros ativos,0.2188102100000001
BSV,2022-02-01,180,87632.79,486.8488333333333,Outros ativos,0.08763278999999999
BSV,2022-03-01,178,98581.39000000003,553.8280337078653,Outros ativos,0.09858139000000003
BSV,2022-04-01,184,85519.76999999997,464.78135869565205,Outros ativos,0.08551976999999998
BSV,2022-05-01,250,45839.120000000024,183.3564800000001,Outros ativos,0.045839120000000025
BSV,2022-06-01,488,128773.69999999998,263.8805327868852,Outros ativos,0.1287737
BSV,2022-07-01,144,47375.07,328.99354166666666,Outros ativos,0.04737507
BSV,2022-08-01,137,47728.029999999984,348.3797810218977,Outros ativos,0.047728029999999984
BSV,2022-09-01,82,20195.839999999997,246.29073170731704,Outros ativos,0.020195839999999996
BSV,2022-10-01,66,17326.06,262.51606060606065,Outros ativos,0.01732606
BSV,2022-11-01,178,48473.1,272.3207865168539,Outros ativos,0.0484731
BSV,2022-12-01,95,34044.57000000001,358.36389473684216,Outros ativos,0.03404457000000001
BSV,2023-01-01,492,91733.96,186.45113821138213,Outros ativos,0.09173396
BSV,2023-02-01,737,144337.19999999998,195.8442333785617,Outros ativos,0.14433719999999997
BSV,2023-03-01,286,73367.70999999998,256.53045454545446,Outros ativos,0.07336770999999997
BSV,2023-04-01,75,14071.689999999999,187.6225333333333,Outros ativos,0.01407169
BSV,2023-05-01,717,98416.90999999995,137.26207810320773,Outros ativos,0.09841690999999994
BSV,2023-06-01,881,41492.429999999986,47.09696935300793,Outros ativos,0.04149242999999998
BSV,2023-07-01,450,38265.53,85.03451111111112,Outros ativos,0.03826553
BSV,2023-08-01,155,8763.259999999998,56.53716129032257,Outros ativos,0.008763259999999998
BSV,2023-09-01,70,4435.97,63.371,Outros ativos,0.00443597
BSV,2023-10-01,457,49786.15999999999,108.94126914660829,Outros ativos,0.04978615999999999
BSV,2023-11-01,241,40077.16000000001,166.29526970954362,Outros ativos,0.04007716000000001
BSV,2023-12-01,750,162591.74000000008,216.78898666666677,Outros ativos,0.16259174000000007
BSV,2024-01-01,379,540824.25,1426.97691292876,Outros ativos,0.54082425
BSV,2024-02-01,73,165705.32,2269.935890410959,Outros ativos,0.16570532000000002
BSV,2024-03-01,327,72920.67000000004,222.9989908256882,Outros ativos,0.07292067000000005
BSV,2024-04-01,177,164637.37999999998,930.1546892655366,Outros ativos,0.16463737999999997
BSV,2024-05-01,121,12200.090000000011,100.82719008264472,Outros ativos,0.01220009000000001
BSV,2024-06-01,175,25536.610000000004,145.92348571428573,Outros ativos,0.025536610000000005
BSV,2024-07-01,270,55418.95999999998,205.25540740740732,Outros ativos,0.055418959999999975
BSV,2024-08-01,247,73684.37000000001,298.3172874493928,Outros ativos,0.07368437000000001
BSV,2024-09-01,107,16036.65,149.8752336448598,Outros ativos,0.01603665
BSV,2024-10-01,144,21688.60999999999,150.61534722222214,Outros ativos,0.02168860999999999
BSV,2024-11-01,175,47297.69,270.2725142857143,Outros ativos,0.04729769
BSV,2024-12-01,243,161417.75,664.2705761316872,Outros ativos,0.16141775
BSV,2025-01-01,90,18740.34,208.226,Outros ativos,0.01874034
BSV,2025-02-01,64,5635.06,88.0478125,Outros ativos,0.005635060000000001
BSV,2025-03-01,102,19998.76,196.06627450980392,Outros ativos,0.019998759999999997
BSV,2025-04-01,150,33141.65,220.94433333333333,Outros ativos,0.03314165
BSV,2025-05-01,56,11158.650000000001,199.26160714285717,Outros ativos,0.01115865
BSV,2025-06-01,115,18047.379999999997,156.93373913043476,Outros ativos,0.01804738
BSV,2025-07-01,215,34992.94,162.7578604651163,Outros ativos,0.03499294
BSV,2025-08-01,121,19091.590000000004,157.78173553719012,Outros ativos,0.019091590000000006
BSV,2025-09-01,83,9885.290000000003,119.09987951807233,Outros ativos,0.009885290000000003
BSV,2025-10-01,265,28970.170000000013,109.32139622641515,Outros ativos,0.028970170000000014
BSV,2025-11-01,150,22025.170000000002,146.83446666666669,Outros ativos,0.02202517
BSV,2025-12-01,103,12610.400000000005,122.4310679611651,Outros ativos,0.012610400000000004
BSV,2026-01-01,237,38816.16000000001,163.78126582278486,Outros ativos,0.03881616000000001
BSV,2026-02-01,136,18705.66,137.5416176470588,Outros ativos,0.01870566
BSV,2026-03-01,50,12144.520000000002,242.89040000000006,Outros ativos,0.012144520000000002
BSV,2026-04-01,127,13472.740000000005,106.0845669291339,Outros ativos,0.013472740000000006
BSV,2026-05-01,46,4919.4800000000005,106.94521739130435,Outros ativos,0.00491948
BSV,2026-06-01,127,23038.37,181.40448818897636,Outros ativos,0.02303837
BTC,2019-08-01,1042292,3798621044.9700418,3644.4883439286127,Bitcoin,3798.6210449700416
BTC,2019-09-01,680741,4085187085.310005,6001.088645035344,Bitcoin,4085.1870853100054
BTC,2019-10-01,637264,5486079798.659916,8608.802315304043,Bitcoin,5486.079798659916
BTC,2019-11-01,455909,4238625347.729917,9297.08636532711,Bitcoin,4238.625347729917
BTC,2019-12-01,351874,4779770675.530094,13583.75633189748,Bitcoin,4779.770675530094
BTC,2020-01-01,552970,4677529818.680216,8458.921494258668,Bitcoin,4677.529818680216
BTC,2020-02-01,477527,2818004088.4499474,5901.2455598321085,Bitcoin,2818.004088449947
BTC,2020-03-01,712118,3360166290.9599695,4718.552670989878,Bitcoin,3360.1662909599695
BTC,2020-04-01,684786,1904940945.159971,2781.8047465339114,Bitcoin,1904.940945159971
BTC,2020-05-01,962450,2957648145.2400875,3073.0408283444203,Bitcoin,2957.6481452400876
BTC,2020-06-01,536581,2687572122.71997,5008.697890383689,Bitcoin,2687.57212271997
BTC,2020-07-01,591224,3454595912.8799934,5843.125300867342,Bitcoin,3454.5959128799936
BTC,2020-08-01,637279,3434285767.5100346,5388.983110239054,Bitcoin,3434.2857675100345
BTC,2020-09-01,518361,3097097085.2299786,5974.788005328292,Bitcoin,3097.0970852299783
BTC,2020-10-01,509960,2372680702.2699637,4652.680018570013,Bitcoin,2372.6807022699636
BTC,2020-11-01,820407,3358594780.3400483,4093.8153627895035,Bitcoin,3358.594780340048
BTC,2020-12-01,1031276,3813763174.1802673,3698.101356164855,Bitcoin,3813.7631741802675
BTC,2021-01-01,2553676,8228747756.421338,3222.314716675623,Bitcoin,8228.747756421339
BTC,2021-02-01,2082708,7745729718.290613,3719.066579804088,Bitcoin,7745.729718290613
BTC,2021-03-01,1779009,7359879320.990873,4137.066940634293,Bitcoin,7359.879320990874
BTC,2021-04-01,1895620,7632550370.24098,4026.4137170113104,Bitcoin,7632.550370240981
BTC,2021-05-01,1955707,7760015435.660578,3967.8824259771927,Bitcoin,7760.015435660578
BTC,2021-06-01,1303467,4175172073.270261,3203.128328734261,Bitcoin,4175.172073270261
BTC,2021-07-01,1066253,2817060072.290003,2642.0184255425334,Bitcoin,2817.0600722900026
BTC,2021-08-01,1346151,5590902122.98028,4153.2503582289655,Bitcoin,5590.90212298028
BTC,2021-09-01,1280129,3430476977.7002363,2679.790066235697,Bitcoin,3430.476977700236
BTC,2021-10-01,1817097,5176343980.190475,2848.6888593126705,Bitcoin,5176.343980190475
BTC,2021-11-01,1419831,4669862272.900597,3289.0268439698784,Bitcoin,4669.8622729005965
BTC,2021-12-01,2834096,3298050847.0402684,1163.7047040891587,Bitcoin,3298.0508470402683
BTC,2022-01-01,2009468,2295961340.150089,1142.5717354792855,Bitcoin,2295.9613401500887
BTC,2022-02-01,1802177,1990211164.420099,1104.3372345891103,Bitcoin,1990.211164420099
BTC,2022-03-01,1835643,1914763436.3201609,1043.102300567246,Bitcoin,1914.763436320161
BTC,2022-04-01,1678307,1883084327.0700617,1122.0142244953167,Bitcoin,1883.0843270700616
BTC,2022-05-01,1855087,2592462457.000075,1397.4883425952933,Bitcoin,2592.4624570000747
BTC,2022-06-01,2308869,2440157900.7901263,1056.862862635397,Bitcoin,2440.1579007901264
BTC,2022-07-01,3395613,1843716055.4500546,542.9700190952428,Bitcoin,1843.7160554500547
BTC,2022-08-01,2586839,1511095493.0499647,584.1474838789599,Bitcoin,1511.0954930499647
BTC,2022-09-01,2418493,1455390999.9799652,601.775981977192,Bitcoin,1455.3909999799653
BTC,2022-10-01,1813293,1097281092.2999833,605.1317091611688,Bitcoin,1097.2810922999834
BTC,2022-11-01,1892618,1444287214.5399873,763.1160723082985,Bitcoin,1444.2872145399874
BTC,2022-12-01,1025755,986778441.3400071,962.0020778256085,Bitcoin,986.778441340007
BTC,2023-01-01,1978702,1062416696.1193991,536.9260738198067,Bitcoin,1062.4166961193991
BTC,2023-02-01,1628341,1085401592.7500215,666.5689758779159,Bitcoin,1085.4015927500216
BTC,2023-03-01,2247497,1628229958.0500093,724.4636847346222,Bitcoin,1628.2299580500091
BTC,2023-04-01,1672027,1245736885.909971,745.045914874563,Bitcoin,1245.736885909971
BTC,2023-05-01,1454840,998580329.509969,686.384983578929,Bitcoin,998.580329509969
BTC,2023-06-01,1438838,1113628838.960013,773.9779175696033,Bitcoin,1113.628838960013
BTC,2023-07-01,1242621,794898297.1300088,639.6948845464617,Bitcoin,794.8982971300088
BTC,2023-08-01,1481615,1073174687.7500303,724.3276342032378,Bitcoin,1073.1746877500302
BTC,2023-09-01,1146639,733352895.9299386,639.567375547089,Bitcoin,733.3528959299385
BTC,2023-10-01,1675645,1206446218.3098059,719.9891494378618,Bitcoin,1206.4462183098058
BTC,2023-11-01,1567254,1192855129.619985,761.1115553828448,Bitcoin,1192.855129619985
BTC,2023-12-01,1859012,1508364276.230021,811.3795264527722,Bitcoin,1508.364276230021
BTC,2024-01-01,2273787,1936429250.2699878,851.6317712564932,Bitcoin,1936.4292502699877
BTC,2024-02-01,2592650,3252432861.709893,1254.4820402714956,Bitcoin,3252.432861709893
BTC,2024-03-01,4364060,7423800083.169382,1701.122368429715,Bitcoin,7423.800083169382
BTC,2024-04-01,3027925,6230667034.190992,2057.7349287683783,Bitcoin,6230.667034190992
BTC,2024-05-01,2182590,3420632057.8600183,1567.2352837042313,Bitcoin,3420.6320578600184
BTC,2024-06-01,2172471,3388924459.0699267,1559.940021786218,Bitcoin,3388.924459069927
BTC,2024-07-01,2631016,4297734364.470101,1633.4884943573513,Bitcoin,4297.734364470101
BTC,2024-08-01,2389622,5274399079.70904,2207.2106298439835,Bitcoin,5274.39907970904
BTC,2024-09-01,2023339,3118286992.9399123,1541.158942194023,Bitcoin,3118.286992939912
BTC,2024-10-01,2367537,3865265568.2799063,1632.6104167664143,Bitcoin,3865.2655682799063
BTC,2024-11-01,5692329,7355947276.469257,1292.2561707992031,Bitcoin,7355.947276469257
BTC,2024-12-01,6926089,7872842805.030285,1136.6938549346225,Bitcoin,7872.842805030285
BTC,2025-01-01,5032063,5820696457.78988,1156.7216979973978,Bitcoin,5820.69645778988
BTC,2025-02-01,2918041,4101108705.989543,1405.4321738418148,Bitcoin,4101.108705989543
BTC,2025-03-01,3314820,3914617895.410019,1180.9443334509924,Bitcoin,3914.6178954100187
BTC,2025-04-01,2368101,3079897503.7802033,1300.5769195571486,Bitcoin,3079.8975037802034
BTC,2025-05-01,2817458,3743944003.659954,1328.837556286537,Bitcoin,3743.944003659954
BTC,2025-06-01,2229538,3716051732.08047,1666.7362171357788,Bitcoin,3716.05173208047
BTC,2025-07-01,2695750,4527780535.519921,1679.599568031131,Bitcoin,4527.780535519922
BTC,2025-08-01,2752609,3924371549.1106844,1425.6916071663954,Bitcoin,3924.3715491106846
BTC,2025-09-01,2263172,2761195854.129974,1220.0556803150507,Bitcoin,2761.1958541299737
BTC,2025-10-01,2962728,4929596990.5906,1663.87092928902,Bitcoin,4929.5969905906
BTC,2025-11-01,3000956,4921829209.960218,1640.0870955656192,Bitcoin,4921.829209960219
BTC,2025-12-01,2102715,2731966867.230114,1299.2568499440551,Bitcoin,2731.966867230114
BTC,2026-01-01,2385831,2709913655.070257,1135.8363836626556,Bitcoin,2709.9136550702574
BTC,2026-02-01,2386632,3113575334.199946,1304.5896201006044,Bitcoin,3113.5753341999457
BTC,2026-03-01,2191151,2149983517.360083,981.2119371782607,Bitcoin,2149.983517360083
BTC,2026-04-01,1837592,1496636866.5899088,814.4554757475593,Bitcoin,1496.6368665899088
BTC,2026-05-01,1773085,1362370579.7202308,768.3616858301947,Bitcoin,1362.3705797202308
BTC,2026-06-01,2014068,2386411374.0500236,1184.871302284741,Bitcoin,2386.4113740500234
BTG,2019-08-01,8202,19355.580000000056,2.3598610095098826,Outros ativos,0.019355580000000056
BTG,2019-09-01,5791,9786.230000000027,1.6899032982213826,Outros ativos,0.009786230000000028
BTG,2019-10-01,3,5.65,1.8833333333333335,Outros ativos,5.65e-06
BTG,2019-11-01,6,11.01,1.835,Outros ativos,1.101e-05
BTG,2020-05-01,2,802.89,401.445,Outros ativos,0.00080289
BTG,2021-05-01,1,10.71,10.71,Outros ativos,1.071e-05
BTG,2022-02-01,26,1694.9700000000003,65.19115384615385,Outros ativos,0.0016949700000000003
BTG,2022-03-01,27,1625.4899999999998,60.203333333333326,Outros ativos,0.0016254899999999998
BTG,2022-04-01,9,332.72,36.96888888888889,Outros ativos,0.00033272000000000005
BTG,2022-05-01,13,558.59,42.96846153846154,Outros ativos,0.0005585900000000001
BTG,2022-06-01,5,177.83,35.566,Outros ativos,0.00017783000000000002
BTG,2022-07-01,4,176.15,44.0375,Outros ativos,0.00017615
BTG,2022-08-01,3,195.48000000000002,65.16000000000001,Outros ativos,0.00019548000000000002
BTG,2023-04-01,2261,46273915.670000054,20466.128115877953,Outros ativos,46.27391567000005
BTG,2023-05-01,1671,7643210.499999962,4574.033812088547,Outros ativos,7.643210499999962
BTG,2023-06-01,3704,45247251.28999973,12215.78058585306,Outros ativos,45.24725128999973
BTG,2023-07-01,1233,10392877.249999963,8428.935320356823,Outros ativos,10.392877249999962
BTG,2023-08-01,1019,14931706.759999987,14653.29417075563,Outros ativos,14.931706759999987
BTG,2023-09-01,570,5990234.22,10509.182842105263,Outros ativos,5.99023422
BTG,2023-10-01,605,3730826.8399999966,6166.655933884292,Outros ativos,3.7308268399999966
BTG,2023-11-01,1780,30851624.17999999,17332.373134831454,Outros ativos,30.851624179999988
BTG,2023-12-01,1778,88658836.59000011,49864.362536557994,Outros ativos,88.6588365900001
BTG,2024-01-01,1468,29711569.470000017,20239.488739782028,Outros ativos,29.71156947000002
BTG,2024-02-01,1626,59611868.20000004,36661.66555965562,Outros ativos,59.61186820000004
BTG,2024-03-01,2062,10485785.639999978,5085.2500678952365,Outros ativos,10.485785639999978
BTG,2024-04-01,1559,18304493.449999966,11741.176042334808,Outros ativos,18.304493449999967
BTG,2024-05-01,1042,4631644.059999986,4444.95591170824,Outros ativos,4.631644059999986
BTG,2024-06-01,951,5513592.220000003,5797.678464773926,Outros ativos,5.513592220000003
BTG,2024-07-01,956,6710853.039999985,7019.72075313806,Outros ativos,6.710853039999985
BTG,2024-08-01,805,107303438.46999982,133296.19685714264,Outros ativos,107.30343846999982
BTG,2024-09-01,584,52358163.27999997,89654.38917808214,Outros ativos,52.35816327999997
BTG,2024-10-01,772,23533916.559999976,30484.347875647636,Outros ativos,23.533916559999977
BTG,2024-11-01,1652,24121977.239999916,14601.681138014477,Outros ativos,24.121977239999918
BTG,2024-12-01,896,10818213.55999997,12073.899062499968,Outros ativos,10.81821355999997
BTG,2025-01-01,2734,24664207.189999886,9021.290120702226,Outros ativos,24.664207189999885
BTG,2025-02-01,1890,9874908.229999984,5224.819169312161,Outros ativos,9.874908229999983
BTG,2025-03-01,1102,3793942.8400000036,3442.7793466424714,Outros ativos,3.7939428400000037
BTG,2025-04-01,1000,5105698.209999999,5105.698209999999,Outros ativos,5.105698209999999
BTG,2025-05-01,1081,3790592.410000002,3506.560971322851,Outros ativos,3.790592410000002
BTG,2025-06-01,928,3381583.509999999,3643.947747844826,Outros ativos,3.3815835099999987
BTG,2025-07-01,1755,24019535.959999964,13686.345276353255,Outros ativos,24.019535959999963
BTG,2025-08-01,1561,6828068.8699999945,4374.163273542597,Outros ativos,6.828068869999995
BTG,2025-09-01,1693,3677494.959999999,2172.176585942114,Outros ativos,3.677494959999999
BTG,2025-10-01,1434,9011943.459999973,6284.479400278921,Outros ativos,9.011943459999973
BTG,2025-11-01,1048,4882013.569999996,4658.409895038164,Outros ativos,4.882013569999995
BTG,2025-12-01,951,3970134.870000004,4174.6949211356505,Outros ativos,3.970134870000004
BTG,2026-01-01,1323,4819899.550000003,3643.1591458805765,Outros ativos,4.819899550000002
BTG,2026-02-01,788,14449964.779999949,18337.518756345115,Outros ativos,14.449964779999949
BTG,2026-03-01,748,21609310.719999988,28889.452834224583,Outros ativos,21.60931071999999
BTG,2026-04-01,1485,7142072.499999973,4809.476430976413,Outros ativos,7.142072499999973
BTG,2026-05-01,932,2282411.580000002,2448.9394635193153,Outros ativos,2.282411580000002
BTG,2026-06-01,665,3109843.589999997,4676.456526315785,Outros ativos,3.109843589999997
BTT,2019-08-01,479,84097.38000000003,175.56864300626313,Outros ativos,0.08409738000000003
BTT,2019-09-01,653,165321.20000000027,253.1718223583465,Outros ativos,0.16532120000000028
BTT,2019-10-01,825,123075.58,149.1825212121212,Outros ativos,0.12307558
BTT,2019-11-01,854,132092.9200000002,154.67555035128828,Outros ativos,0.1320929200000002
BTT,2019-12-01,673,119355.55000000012,177.34851411589915,Outros ativos,0.11935555000000012
BTT,2020-01-01,1381,743607.1400000002,538.4555684286751,Outros ativos,0.7436071400000003
BTT,2020-02-01,1533,749913.34,489.1802609262883,Outros ativos,0.74991334
BTT,2020-03-01,940,358769.06000000023,381.6692127659577,Outros ativos,0.35876906000000025
BTT,2020-04-01,1349,522753.2799999994,387.51169755374303,Outros ativos,0.5227532799999994
BTT,2020-05-01,2505,1011558.7799999992,403.81588023952065,Outros ativos,1.0115587799999992
BTT,2020-06-01,1695,437220.03999999893,257.9469262536867,Outros ativos,0.4372200399999989
BTT,2020-07-01,3419,1382339.8699999917,404.3111640830628,Outros ativos,1.3823398699999918
BTT,2020-08-01,4787,2109308.710000001,440.63269479841256,Outros ativos,2.109308710000001
BTT,2020-09-01,2530,1055438.520000001,417.1693754940715,Outros ativos,1.055438520000001
BTT,2020-10-01,2280,961994.6499999993,421.92747807017514,Outros ativos,0.9619946499999993
BTT,2020-11-01,2234,760980.9100000001,340.63603849597143,Outros ativos,0.7609809100000001
BTT,2020-12-01,2422,716578.01,295.8621015689513,Outros ativos,0.71657801
BTT,2021-01-01,10206,3634576.5699999942,356.1215530080339,Outros ativos,3.6345765699999943
BTT,2021-02-01,63606,53689154.38000028,844.0894629437519,Outros ativos,53.689154380000275
BTT,2021-03-01,82734,108019390.99999945,1305.622730679037,Outros ativos,108.01939099999944
BTT,2021-04-01,180283,284350723.21999764,1577.2464581796266,Outros ativos,284.35072321999763
BTT,2021-05-01,94873,93513635.27000017,985.6717429616454,Outros ativos,93.51363527000018
BTT,2021-06-01,30347,23717714.509999886,781.5505489834213,Outros ativos,23.717714509999887
BTT,2021-07-01,16744,13356539.000000004,797.691053511706,Outros ativos,13.356539000000003
BTT,2021-08-01,37367,42538000.35999957,1138.3841453688967,Outros ativos,42.538000359999565
BTT,2021-09-01,18794,15957916.660000028,849.0963424497195,Outros ativos,15.957916660000029
BTT,2021-10-01,20584,15785605.879999982,766.8871881072669,Outros ativos,15.785605879999983
BTT,2021-11-01,12063,8890508.949999966,737.0064619083118,Outros ativos,8.890508949999965
BTT,2021-12-01,13299,10328807.079999963,776.6604316113966,Outros ativos,10.328807079999963
BTT,2022-01-01,3080,1579873.0500000014,512.9457954545459,Outros ativos,1.5798730500000013
BTT,2022-11-01,1,0.01,0.01,Outros ativos,1e-08
BTT,2023-11-01,1,0.01,0.01,Outros ativos,1e-08
BTT,2024-01-01,9003,703570.9,78.14849494612908,Outros ativos,0.7035709
BTT,2024-02-01,16272,1098699.4299999645,67.5208597590932,Outros ativos,1.0986994299999646
BTT,2024-03-01,35382,4745309.789999966,134.11649397998886,Outros ativos,4.745309789999966
BTT,2024-04-01,16316,1319989.3399999775,80.90152856092041,Outros ativos,1.3199893399999776
BTT,2024-05-01,13650,997953.5899999727,73.11015311355112,Outros ativos,0.9979535899999727
BTT,2024-06-01,10813,653647.7899999968,60.45017941366844,Outros ativos,0.6536477899999967
BTT,2024-07-01,8630,405603.449999999,46.99924101969861,Outros ativos,0.40560344999999903
BTT,2024-08-01,6770,355207.7099999972,52.467903988182755,Outros ativos,0.35520770999999723
BTT,2024-09-01,5900,363581.5399999967,61.62398983050792,Outros ativos,0.3635815399999967
BTT,2024-10-01,5997,258163.08000000083,43.04870435217622,Outros ativos,0.2581630800000008
BTT,2024-11-01,18935,1813037.5999999666,95.75059941906346,Outros ativos,1.8130375999999666
BTT,2024-12-01,21178,3176939.039999955,150.0112871848123,Outros ativos,3.176939039999955
BTT,2025-01-01,11827,614640.2199999958,51.969241565908156,Outros ativos,0.6146402199999957
BTT,2025-02-01,4015,251921.8900000005,62.745178082191906,Outros ativos,0.2519218900000005
BTT,2025-03-01,3233,141870.95000000042,43.882137333745874,Outros ativos,0.1418709500000004
BTT,2025-04-01,3162,297839.63000000035,94.19343137254913,Outros ativos,0.29783963000000035
BTT,2025-05-01,3615,242670.37000000014,67.1287330567082,Outros ativos,0.24267037000000014
BTT,2025-06-01,3366,306443.2899999999,91.04078728461079,Outros ativos,0.3064432899999999
BTT,2025-07-01,4350,326687.0199999996,75.100464367816,Outros ativos,0.3266870199999996
BTT,2025-08-01,2722,279865.5100000007,102.81613152094074,Outros ativos,0.2798655100000007
BTT,2025-09-01,1926,458265.8799999987,237.93659397715408,Outros ativos,0.45826587999999874
BTT,2025-10-01,2070,362186.06999999913,174.96911594202857,Outros ativos,0.36218606999999914
BTT,2025-11-01,2900,1603818.3200000012,553.0408000000004,Outros ativos,1.6038183200000011
BTT,2025-12-01,3339,1196149.7499999844,358.2359239293155,Outros ativos,1.1961497499999845
BTT,2026-01-01,3071,823875.2899999921,268.27590035818696,Outros ativos,0.8238752899999922
BTT,2026-02-01,4401,2359598.190000005,536.1504635310168,Outros ativos,2.359598190000005
BTT,2026-03-01,41117,52811785.26000815,1284.4270073207713,Outros ativos,52.81178526000815
BTT,2026-04-01,5500,3633017.3800000027,660.548614545455,Outros ativos,3.6330173800000027
BTT,2026-05-01,898,151767.2900000001,169.005890868597,Outros ativos,0.15176729000000008
BTT,2026-06-01,700,119752.07000000018,171.07438571428597,Outros ativos,0.11975207000000018
BUSD,2020-03-01,6,150188.8,25031.466666666664,Stablecoins,0.15018879999999998
BUSD,2020-06-01,1,100.0,100.0,Stablecoins,0.0001
BUSD,2020-08-01,2,0.37,0.185,Stablecoins,3.7e-07
BUSD,2020-09-01,1,10062.0,10062.0,Stablecoins,0.010062
BUSD,2020-11-01,17,2204552.62,129679.56588235295,Stablecoins,2.2045526200000003
BUSD,2020-12-01,923,70709075.87999998,76607.88286023833,Stablecoins,70.70907587999999
BUSD,2021-01-01,645,69787926.92000005,108198.33631007759,Stablecoins,69.78792692000005
BUSD,2021-02-01,1883,105120760.75000003,55826.213887413716,Stablecoins,105.12076075000003
BUSD,2021-03-01,1010,182342265.57,180536.8966039604,Stablecoins,182.34226557
BUSD,2021-04-01,838,509280228.87,607732.9700119331,Stablecoins,509.28022887000003
BUSD,2021-05-01,2986,797938336.9500003,267226.50266242475,Stablecoins,797.9383369500002
BUSD,2021-06-01,1549,274936038.71,177492.60084570688,Stablecoins,274.93603871
BUSD,2021-07-01,2022,28155737.110000003,13924.696889218598,Stablecoins,28.155737110000004
BUSD,2021-08-01,4915,46870971.839999996,9536.311666327569,Stablecoins,46.870971839999996
BUSD,2021-09-01,4257,98829103.44999999,23215.669121447027,Stablecoins,98.82910344999999
BUSD,2021-10-01,4637,29167051.799999997,6290.069398317877,Stablecoins,29.167051799999996
BUSD,2021-11-01,6317,59665441.61999995,9445.217923064738,Stablecoins,59.66544161999995
BUSD,2021-12-01,5815,101652242.22000001,17481.039074806537,Stablecoins,101.65224222000002
BUSD,2022-01-01,4162,49439738.40999999,11878.841520903408,Stablecoins,49.43973840999999
BUSD,2022-02-01,4147,19988238.71,4819.927347480107,Stablecoins,19.98823871
BUSD,2022-03-01,3862,43783182.08,11336.91923355774,Stablecoins,43.783182079999996
BUSD,2022-04-01,4865,52039740.279999994,10696.760591983555,Stablecoins,52.03974028
BUSD,2022-05-01,5633,63929192.029999994,11349.04882478253,Stablecoins,63.929192029999996
BUSD,2022-06-01,9518,49424805.55,5192.772173776003,Stablecoins,49.424805549999995
BUSD,2022-07-01,9973,59908867.95000001,6007.105981149103,Stablecoins,59.90886795000001
BUSD,2022-08-01,6732,24529732.25,3643.75107694593,Stablecoins,24.52973225
BUSD,2022-09-01,6838,37998901.42999998,5557.01980549868,Stablecoins,37.998901429999975
BUSD,2022-10-01,4437,34551122.08999998,7787.0457719179585,Stablecoins,34.55112208999998
BUSD,2022-11-01,8518,28446033.56999999,3339.520259450574,Stablecoins,28.44603356999999
BUSD,2022-12-01,7893,31757135.130000014,4023.4556100342093,Stablecoins,31.757135130000012
BUSD,2023-01-01,8583,28775226.400000006,3352.5837585925674,Stablecoins,28.775226400000005
BUSD,2023-02-01,8520,45073826.92999999,5290.355273474178,Stablecoins,45.073826929999996
BUSD,2023-03-01,5395,18759589.590000004,3477.2177182576465,Stablecoins,18.759589590000004
BUSD,2023-04-01,6640,24079544.220000003,3626.437382530121,Stablecoins,24.079544220000002
BUSD,2023-05-01,8434,32393468.340000022,3840.8191059995283,Stablecoins,32.39346834000002
BUSD,2023-06-01,7291,40364172.690000005,5536.164132492114,Stablecoins,40.364172690000004
BUSD,2023-07-01,4828,17678647.120000023,3661.6916155758126,Stablecoins,17.678647120000022
BUSD,2023-08-01,3715,19488837.349999975,5245.985827725431,Stablecoins,19.488837349999976
BUSD,2023-09-01,5081,5249264.780000031,1033.1164691989827,Stablecoins,5.249264780000031
BUSD,2023-10-01,7758,7231841.6000000145,932.1786027326649,Stablecoins,7.231841600000014
BUSD,2023-11-01,545,406264.55999999994,745.4395596330274,Stablecoins,0.40626455999999994
BUSD,2023-12-01,287,247296.18,861.6591637630662,Stablecoins,0.24729618
BUSD,2024-01-01,22,660708.69,30032.21318181818,Stablecoins,0.66070869
BUSD,2024-02-01,16,595402.19,37212.636875,Stablecoins,0.5954021899999999
BUSD,2024-03-01,28,25990600.99,928235.7496428571,Stablecoins,25.990600989999997
BUSD,2024-04-01,45,133022303.86000001,2956051.196888889,Stablecoins,133.02230386000002
BUSD,2024-05-01,100,228699464.25,2286994.6425,Stablecoins,228.69946425
BUSD,2024-06-01,227,214346789.31000003,944258.9837444936,Stablecoins,214.34678931000002
BUSD,2024-07-01,455,413796101.05000013,909441.9803296706,Stablecoins,413.7961010500001
BUSD,2024-08-01,514,342166903.9500001,665694.3656614788,Stablecoins,342.1669039500001
BUSD,2024-09-01,539,449473941.31999993,833903.4161781075,Stablecoins,449.47394131999994
BUSD,2024-10-01,590,596673897.2999998,1011311.6903389827,Stablecoins,596.6738972999998
BUSD,2024-11-01,2582,700671236.9699999,271367.63631680864,Stablecoins,700.6712369699999
BUSD,2024-12-01,532,646713709.6599998,1215627.2737969921,Stablecoins,646.7137096599998
BUSD,2025-01-01,776,658523799.69,848613.1439304125,Stablecoins,658.52379969
BUSD,2025-02-01,362,275940426.52,762266.3716022099,Stablecoins,275.94042651999996
BUSD,2025-03-01,21,33107614.979999997,1576553.0942857142,Stablecoins,33.107614979999994
BUSD,2025-04-01,76,243655281.32,3205990.5436842106,Stablecoins,243.65528132
BUSD,2025-05-01,35,508912574.91999996,14540359.28342857,Stablecoins,508.91257491999994
BUSD,2025-06-01,14,728532.1,52038.00714285714,Stablecoins,0.7285321
BUSD,2025-07-01,9,940323.84,104480.42666666667,Stablecoins,0.94032384
BUSD,2025-08-01,6,653727.75,108954.625,Stablecoins,0.65372775
BUSD,2025-09-01,5,49109.57,9821.914,Stablecoins,0.04910957
BUSD,2025-10-01,12,1560376.1199999999,130031.34333333332,Stablecoins,1.56037612
BUSD,2025-11-01,4,113547.69,28386.9225,Stablecoins,0.11354769
BUSD,2025-12-01,3,33065.01,11021.67,Stablecoins,0.03306501
BUSD,2026-01-01,2,41585.5,20792.75,Stablecoins,0.0415855
BUSD,2026-02-01,2,15806.18,7903.09,Stablecoins,0.01580618
BUSD,2026-03-01,2,14637.79,7318.895,Stablecoins,0.014637790000000001
BUSD,2026-05-01,5,35582.020000000004,7116.404,Stablecoins,0.035582020000000006
BUSD,2026-06-01,7,6904.16,986.3085714285714,Stablecoins,0.0069041599999999995
CBRL,2019-12-01,13,1305.02,100.38615384615385,Stablecoins,0.00130502
CBRL,2020-01-01,10,1009.0,100.9,Stablecoins,0.001009
CBRL,2020-02-01,49,40423.420000000006,824.9677551020409,Stablecoins,0.04042342000000001
CBRL,2020-03-01,40,63838.48,1595.962,Stablecoins,0.06383848
CBRL,2020-04-01,320,433273.04,1353.97825,Stablecoins,0.43327304
CBRL,2020-05-01,3797,2415956.7199999983,636.2804108506712,Stablecoins,2.4159567199999983
CBRL,2020-06-01,3130,1667454.9800000018,532.7332204472849,Stablecoins,1.6674549800000018
CBRL,2020-07-01,6887,5005166.979999999,726.755768839843,Stablecoins,5.0051669799999985
CBRL,2020-08-01,14029,76477097.41000013,5451.357716872202,Stablecoins,76.47709741000013
CBRL,2020-09-01,6390,112642115.34999996,17627.87407668231,Stablecoins,112.64211534999997
CBRL,2020-10-01,8141,6124671.0900000185,752.324172706058,Stablecoins,6.124671090000018
CBRL,2020-11-01,11383,27849633.209999986,2446.598718264077,Stablecoins,27.849633209999986
CBRL,2020-12-01,8947,9005709.23999998,1006.5618911366915,Stablecoins,9.00570923999998
CBRL,2021-01-01,22819,16043443.82000018,703.0739217318979,Stablecoins,16.043443820000178
CBRL,2021-02-01,9674,15901168.859999975,1643.7015567500491,Stablecoins,15.901168859999975
CBRL,2021-03-01,13932,21392651.909999974,1535.5047308354847,Stablecoins,21.392651909999973
CBRL,2021-04-01,10380,15936157.63999999,1535.275302504816,Stablecoins,15.936157639999989
CBRL,2021-05-01,9447,12626430.159999989,1336.5544786704763,Stablecoins,12.62643015999999
CBRL,2021-06-01,14115,7221874.929999843,511.64540772227014,Stablecoins,7.221874929999843
CBRL,2021-07-01,7375,6171239.020000001,836.77817220339,Stablecoins,6.171239020000002
CBRL,2021-08-01,11206,12262211.289999947,1094.2540862038147,Stablecoins,12.262211289999946
CBRL,2021-09-01,7575,7196893.43,950.0849412541254,Stablecoins,7.196893429999999
CBRL,2021-10-01,5196,6755744.060000002,1300.1816897613553,Stablecoins,6.755744060000002
CBRL,2021-11-01,4253,6473493.0799999945,1522.1004185280965,Stablecoins,6.473493079999995
CBRL,2021-12-01,2113,2338989.6800000016,1106.9520492191205,Stablecoins,2.3389896800000014
CBRL,2022-01-01,1539,3707194.4000000004,2408.8332683560757,Stablecoins,3.7071944000000006
CBRL,2022-02-01,1171,1204863.9099999995,1028.918795900939,Stablecoins,1.2048639099999994
CBRL,2022-03-01,1100,1185248.0899999999,1077.4982636363634,Stablecoins,1.1852480899999998
CBRL,2022-04-01,1046,1126174.6300000004,1076.6487858508608,Stablecoins,1.1261746300000004
CBRL,2022-05-01,942,971439.5200000006,1031.2521443736737,Stablecoins,0.9714395200000006
CBRL,2022-06-01,635,632851.2799999999,996.6161889763778,Stablecoins,0.6328512799999999
CBRL,2022-07-01,106,110038.81999999996,1038.1020754716978,Stablecoins,0.11003881999999997
CBRL,2022-08-01,1,33117.22,33117.22,Stablecoins,0.03311722
CBRL,2022-10-01,4,240409.74,60102.435,Stablecoins,0.24040973999999998
CBRL,2023-06-01,1,530.0,530.0,Stablecoins,0.00053
CBRL,2023-08-01,1,30000.0,30000.0,Stablecoins,0.03
CHZ,2019-11-01,4,1353.1799999999998,338.29499999999996,Outros ativos,0.0013531799999999998
CHZ,2020-06-01,1,5066.35,5066.35,Outros ativos,0.005066350000000001
CHZ,2020-07-01,22123,9472376.100000039,428.16869773539025,Outros ativos,9.472376100000039
CHZ,2020-08-01,39503,20672908.650000494,523.3250297445888,Outros ativos,20.672908650000494
CHZ,2020-09-01,18868,7031757.880000019,372.68167691329336,Outros ativos,7.031757880000019
CHZ,2020-10-01,11173,3286101.0399999893,294.11089590978156,Outros ativos,3.2861010399999895
CHZ,2020-11-01,25106,9229272.360000156,367.6122185931712,Outros ativos,9.229272360000156
CHZ,2020-12-01,91911,56948108.38000038,619.6005742511819,Outros ativos,56.948108380000384
CHZ,2021-01-01,96102,49828000.069999315,518.49077095169,Outros ativos,49.82800006999931
CHZ,2021-02-01,178585,229037776.80999044,1282.5140790659375,Outros ativos,229.03777680999045
CHZ,2021-03-01,1093514,2695210256.5208993,2464.7240515630338,Outros ativos,2695.2102565208993
CHZ,2021-04-01,534200,1009498785.3401626,1889.7393959943142,Outros ativos,1009.4987853401626
CHZ,2021-05-01,397802,1006175677.0800177,2529.3379044851904,Outros ativos,1006.1756770800176
CHZ,2021-06-01,242192,729986892.1099887,3014.0834218718564,Outros ativos,729.9868921099887
CHZ,2021-07-01,148831,806993212.5400014,5422.211854653946,Outros ativos,806.9932125400014
CHZ,2021-08-01,202897,404626450.95999956,1994.2456071799957,Outros ativos,404.62645095999954
CHZ,2021-09-01,137749,164077124.55999506,1191.1311483930558,Outros ativos,164.07712455999504
CHZ,2021-10-01,170869,259535618.0799987,1518.915766347311,Outros ativos,259.5356180799987
CHZ,2021-11-01,191849,351470056.8699926,1832.0140155538606,Outros ativos,351.4700568699926
CHZ,2021-12-01,73145,81703903.07999922,1117.0128249367588,Outros ativos,81.70390307999922
CHZ,2022-01-01,51346,51618521.73999946,1005.3075554083952,Outros ativos,51.61852173999946
CHZ,2022-02-01,41836,30833742.219999928,737.0145860024842,Outros ativos,30.833742219999927
CHZ,2022-03-01,50425,50696307.89999981,1005.3804243926586,Outros ativos,50.69630789999981
CHZ,2022-04-01,34211,25905679.940000176,757.2324673350728,Outros ativos,25.905679940000176
CHZ,2022-05-01,40403,67170931.25000021,1662.5233584139844,Outros ativos,67.17093125000021
CHZ,2022-06-01,24447,18640167.46000009,762.4725921380983,Outros ativos,18.64016746000009
CHZ,2022-07-01,21347,13769212.720000053,645.0186311893967,Outros ativos,13.769212720000052
CHZ,2022-08-01,49421,44512941.02000026,900.6887966653903,Outros ativos,44.512941020000255
CHZ,2022-09-01,39459,40629541.06999993,1029.6647423908344,Outros ativos,40.62954106999993
CHZ,2022-10-01,35514,29375657.360000085,827.1571031142672,Outros ativos,29.375657360000083
CHZ,2022-11-01,96110,94215455.25000194,980.2877458121104,Outros ativos,94.21545525000194
CHZ,2022-12-01,31231,19115650.520000044,612.0729569978561,Outros ativos,19.115650520000045
CHZ,2023-01-01,29906,15829934.310000092,529.3230224704104,Outros ativos,15.829934310000091
CHZ,2023-02-01,28243,16273593.920000143,576.1991969691655,Outros ativos,16.273593920000142
CHZ,2023-03-01,21445,11955436.53,557.4929601305665,Outros ativos,11.95543653
CHZ,2023-04-01,16323,10186196.529999988,624.0394860013471,Outros ativos,10.186196529999988
CHZ,2023-05-01,27333,6129510.759999993,224.25312845278577,Outros ativos,6.129510759999993
CHZ,2023-06-01,20335,5381564.440000036,264.6454113597264,Outros ativos,5.3815644400000355
CHZ,2023-07-01,12524,3968193.999999998,316.84717342702,Outros ativos,3.9681939999999982
CHZ,2023-08-01,11512,3170426.100000008,275.40185024322517,Outros ativos,3.170426100000008
CHZ,2023-09-01,8049,2018621.4199999983,250.79157907814613,Outros ativos,2.0186214199999983
CHZ,2023-10-01,12049,4664501.8900000015,387.12771931280616,Outros ativos,4.664501890000001
CHZ,2023-11-01,15642,6767988.940000047,432.68053573712103,Outros ativos,6.767988940000047
CHZ,2023-12-01,15958,5594003.290000023,350.5453872665762,Outros ativos,5.594003290000023
CHZ,2024-01-01,23823,10335064.549999978,433.82716492465175,Outros ativos,10.335064549999979
CHZ,2024-02-01,18670,10137664.489999954,542.9922062131737,Outros ativos,10.137664489999954
CHZ,2024-03-01,40543,17020802.439999994,419.82099104654304,Outros ativos,17.020802439999994
CHZ,2024-04-01,22996,10621559.80000003,461.88727604800965,Outros ativos,10.62155980000003
CHZ,2024-05-01,17934,10658083.97999999,594.2948578119766,Outros ativos,10.65808397999999
CHZ,2024-06-01,18027,9555153.190000027,530.0467737282979,Outros ativos,9.555153190000027
CHZ,2024-07-01,12610,6391413.880000013,506.8528057097552,Outros ativos,6.391413880000013
CHZ,2024-08-01,11206,5686299.440000024,507.4334677851172,Outros ativos,5.686299440000024
CHZ,2024-09-01,8764,3507624.090000013,400.23095504336067,Outros ativos,3.507624090000013
CHZ,2024-10-01,14681,9725757.33000001,662.4724017437511,Outros ativos,9.72575733000001
CHZ,2024-11-01,26912,15492244.880000008,575.663082639715,Outros ativos,15.492244880000008
CHZ,2024-12-01,49500,27943829.500000194,564.521808080812,Outros ativos,27.943829500000195
CHZ,2025-01-01,42062,13465265.39000028,320.1289855451543,Outros ativos,13.46526539000028
CHZ,2025-02-01,24839,9761928.29000002,393.00810378839805,Outros ativos,9.76192829000002
CHZ,2025-03-01,20668,6887851.459999958,333.26163441068115,Outros ativos,6.887851459999958
CHZ,2025-04-01,19308,5276992.089999991,273.305991816863,Outros ativos,5.2769920899999905
CHZ,2025-05-01,23920,8110025.440000038,339.04788628762697,Outros ativos,8.110025440000038
CHZ,2025-06-01,16911,6695717.7900000345,395.93860741529386,Outros ativos,6.695717790000034
CHZ,2025-07-01,25580,11984665.070000554,468.51700820956034,Outros ativos,11.984665070000554
CHZ,2025-08-01,21867,8480823.070000136,387.83660630173944,Outros ativos,8.480823070000136
CHZ,2025-09-01,16667,7510901.750000214,450.6450920981709,Outros ativos,7.510901750000214
CHZ,2025-10-01,21018,12958775.090000505,616.5560514797081,Outros ativos,12.958775090000504
CHZ,2025-11-01,14462,9619654.560000094,665.1676503941428,Outros ativos,9.619654560000093
CHZ,2025-12-01,15790,7709469.410000147,488.2501209626439,Outros ativos,7.709469410000147
CHZ,2026-01-01,22946,11747636.420000382,511.9688146082272,Outros ativos,11.747636420000381
CHZ,2026-02-01,22361,5373232.6800000705,240.29482939045974,Outros ativos,5.37323268000007
CHZ,2026-03-01,20055,4563518.940000054,227.55018399401916,Outros ativos,4.563518940000055
CHZ,2026-04-01,34068,5829942.290000181,171.12663760714398,Outros ativos,5.82994229000018
CHZ,2026-05-01,32657,9670582.970000096,296.1258832715833,Outros ativos,9.670582970000096
CHZ,2026-06-01,23592,6138290.330000206,260.18524626993076,Outros ativos,6.138290330000206
COMP,2020-07-01,1,5293.59,5293.59,Outros ativos,0.00529359
COMP,2020-08-01,1,613.23,613.23,Outros ativos,0.00061323
COMP,2021-01-01,5,1322.7399999999998,264.54799999999994,Outros ativos,0.0013227399999999998
COMP,2021-02-01,21,56796.45999999999,2704.593333333333,Outros ativos,0.05679645999999999
COMP,2021-03-01,8,6416.12,802.015,Outros ativos,0.00641612
COMP,2021-04-01,29,32060.15,1105.5224137931034,Outros ativos,0.03206015
COMP,2021-05-01,12733,10083383.650000133,791.9094989397732,Outros ativos,10.083383650000133
COMP,2021-06-01,8574,5012286.990000009,584.5914380685804,Outros ativos,5.012286990000009
COMP,2021-07-01,21646,23304915.07000012,1076.638412177775,Outros ativos,23.30491507000012
COMP,2021-08-01,13541,13854987.570000045,1023.1879159589429,Outros ativos,13.854987570000045
COMP,2021-09-01,7663,8129463.770000033,1060.8722132324199,Outros ativos,8.129463770000033
COMP,2021-10-01,9734,9898193.560000034,1016.8680460242484,Outros ativos,9.898193560000035
COMP,2021-11-01,5381,4310056.419999993,800.976848169484,Outros ativos,4.310056419999993
COMP,2021-12-01,3868,1970389.1299999983,509.4077378490171,Outros ativos,1.9703891299999983
COMP,2022-01-01,2989,1640484.859999995,548.8407025761107,Outros ativos,1.640484859999995
COMP,2022-02-01,1775,728578.0200000013,410.4664901408458,Outros ativos,0.7285780200000013
COMP,2022-03-01,2780,1151542.1899999995,414.2238093525178,Outros ativos,1.1515421899999996
COMP,2022-04-01,3052,1514184.0999999999,496.12847313237216,Outros ativos,1.5141840999999998
COMP,2022-05-01,1719,521196.35000000003,303.1974112856312,Outros ativos,0.5211963500000001
COMP,2022-06-01,4069,898422.029999999,220.79676333251388,Outros ativos,0.898422029999999
COMP,2022-07-01,3264,867785.3799999998,265.86561887254896,Outros ativos,0.8677853799999997
COMP,2022-08-01,2063,898208.5399999993,435.38950072709616,Outros ativos,0.8982085399999994
COMP,2022-09-01,1903,626915.3999999994,329.4353126642141,Outros ativos,0.6269153999999995
COMP,2022-10-01,1315,235874.13999999987,179.37196958174894,Outros ativos,0.23587413999999987
COMP,2022-11-01,1495,413470.55999999994,276.56893645484945,Outros ativos,0.41347055999999993
COMP,2022-12-01,1015,157694.58000000007,155.36411822660105,Outros ativos,0.15769458000000008
COMP,2023-01-01,1817,365768.8700000001,201.30372592184926,Outros ativos,0.36576887000000013
COMP,2023-02-01,1655,407244.05000000016,246.06891238670704,Outros ativos,0.4072440500000002
COMP,2023-03-01,1554,544071.8300000001,350.11057271557274,Outros ativos,0.54407183
COMP,2023-04-01,1347,158915.11999999994,117.9770749814402,Outros ativos,0.15891511999999994
COMP,2023-05-01,1216,199550.58000000034,164.10409539473713,Outros ativos,0.19955058000000034
COMP,2023-06-01,2406,642652.1100000002,267.10395261845395,Outros ativos,0.6426521100000002
COMP,2023-07-01,5918,1818334.6800000006,307.2549307198379,Outros ativos,1.8183346800000006
COMP,2023-08-01,2238,1006872.3199999998,449.8982663092046,Outros ativos,1.0068723199999998
COMP,2023-09-01,1955,324250.46,165.8570127877238,Outros ativos,0.32425046
COMP,2023-10-01,1762,334709.56000000006,189.96002270147562,Outros ativos,0.3347095600000001
COMP,2023-11-01,2274,674518.8499999999,296.62218557607736,Outros ativos,0.6745188499999999
COMP,2023-12-01,2892,757264.1199999998,261.84789764868594,Outros ativos,0.7572641199999998
COMP,2024-01-01,4387,551108.9199999992,125.62318668794147,Outros ativos,0.5511089199999992
COMP,2024-02-01,4465,1206266.9299999992,270.16056662933914,Outros ativos,1.2062669299999993
COMP,2024-03-01,13410,1963281.2699999975,146.4042706935121,Outros ativos,1.9632812699999975
COMP,2024-04-01,3387,689116.9500000002,203.4593888396812,Outros ativos,0.6891169500000002
COMP,2024-05-01,2421,434428.14000000025,179.441610904585,Outros ativos,0.43442814000000024
COMP,2024-06-01,2095,1056614.5099999998,504.3506014319808,Outros ativos,1.0566145099999997
COMP,2024-07-01,6873,1247310.1899999995,181.47973083078705,Outros ativos,1.2473101899999994
COMP,2024-08-01,5594,930724.679999999,166.37909903467983,Outros ativos,0.930724679999999
COMP,2024-09-01,2005,610849.98,304.6633316708229,Outros ativos,0.61084998
COMP,2024-10-01,1438,254788.5699999999,177.18259388038936,Outros ativos,0.2547885699999999
COMP,2024-11-01,3579,1235371.1599999997,345.17215982117904,Outros ativos,1.2353711599999997
COMP,2024-12-01,6734,3090038.989999999,458.87124888624874,Outros ativos,3.0900389899999987
COMP,2025-01-01,2912,812159.7099999993,278.90099931318656,Outros ativos,0.8121597099999993
COMP,2025-02-01,1539,433324.04000000027,281.5620792722549,Outros ativos,0.43332404000000024
COMP,2025-03-01,1724,364985.2999999998,211.70841067285372,Outros ativos,0.3649852999999998
COMP,2025-04-01,1641,791587.1699999996,482.3809689213891,Outros ativos,0.7915871699999996
COMP,2025-05-01,1628,214461.41,131.73305282555282,Outros ativos,0.21446141
COMP,2025-06-01,2305,778137.2899999988,337.58667678958733,Outros ativos,0.7781372899999988
COMP,2025-07-01,1881,709488.6800000006,377.18696438064893,Outros ativos,0.7094886800000006
COMP,2025-08-01,1637,778229.1199999998,475.39958460598643,Outros ativos,0.7782291199999998
COMP,2025-09-01,1176,288971.5900000001,245.72414115646265,Outros ativos,0.2889715900000001
COMP,2025-10-01,7352,538341.7200000002,73.2238465723613,Outros ativos,0.5383417200000002
COMP,2025-11-01,8322,256833.4500000022,30.861986301370127,Outros ativos,0.2568334500000022
COMP,2025-12-01,7718,460363.79999999865,59.64806944804336,Outros ativos,0.46036379999999866
COMP,2026-01-01,4435,279650.32000000146,63.05531454340507,Outros ativos,0.27965032000000145
COMP,2026-02-01,3245,814497.219999999,251.0006841294296,Outros ativos,0.814497219999999
COMP,2026-03-01,1795,228283.40000000043,127.17738161559913,Outros ativos,0.22828340000000044
COMP,2026-04-01,3303,427522.09000000026,129.43448077505306,Outros ativos,0.42752209000000024
COMP,2026-05-01,2493,153064.17000000004,61.39758122743684,Outros ativos,0.15306417000000005
COMP,2026-06-01,2065,201038.62999999977,97.35526876513306,Outros ativos,0.20103862999999977
CRV,2020-08-01,1,25000.0,25000.0,Outros ativos,0.025
CRV,2020-09-01,1,5000.0,5000.0,Outros ativos,0.005
CRV,2021-01-01,12,12662.69,1055.2241666666666,Outros ativos,0.01266269
CRV,2021-02-01,14,35098.09,2507.0064285714284,Outros ativos,0.03509809
CRV,2021-03-01,15,27380.559999999998,1825.3706666666665,Outros ativos,0.027380559999999998
CRV,2021-04-01,7,10439.04,1491.2914285714287,Outros ativos,0.01043904
CRV,2021-05-01,21061,13020972.5700003,618.2504425241109,Outros ativos,13.0209725700003
CRV,2021-06-01,14596,12130289.800000204,831.0694573855991,Outros ativos,12.130289800000204
CRV,2021-07-01,8878,5485396.1800000165,617.8639535931535,Outros ativos,5.485396180000016
CRV,2021-08-01,18264,12601648.640000114,689.9720017520868,Outros ativos,12.601648640000114
CRV,2021-09-01,18089,16390420.170000136,906.0987434352444,Outros ativos,16.390420170000137
CRV,2021-10-01,30222,41347513.35999991,1368.1263106346341,Outros ativos,41.34751335999991
CRV,2021-11-01,25477,30852210.72000013,1210.9828755348012,Outros ativos,30.85221072000013
CRV,2021-12-01,17166,18025315.490000132,1050.0591570546505,Outros ativos,18.025315490000132
CRV,2022-01-01,13819,16983560.720000222,1229.0007033794213,Outros ativos,16.983560720000224
CRV,2022-02-01,6473,5369574.560000015,829.5341510891419,Outros ativos,5.369574560000015
CRV,2022-03-01,7953,4638954.560000002,583.2961850873887,Outros ativos,4.638954560000002
CRV,2022-04-01,7360,3409779.13,463.28520788043477,Outros ativos,3.40977913
CRV,2022-05-01,8002,3033914.89000001,379.1445751062247,Outros ativos,3.03391489000001
CRV,2022-06-01,6080,1967891.670000001,323.66639309210547,Outros ativos,1.967891670000001
CRV,2022-07-01,9190,4293278.839999996,467.16853536452624,Outros ativos,4.293278839999996
CRV,2022-08-01,5585,3407436.7399999993,610.1050564010742,Outros ativos,3.407436739999999
CRV,2022-09-01,4203,2684231.3899999983,638.646535807756,Outros ativos,2.684231389999998
CRV,2022-10-01,3137,1345007.04,428.7558304112209,Outros ativos,1.34500704
CRV,2022-11-01,6145,3011192.479999995,490.02318633034906,Outros ativos,3.0111924799999947
CRV,2022-12-01,2625,956265.4199999985,364.291588571428,Outros ativos,0.9562654199999985
CRV,2023-01-01,4452,2155724.2200000025,484.21478436657736,Outros ativos,2.1557242200000024
CRV,2023-02-01,6450,4258309.139999999,660.2029674418603,Outros ativos,4.258309139999999
CRV,2023-03-01,4168,1879622.8699999985,450.96517994241805,Outros ativos,1.8796228699999984
CRV,2023-04-01,2356,791232.23,335.83710950764004,Outros ativos,0.79123223
CRV,2023-05-01,1680,408074.9799999998,242.9017738095237,Outros ativos,0.4080749799999998
CRV,2023-06-01,2708,428969.9899999998,158.4084158050221,Outros ativos,0.4289699899999998
CRV,2023-07-01,2740,560117.0600000004,204.422284671533,Outros ativos,0.5601170600000004
CRV,2023-08-01,3343,939339.8199999993,280.98708345797166,Outros ativos,0.9393398199999993
CRV,2023-09-01,2405,396094.4600000004,164.69624116424134,Outros ativos,0.3960944600000004
CRV,2023-10-01,2313,390941.5500000008,169.01926070038945,Outros ativos,0.3909415500000008
CRV,2023-11-01,2312,664123.3700000002,287.25059256055374,Outros ativos,0.6641233700000002
CRV,2023-12-01,2786,738547.9099999992,265.0925735821964,Outros ativos,0.7385479099999992
CRV,2024-01-01,5915,710866.0500000004,120.18022823330523,Outros ativos,0.7108660500000004
CRV,2024-02-01,4892,1109055.49,226.7079905968929,Outros ativos,1.10905549
CRV,2024-03-01,6753,3899760.3700000034,577.4856167629207,Outros ativos,3.899760370000003
CRV,2024-04-01,8652,1077071.7400000012,124.48818076745275,Outros ativos,1.0770717400000012
CRV,2024-05-01,3186,905912.919999999,284.34178279974856,Outros ativos,0.905912919999999
CRV,2024-06-01,5670,6017091.959999999,1061.2155132275132,Outros ativos,6.017091959999999
CRV,2024-07-01,2579,1618961.9399999995,627.7479410624271,Outros ativos,1.6189619399999995
CRV,2024-08-01,3023,1355182.770000001,448.290694674165,Outros ativos,1.355182770000001
CRV,2024-09-01,1652,1685620.130000002,1020.3511682808729,Outros ativos,1.685620130000002
CRV,2024-10-01,1719,778980.2100000001,453.1589354275742,Outros ativos,0.7789802100000001
CRV,2024-11-01,6877,9269247.179999983,1347.8620299549198,Outros ativos,9.269247179999983
CRV,2024-12-01,11244,10494691.139999978,933.3592262540002,Outros ativos,10.494691139999977
CRV,2025-01-01,4427,8065591.66999999,1821.9091190422384,Outros ativos,8.06559166999999
CRV,2025-02-01,2340,1587042.5900000005,678.2233290598293,Outros ativos,1.5870425900000005
CRV,2025-03-01,1730,522254.76000000007,301.8813641618498,Outros ativos,0.52225476
CRV,2025-04-01,3557,1564474.6200000015,439.8298060163063,Outros ativos,1.5644746200000015
CRV,2025-05-01,4858,2081651.799999999,428.4997529847672,Outros ativos,2.081651799999999
CRV,2025-06-01,2103,832391.13,395.8112838801712,Outros ativos,0.83239113
CRV,2025-07-01,7380,6398193.5699999975,866.9638983739834,Outros ativos,6.398193569999997
CRV,2025-08-01,16062,8351765.7199999895,519.9704719213042,Outros ativos,8.351765719999989
CRV,2025-09-01,17169,3594438.769999993,209.3563265187252,Outros ativos,3.594438769999993
CRV,2025-10-01,15963,6449563.269999992,404.0320284407688,Outros ativos,6.4495632699999925
CRV,2025-11-01,7369,1770884.8200000003,240.31548649748953,Outros ativos,1.7708848200000002
CRV,2025-12-01,5051,770680.8700000015,152.5798594337758,Outros ativos,0.7706808700000015
CRV,2026-01-01,5996,1288886.7199999993,214.9577585056703,Outros ativos,1.2888867199999994
CRV,2026-02-01,3573,407728.76,114.11384270920796,Outros ativos,0.40772876
CRV,2026-03-01,3452,377265.6299999999,109.28900057937425,Outros ativos,0.3772656299999999
CRV,2026-04-01,3553,204451.3400000002,57.54329862088382,Outros ativos,0.2044513400000002
CRV,2026-05-01,3555,366036.78999999986,102.96393530239096,Outros ativos,0.3660367899999999
CRV,2026-06-01,3089,586757.8699999993,189.9507510521202,Outros ativos,0.5867578699999993
DAI,2019-08-01,21,15656.69,745.5566666666667,Stablecoins,0.01565669
DAI,2019-09-01,12,183330.22999999998,15277.519166666665,Stablecoins,0.18333022999999998
DAI,2019-10-01,2,913.44,456.72,Stablecoins,0.0009134400000000001
DAI,2019-11-01,2,100.0,50.0,Stablecoins,0.0001
DAI,2019-12-01,5,40289.95,8057.99,Stablecoins,0.04028995
DAI,2020-01-01,5,1045.57,209.11399999999998,Stablecoins,0.00104557
DAI,2020-02-01,9,433167.48,48129.72,Stablecoins,0.43316748
DAI,2020-03-01,32,4460.710000000001,139.39718750000003,Stablecoins,0.0044607100000000005
DAI,2020-04-01,29,46292.3,1596.286206896552,Stablecoins,0.0462923
DAI,2020-05-01,153,62021.2,405.3673202614379,Stablecoins,0.0620212
DAI,2020-06-01,188,22507.73,119.72196808510638,Stablecoins,0.02250773
DAI,2020-07-01,3843,1357366.8800000066,353.2050169138711,Stablecoins,1.3573668800000067
DAI,2020-08-01,4079,1699347.4100000008,416.60882814415316,Stablecoins,1.6993474100000008
DAI,2020-09-01,1729,1313936.6200000006,759.9402082128402,Stablecoins,1.3139366200000007
DAI,2020-10-01,1737,1289706.3400000017,742.4906966033401,Stablecoins,1.2897063400000017
DAI,2020-11-01,7545,4188352.340000002,555.1162809807822,Stablecoins,4.1883523400000024
DAI,2020-12-01,6794,3877527.9700000114,570.7282852516944,Stablecoins,3.8775279700000116
DAI,2021-01-01,12103,6030013.559999955,498.2247013137201,Stablecoins,6.030013559999955
DAI,2021-02-01,16421,6524312.639999986,397.31518421533315,Stablecoins,6.524312639999986
DAI,2021-03-01,12431,5160751.109999998,415.15172632933775,Stablecoins,5.160751109999998
DAI,2021-04-01,19238,8054941.679999909,418.6995363343336,Stablecoins,8.05494167999991
DAI,2021-05-01,24833,12263703.759999966,493.8470486852159,Stablecoins,12.263703759999967
DAI,2021-06-01,7898,3968003.139999999,502.4060698911116,Stablecoins,3.968003139999999
DAI,2021-07-01,5907,5380697.479999987,910.9018926697117,Stablecoins,5.380697479999988
DAI,2021-08-01,14810,10588874.229999993,714.9813794733284,Stablecoins,10.588874229999993
DAI,2021-09-01,12279,9436043.920000037,768.4700643374898,Stablecoins,9.436043920000037
DAI,2021-10-01,10332,5394004.839999993,522.0678319783192,Stablecoins,5.394004839999993
DAI,2021-11-01,7787,4859523.4399999995,624.0559188390907,Stablecoins,4.859523439999999
DAI,2021-12-01,5710,3705304.510000001,648.9149754816115,Stablecoins,3.7053045100000013
DAI,2022-01-01,4462,3342035.659999999,748.9994755714924,Stablecoins,3.342035659999999
DAI,2022-02-01,3085,2411607.5700000003,781.7204440842788,Stablecoins,2.41160757
DAI,2022-03-01,3022,2400400.7499999986,794.3086532097943,Stablecoins,2.4004007499999984
DAI,2022-04-01,2556,3009596.4599999995,1177.4634037558683,Stablecoins,3.0095964599999996
DAI,2022-05-01,2378,1761623.7599999993,740.800571909167,Stablecoins,1.7616237599999993
DAI,2022-06-01,1581,1105497.5599999998,699.2394433902592,Stablecoins,1.1054975599999999
DAI,2022-07-01,1784,932112.5399999997,522.4846076233182,Stablecoins,0.9321125399999997
DAI,2022-08-01,1624,1016422.7,625.8760467980295,Stablecoins,1.0164227
DAI,2022-09-01,1421,812294.01,571.6354750175932,Stablecoins,0.81229401
DAI,2022-10-01,1173,1256698.79,1071.3544671781756,Stablecoins,1.25669879
DAI,2022-11-01,1793,1226410.4399999997,683.9991299498047,Stablecoins,1.2264104399999998
DAI,2022-12-01,1220,1170720.9400000004,959.6073278688528,Stablecoins,1.1707209400000005
DAI,2023-01-01,1491,778396.7299999992,522.0635345405763,Stablecoins,0.7783967299999992
DAI,2023-02-01,1334,922042.5300000001,691.1863043478262,Stablecoins,0.9220425300000001
DAI,2023-03-01,2013,1566995.5999999994,778.4379533035268,Stablecoins,1.5669955999999994
DAI,2023-04-01,980,699219.0899999997,713.4888673469385,Stablecoins,0.6992190899999997
DAI,2023-05-01,934,680042.1799999998,728.0965524625266,Stablecoins,0.6800421799999998
DAI,2023-06-01,852,525256.65,616.4984154929577,Stablecoins,0.52525665
DAI,2023-07-01,942,670402.3999999998,711.6798301486198,Stablecoins,0.6704023999999998
DAI,2023-08-01,1057,1429453.7999999998,1352.368779564806,Stablecoins,1.4294537999999999
DAI,2023-09-01,1188,906435.7599999998,762.9930639730638,Stablecoins,0.9064357599999998
DAI,2023-10-01,919,473655.70000000024,515.4033732317739,Stablecoins,0.47365570000000023
DAI,2023-11-01,1057,513627.68999999977,485.9296972563858,Stablecoins,0.5136276899999997
DAI,2023-12-01,1739,534974.3799999998,307.6333410005749,Stablecoins,0.5349743799999997
DAI,2024-01-01,1753,519885.99,296.56930405019966,Stablecoins,0.51988599
DAI,2024-02-01,1694,452833.18999999994,267.31593270365994,Stablecoins,0.45283318999999994
DAI,2024-03-01,3942,812466.8200000002,206.1052308472857,Stablecoins,0.8124668200000001
DAI,2024-04-01,2410,538357.3600000002,223.38479668049803,Stablecoins,0.5383573600000002
DAI,2024-05-01,2023,1318241.7099999995,651.6271428571426,Stablecoins,1.3182417099999995
DAI,2024-06-01,2179,1707278.2499999988,783.5145709040839,Stablecoins,1.7072782499999988
DAI,2024-07-01,2256,478484.94999999995,212.09439273049642,Stablecoins,0.47848494999999996
DAI,2024-08-01,2107,459908.3700000002,218.27639772187956,Stablecoins,0.45990837000000023
DAI,2024-09-01,1557,487084.48000000004,312.8352472703918,Stablecoins,0.48708448000000004
DAI,2024-10-01,1516,224787.20000000007,148.27651715039582,Stablecoins,0.22478720000000008
DAI,2024-11-01,3753,487227.08,129.82336264321876,Stablecoins,0.48722708000000003
DAI,2024-12-01,4495,963187.3799999999,214.27972858731923,Stablecoins,0.9631873799999999
DAI,2025-01-01,4124,442521.49000000017,107.30395004849665,Stablecoins,0.4425214900000002
DAI,2025-02-01,1717,356290.56000000006,207.5076062900408,Stablecoins,0.35629056000000003
DAI,2025-03-01,1364,317420.63999999996,232.7130791788856,Stablecoins,0.31742064
DAI,2025-04-01,1393,435301.91000000003,312.49239770279974,Stablecoins,0.43530191
DAI,2025-05-01,1697,418088.99999999994,246.36947554507952,Stablecoins,0.41808899999999993
DAI,2025-06-01,1144,194052.2800000001,169.62611888111897,Stablecoins,0.19405228000000008
DAI,2025-07-01,1615,169505.73,104.95710835913313,Stablecoins,0.16950573000000002
DAI,2025-08-01,1478,153712.27000000002,104.00018267929636,Stablecoins,0.15371227
DAI,2025-09-01,503,109329.44,217.3547514910537,Stablecoins,0.10932944
DAI,2025-10-01,149,176754.03,1186.2686577181207,Stablecoins,0.17675403
DAI,2025-11-01,112,42337.26,378.01125,Stablecoins,0.04233726
DAI,2025-12-01,183,63698.29,348.078087431694,Stablecoins,0.06369829
DAI,2026-01-01,174,28732.020000000004,165.12655172413795,Stablecoins,0.028732020000000004
DAI,2026-02-01,182,26607.530000000006,146.19521978021982,Stablecoins,0.026607530000000008
DAI,2026-03-01,180,51290.04000000001,284.9446666666667,Stablecoins,0.05129004000000001
DAI,2026-04-01,270,61756.88,228.72918518518517,Stablecoins,0.06175688
DAI,2026-05-01,275,19060.95999999999,69.31258181818177,Stablecoins,0.019060959999999988
DAI,2026-06-01,74,3357.9500000000003,45.377702702702706,Stablecoins,0.00335795
DASH,2019-08-01,12471,845231.2900000031,67.77574292358295,Outros ativos,0.8452312900000031
DASH,2019-09-01,10291,1440027.7900000007,139.93079292585762,Outros ativos,1.4400277900000007
DASH,2019-10-01,3922,935357.8900000014,238.4900280469152,Outros ativos,0.9353578900000014
DASH,2019-11-01,2817,585489.3,207.84142705005326,Outros ativos,0.5854893000000001
DASH,2019-12-01,2090,406415.81000000105,194.4573253588522,Outros ativos,0.40641581000000104
DASH,2020-01-01,19069,8479294.010000091,444.6638004090456,Outros ativos,8.47929401000009
DASH,2020-02-01,12046,5759506.749999987,478.12607919641266,Outros ativos,5.759506749999987
DASH,2020-03-01,7431,2754837.1699999985,370.72226752792335,Outros ativos,2.7548371699999987
DASH,2020-04-01,5837,2161442.9099999997,370.3003100908,Outros ativos,2.16144291
DASH,2020-05-01,3661,1391130.3899999962,379.9864490576335,Outros ativos,1.3911303899999963
DASH,2020-06-01,1706,442227.7199999999,259.2190621336459,Outros ativos,0.44222771999999994
DASH,2020-07-01,1741,549648.41,315.7084491671453,Outros ativos,0.5496484100000001
DASH,2020-08-01,3312,1458644.1900000013,440.41189311594246,Outros ativos,1.4586441900000013
DASH,2020-09-01,1605,628719.1799999996,391.72534579439224,Outros ativos,0.6287191799999996
DASH,2020-10-01,1549,536609.3899999999,346.42310522918007,Outros ativos,0.5366093899999999
DASH,2020-11-01,3829,2053681.2299999986,536.3492373987983,Outros ativos,2.0536812299999987
DASH,2020-12-01,2609,1045624.259999998,400.77587581448756,Outros ativos,1.045624259999998
DASH,2021-01-01,6834,4299767.169999994,629.1728372841666,Outros ativos,4.299767169999995
DASH,2021-02-01,14842,10922221.390000036,735.8995681175068,Outros ativos,10.922221390000036
DASH,2021-03-01,6320,3982901.490000013,630.2059319620273,Outros ativos,3.9829014900000126
DASH,2021-04-01,11037,8360834.119999996,757.5277810999363,Outros ativos,8.360834119999996
DASH,2021-05-01,9188,6297372.360000022,685.3909838920355,Outros ativos,6.297372360000022
DASH,2021-06-01,1674,814408.1500000008,486.50427120669104,Outros ativos,0.8144081500000009
DASH,2021-07-01,2131,1381210.709999999,648.151435945565,Outros ativos,1.381210709999999
DASH,2021-08-01,3018,2070586.6100000048,686.0790622929107,Outros ativos,2.0705866100000048
DASH,2021-09-01,1721,1078299.6900000002,626.5541487507264,Outros ativos,1.0782996900000001
DASH,2021-10-01,1649,902980.5400000002,547.5928077622802,Outros ativos,0.9029805400000002
DASH,2021-11-01,2315,1494824.8200000005,645.7126652267821,Outros ativos,1.4948248200000005
DASH,2021-12-01,813,405143.58999999956,498.33159901598964,Outros ativos,0.40514358999999955
DASH,2022-01-01,1054,574636.9599999995,545.1963567362424,Outros ativos,0.5746369599999995
DASH,2022-02-01,4648,3393473.7600000007,730.0933218588642,Outros ativos,3.393473760000001
DASH,2022-03-01,11624,944063.6499999983,81.2167627322779,Outros ativos,0.9440636499999983
DASH,2022-04-01,5071,355733.4899999997,70.15056004732789,Outros ativos,0.3557334899999997
DASH,2022-05-01,8401,396201.5099999998,47.16123199619091,Outros ativos,0.39620150999999976
DASH,2022-06-01,11223,491688.7000000005,43.81080816181061,Outros ativos,0.4916887000000005
DASH,2022-07-01,11400,333674.1099999998,29.26965877192981,Outros ativos,0.3336741099999998
DASH,2022-08-01,8089,249975.70999999892,30.903166027939044,Outros ativos,0.2499757099999989
DASH,2022-09-01,7234,261548.3900000006,36.15543129665477,Outros ativos,0.2615483900000006
DASH,2022-10-01,13666,432559.040000001,31.652205473437803,Outros ativos,0.432559040000001
DASH,2022-11-01,438,130106.51000000001,297.0468264840183,Outros ativos,0.13010651
DASH,2022-12-01,243,79864.98999999999,328.6625102880658,Outros ativos,0.07986499
DASH,2023-01-01,381,253923.19,666.4650656167979,Outros ativos,0.25392319
DASH,2023-02-01,326,109565.83000000002,336.0915030674847,Outros ativos,0.10956583000000002
DASH,2023-03-01,296,118704.94000000002,401.03020270270275,Outros ativos,0.11870494000000002
DASH,2023-04-01,274,183101.07,668.2520802919709,Outros ativos,0.18310107
DASH,2023-05-01,454,267407.52,589.0033480176212,Outros ativos,0.26740752
DASH,2023-06-01,293,60639.49999999999,206.9607508532423,Outros ativos,0.06063949999999999
DASH,2023-07-01,188,25124.49,133.64090425531916,Outros ativos,0.025124490000000003
DASH,2023-08-01,229,54588.119999999995,238.37606986899561,Outros ativos,0.05458812
DASH,2023-09-01,188,38885.39,206.83718085106383,Outros ativos,0.03888539
DASH,2023-10-01,318,103146.04,324.35861635220124,Outros ativos,0.10314604
DASH,2023-11-01,340,104787.52,308.19858823529415,Outros ativos,0.10478752000000001
DASH,2023-12-01,450,185743.19,412.76264444444445,Outros ativos,0.18574319
DASH,2024-01-01,408,391636.13,959.892475490196,Outros ativos,0.39163613
DASH,2024-02-01,422,151977.18,360.1354976303317,Outros ativos,0.15197718
DASH,2024-03-01,594,162926.21000000008,274.28654882154893,Outros ativos,0.16292621000000007
DASH,2024-04-01,318,119237.65999999997,374.9611949685534,Outros ativos,0.11923765999999997
DASH,2024-05-01,310,52039.58,167.8696129032258,Outros ativos,0.05203958
DASH,2024-06-01,243,64335.530000000006,264.75526748971197,Outros ativos,0.06433553
DASH,2024-07-01,272,45808.35,168.41305147058824,Outros ativos,0.04580835
DASH,2024-08-01,234,38935.22000000001,166.38982905982908,Outros ativos,0.038935220000000006
DASH,2024-09-01,236,40633.24,172.17474576271186,Outros ativos,0.04063324
DASH,2024-10-01,239,55078.32,230.45322175732218,Outros ativos,0.05507832
DASH,2024-11-01,588,163291.52000000002,277.7066666666667,Outros ativos,0.16329152000000002
DASH,2024-12-01,1557,490525.17000000004,315.0450674373796,Outros ativos,0.49052517000000007
DASH,2025-01-01,414,169855.41,410.27876811594206,Outros ativos,0.16985541
DASH,2025-02-01,330,82419.1,249.7548484848485,Outros ativos,0.08241910000000001
DASH,2025-03-01,337,70078.25000000001,207.94732937685464,Outros ativos,0.07007825000000001
DASH,2025-04-01,239,71881.84,300.7608368200837,Outros ativos,0.07188184
DASH,2025-05-01,232,139468.83,601.1587499999999,Outros ativos,0.13946883
DASH,2025-06-01,177,25096.520000000004,141.78824858757065,Outros ativos,0.025096520000000004
DASH,2025-07-01,330,63410.990000000005,192.15451515151517,Outros ativos,0.06341099
DASH,2025-08-01,199,102935.90999999997,517.2658793969848,Outros ativos,0.10293590999999998
DASH,2025-09-01,190,271558.41,1429.254789473684,Outros ativos,0.27155841
DASH,2025-10-01,584,367784.79000000015,629.7684760273975,Outros ativos,0.36778479000000014
DASH,2025-11-01,1560,1683377.8400000005,1079.0883589743594,Outros ativos,1.6833778400000006
DASH,2025-12-01,286,167821.58000000002,586.7887412587413,Outros ativos,0.16782158000000003
DASH,2026-01-01,1067,496051.2800000002,464.90279287722603,Outros ativos,0.4960512800000002
DASH,2026-02-01,277,297070.01,1072.4549097472925,Outros ativos,0.29707001
DASH,2026-03-01,136,35375.82,260.1163235294118,Outros ativos,0.03537582
DASH,2026-04-01,185,103533.81999999998,559.6422702702702,Outros ativos,0.10353381999999998
DASH,2026-05-01,232,150533.3,648.8504310344827,Outros ativos,0.15053329999999998
DASH,2026-06-01,240,187690.21999999997,782.0425833333333,Outros ativos,0.18769021999999996
DCR,2019-08-01,8069,138181.62999999995,17.125000619655466,Outros ativos,0.13818162999999994
DCR,2019-09-01,6283,77066.43999999997,12.265866624224092,Outros ativos,0.07706643999999997
DCR,2019-10-01,234,41949.850000000006,179.27286324786328,Outros ativos,0.041949850000000004
DCR,2019-11-01,309,68883.68999999999,222.92456310679609,Outros ativos,0.06888368999999998
DCR,2019-12-01,70,35970.62,513.866,Outros ativos,0.03597062
DCR,2020-01-01,123,9444.019999999997,76.78065040650404,Outros ativos,0.009444019999999997
DCR,2020-02-01,143,23691.930000000004,165.6778321678322,Outros ativos,0.023691930000000003
DCR,2020-03-01,108,25801.54,238.90314814814815,Outros ativos,0.02580154
DCR,2020-04-01,145,25693.25,177.19482758620688,Outros ativos,0.02569325
DCR,2020-05-01,134,31629.309999999998,236.03962686567164,Outros ativos,0.03162931
DCR,2020-06-01,1639,1156235.7200000002,705.4519341061624,Outros ativos,1.1562357200000002
DCR,2020-07-01,2045,1274140.7999999982,623.0517359413194,Outros ativos,1.274140799999998
DCR,2020-08-01,2865,1850794.4199999974,646.0015427574161,Outros ativos,1.8507944199999973
DCR,2020-09-01,1097,729060.9000000015,664.5951686417517,Outros ativos,0.7290609000000016
DCR,2020-10-01,1913,1925907.8499999994,1006.7474385781492,Outros ativos,1.9259078499999993
DCR,2020-11-01,3944,3405343.5900000064,863.4238311359043,Outros ativos,3.4053435900000064
DCR,2020-12-01,5351,10406261.440000001,1944.7320949355262,Outros ativos,10.406261440000002
DCR,2021-01-01,6546,8749698.870000014,1336.6481622364824,Outros ativos,8.749698870000014
DCR,2021-02-01,9675,9559876.739999985,988.1009550387582,Outros ativos,9.559876739999986
DCR,2021-03-01,4262,3882701.9400000074,911.0046785546709,Outros ativos,3.8827019400000076
DCR,2021-04-01,4751,3209122.5300000003,675.4625405177858,Outros ativos,3.20912253
DCR,2021-05-01,4834,3893776.8199999994,805.4978940835746,Outros ativos,3.8937768199999994
DCR,2021-06-01,1836,1491123.0199999984,812.1585076252715,Outros ativos,1.4911230199999983
DCR,2021-07-01,1016,725459.8999999999,714.0353346456692,Outros ativos,0.7254598999999999
DCR,2021-08-01,1928,1245587.4699999965,646.0515923236496,Outros ativos,1.2455874699999965
DCR,2021-09-01,991,759340.9500000005,766.2370837537846,Outros ativos,0.7593409500000006
DCR,2021-10-01,1332,1340641.0199999998,1006.4872522522521,Outros ativos,1.3406410199999999
DCR,2021-11-01,772,569928.4799999997,738.2493264248701,Outros ativos,0.5699284799999997
DCR,2021-12-01,1502,1107199.619999999,737.150213049267,Outros ativos,1.107199619999999
DCR,2022-01-01,6133,142016150.59000012,23156.0656432415,Outros ativos,142.0161505900001
DCR,2022-02-01,9681,179114341.92999977,18501.636393967543,Outros ativos,179.11434192999977
DCR,2022-03-01,9709,240621133.97000024,24783.307649603485,Outros ativos,240.62113397000024
DCR,2022-04-01,12406,224548873.56000006,18100.02205062067,Outros ativos,224.54887356000006
DCR,2022-05-01,15859,273108857.3699993,17221.064214010927,Outros ativos,273.10885736999927
DCR,2022-06-01,16347,264318701.95999992,16169.248299993878,Outros ativos,264.31870195999994
DCR,2022-07-01,14301,246007780.62000024,17202.13835535978,Outros ativos,246.00778062000023
DCR,2022-08-01,22189,336138552.820001,15148.882456172023,Outros ativos,336.138552820001
DCR,2022-09-01,13445,203877713.2600001,15163.831406470816,Outros ativos,203.87771326000012
DCR,2022-10-01,204,61901.45,303.43848039215686,Outros ativos,0.06190145
DCR,2022-11-01,373,90865.24000000002,243.60654155495985,Outros ativos,0.09086524000000001
DCR,2022-12-01,275,71791.33,261.0593818181818,Outros ativos,0.07179133
DCR,2023-01-01,307,96036.18000000001,312.8214332247557,Outros ativos,0.09603618000000001
DCR,2023-02-01,419,113676.29999999996,271.3038186157517,Outros ativos,0.11367629999999995
DCR,2023-03-01,410,131457.37,320.6277317073171,Outros ativos,0.13145737
DCR,2023-04-01,805,336132.0800000001,417.5553788819877,Outros ativos,0.33613208000000006
DCR,2023-05-01,285,63981.12,224.49515789473685,Outros ativos,0.06398112
DCR,2023-06-01,327,45161.170000000006,138.1075535168196,Outros ativos,0.04516117000000001
DCR,2023-07-01,216,38949.97,180.32393518518518,Outros ativos,0.03894997
DCR,2023-08-01,55,13376.449999999999,243.2081818181818,Outros ativos,0.013376449999999998
DCR,2023-09-01,25,24256.370000000003,970.2548000000002,Outros ativos,0.024256370000000003
DCR,2023-10-01,504,99298.93000000001,197.02168650793652,Outros ativos,0.09929893000000001
DCR,2023-11-01,338,52076.060000000005,154.07118343195268,Outros ativos,0.05207606000000001
DCR,2023-12-01,982,189591.22999999992,193.0664256619144,Outros ativos,0.18959122999999992
DCR,2024-01-01,732,135732.26999999996,185.42659836065567,Outros ativos,0.13573226999999996
DCR,2024-02-01,206,51449.15,249.75315533980583,Outros ativos,0.05144915
DCR,2024-03-01,573,125444.82,218.92638743455498,Outros ativos,0.12544482
DCR,2024-04-01,288,131043.23000000007,455.01121527777804,Outros ativos,0.13104323000000007
DCR,2024-05-01,366,120436.95000000003,329.06270491803286,Outros ativos,0.12043695000000003
DCR,2024-06-01,246,54780.229999999996,222.68386178861786,Outros ativos,0.05478023
DCR,2024-07-01,216,53178.06999999999,246.1947685185185,Outros ativos,0.053178069999999994
DCR,2024-08-01,350,75912.5000000001,216.89285714285742,Outros ativos,0.0759125000000001
DCR,2024-09-01,438,85533.57,195.28212328767125,Outros ativos,0.08553357
DCR,2024-10-01,207,56049.389999999985,270.7699999999999,Outros ativos,0.056049389999999984
DCR,2024-11-01,562,142329.88000000003,253.2560142348755,Outros ativos,0.14232988000000005
DCR,2024-12-01,475,147286.24999999997,310.0763157894736,Outros ativos,0.14728624999999998
DCR,2025-01-01,244,61340.720000000016,251.396393442623,Outros ativos,0.061340720000000015
DCR,2025-02-01,218,49743.229999999996,228.17995412844036,Outros ativos,0.04974323
DCR,2025-03-01,218,62040.87000000002,284.5911467889909,Outros ativos,0.06204087000000002
DCR,2025-04-01,291,89508.73000000001,307.5901374570447,Outros ativos,0.08950873000000001
DCR,2025-05-01,289,75824.12999999999,262.36723183391,Outros ativos,0.07582412999999999
DCR,2025-06-01,325,68170.52999999997,209.75547692307683,Outros ativos,0.06817052999999997
DCR,2025-07-01,200,44783.38000000001,223.91690000000006,Outros ativos,0.04478338000000001
DCR,2025-08-01,155,45622.130000000005,294.3363225806452,Outros ativos,0.045622130000000004
DCR,2025-09-01,21,16295.050000000001,775.954761904762,Outros ativos,0.016295050000000002
DCR,2025-10-01,123,140328.41,1140.8813821138212,Outros ativos,0.14032841000000001
DCR,2025-11-01,712,277295.45999999996,389.459915730337,Outros ativos,0.27729545999999994
DCR,2025-12-01,175,52188.959999999985,298.22262857142846,Outros ativos,0.052188959999999986
DCR,2026-01-01,131,44395.52,338.8970992366412,Outros ativos,0.044395519999999994
DCR,2026-02-01,99,174724.03000000003,1764.8891919191922,Outros ativos,0.17472403000000003
DCR,2026-03-01,54,24284.359999999993,449.71037037037024,Outros ativos,0.024284359999999994
DCR,2026-04-01,140,59041.68999999998,421.726357142857,Outros ativos,0.05904168999999998
DCR,2026-05-01,94,18805.869999999995,200.0624468085106,Outros ativos,0.018805869999999995
DCR,2026-06-01,111,71700.26,645.9482882882883,Outros ativos,0.07170025999999999
DGB,2019-08-01,7,372.93,53.27571428571429,Outros ativos,0.00037293
DGB,2020-04-01,2,34677.9,17338.95,Outros ativos,0.034677900000000005
DGB,2020-05-01,1,9.47,9.47,Outros ativos,9.47e-06
DGB,2020-06-01,1,50634.09,50634.09,Outros ativos,0.05063409
DGB,2020-07-01,1,20000.0,20000.0,Outros ativos,0.02
DGB,2020-08-01,3564,1721391.049999993,482.9941217732865,Outros ativos,1.7213910499999932
DGB,2020-09-01,6926,3716955.8000000063,536.6670228125912,Outros ativos,3.7169558000000062
DGB,2020-10-01,4544,1997597.8899999922,439.6122117077448,Outros ativos,1.9975978899999922
DGB,2020-11-01,6308,2804460.5700000017,444.58791534559316,Outros ativos,2.8044605700000016
DGB,2020-12-01,6267,2769121.3100000015,441.85755704483825,Outros ativos,2.7691213100000014
DGB,2021-01-01,12700,4383983.059999982,345.19551653543164,Outros ativos,4.383983059999982
DGB,2021-02-01,36287,17650363.410000294,486.4101030672223,Outros ativos,17.650363410000296
DGB,2021-03-01,22842,10682172.360000202,467.65486209614755,Outros ativos,10.682172360000202
DGB,2021-04-01,65069,43774337.08999998,672.7372034302045,Outros ativos,43.77433708999998
DGB,2021-05-01,41095,26926962.710000023,655.2369560773823,Outros ativos,26.926962710000023
DGB,2021-06-01,17519,10105864.430000035,576.8516713282742,Outros ativos,10.105864430000034
DGB,2021-07-01,5958,2574580.5800000024,432.1216146357842,Outros ativos,2.5745805800000023
DGB,2021-08-01,14999,9217248.029999977,614.524170278017,Outros ativos,9.217248029999977
DGB,2021-09-01,7602,4077096.250000015,536.3188963430696,Outros ativos,4.0770962500000145
DGB,2021-10-01,9285,4506705.930000011,485.3748982229414,Outros ativos,4.5067059300000105
DGB,2021-11-01,6874,2748904.780000008,399.8988623799837,Outros ativos,2.748904780000008
DGB,2021-12-01,3068,1062712.1600000004,346.3859713168189,Outros ativos,1.0627121600000005
DGB,2022-01-01,1892,511849.6900000002,270.53366279069775,Outros ativos,0.5118496900000001
DGB,2022-02-01,1790,659276.1799999991,368.3107150837984,Outros ativos,0.6592761799999991
DGB,2022-03-01,4127,2004474.2500000007,485.69766173976274,Outros ativos,2.004474250000001
DGB,2022-04-01,1838,616812.5100000005,335.5889608269861,Outros ativos,0.6168125100000005
DGB,2022-05-01,2470,704073.2100000001,285.04988259109314,Outros ativos,0.7040732100000001
DGB,2022-06-01,1794,357411.3400000001,199.22594202898554,Outros ativos,0.3574113400000001
DGB,2022-07-01,1430,339270.6599999994,237.25220979020938,Outros ativos,0.3392706599999994
DGB,2022-08-01,1330,300782.1999999998,226.1520300751878,Outros ativos,0.3007821999999998
DGB,2022-09-01,926,214778.45,231.9421706263499,Outros ativos,0.21477845
DGB,2022-10-01,681,108689.47000000009,159.60274596182097,Outros ativos,0.1086894700000001
DGB,2022-11-01,850,177634.4700000001,208.9817294117648,Outros ativos,0.1776344700000001
DGB,2022-12-01,799,145148.09,181.66219023779723,Outros ativos,0.14514809
DGB,2023-01-01,799,185591.4899999999,232.2797121401751,Outros ativos,0.18559148999999991
DGB,2023-02-01,762,205591.48999999993,269.80510498687653,Outros ativos,0.20559148999999993
DGB,2023-03-01,545,149015.54999999993,273.4230275229356,Outros ativos,0.14901554999999994
DGB,2023-04-01,575,141758.17999999996,246.53596521739124,Outros ativos,0.14175817999999996
DGB,2023-05-01,440,93850.83,213.2973409090909,Outros ativos,0.09385083
DGB,2023-06-01,310,57107.72000000005,184.2184516129034,Outros ativos,0.05710772000000005
DGB,2023-07-01,260,47558.259999999995,182.9163846153846,Outros ativos,0.04755826
DGB,2023-08-01,235,35448.249999999985,150.84361702127654,Outros ativos,0.03544824999999999
DGB,2023-09-01,233,35386.97,151.8754077253219,Outros ativos,0.035386970000000004
DGB,2023-10-01,299,49785.13999999999,166.50548494983275,Outros ativos,0.04978513999999999
DGB,2023-11-01,420,103555.17999999995,246.55995238095227,Outros ativos,0.10355517999999996
DGB,2023-12-01,741,116936.66999999991,157.80927125506062,Outros ativos,0.11693666999999991
DGB,2024-01-01,561,110730.8399999998,197.38117647058786,Outros ativos,0.11073083999999979
DGB,2024-02-01,899,207780.4899999999,231.1240155728586,Outros ativos,0.2077804899999999
DGB,2024-03-01,1208,160733.92000000007,133.05788079470204,Outros ativos,0.16073392000000006
DGB,2024-04-01,806,114714.65000000005,142.32586848635242,Outros ativos,0.11471465000000006
DGB,2024-05-01,556,69449.47000000007,124.90911870503611,Outros ativos,0.06944947000000007
DGB,2024-06-01,356,41591.27000000001,116.82941011235958,Outros ativos,0.041591270000000014
DGB,2024-07-01,207,22168.85000000001,107.09589371980681,Outros ativos,0.02216885000000001
DGB,2024-08-01,254,28204.25000000001,111.04035433070871,Outros ativos,0.02820425000000001
DGB,2024-09-01,368,64429.33000000003,175.07970108695662,Outros ativos,0.06442933000000003
DGB,2024-10-01,301,51767.88000000001,171.98631229235883,Outros ativos,0.05176788000000001
DGB,2024-11-01,1888,497940.2200000002,263.73952330508484,Outros ativos,0.4979402200000002
DGB,2024-12-01,1676,529929.7899999988,316.1872255369921,Outros ativos,0.5299297899999987
DGB,2025-01-01,1857,581420.219999998,313.0965105008067,Outros ativos,0.581420219999998
DGB,2025-02-01,276,42216.41000000001,152.95800724637684,Outros ativos,0.04221641000000001
DGB,2025-03-01,392,58945.34000000001,150.37076530612248,Outros ativos,0.05894534000000001
DGB,2025-04-01,473,96012.70999999999,202.9867019027484,Outros ativos,0.09601270999999999
DGB,2025-05-01,302,56298.759999999995,186.41973509933774,Outros ativos,0.056298759999999996
DGB,2025-06-01,114,12970.749999999996,113.7785087719298,Outros ativos,0.012970749999999996
DGB,2025-07-01,176,28766.34999999999,163.4451704545454,Outros ativos,0.028766349999999993
DGB,2025-08-01,138,21876.609999999993,158.52615942028982,Outros ativos,0.021876609999999994
DGB,2025-09-01,139,19212.15,138.21690647482015,Outros ativos,0.01921215
DGB,2025-10-01,72,8571.55,119.04930555555555,Outros ativos,0.008571549999999999
DGB,2025-11-01,383,102672.35999999996,268.0740469973889,Outros ativos,0.10267235999999996
DGB,2025-12-01,141,36682.81999999999,260.16184397163113,Outros ativos,0.03668281999999999
DGB,2026-01-01,218,34602.38000000001,158.72651376146794,Outros ativos,0.03460238000000001
DGB,2026-02-01,121,14562.090000000002,120.34785123966944,Outros ativos,0.014562090000000001
DGB,2026-03-01,123,10765.99,87.52837398373984,Outros ativos,0.01076599
DGB,2026-04-01,90,10649.430000000004,118.32700000000004,Outros ativos,0.010649430000000003
DGB,2026-05-01,131,22138.600000000006,168.99694656488555,Outros ativos,0.022138600000000005
DGB,2026-06-01,184,24278.330000000005,131.94744565217394,Outros ativos,0.024278330000000004
DOGE,2019-08-01,1397,226603.64000000022,162.20732999284195,Outros ativos,0.22660364000000022
DOGE,2019-09-01,1268,183913.6399999999,145.04230283911664,Outros ativos,0.1839136399999999
DOGE,2019-10-01,1921,246221.08000000054,128.17338885996904,Outros ativos,0.24622108000000054
DOGE,2019-11-01,1752,203314.7899999999,116.04725456620999,Outros ativos,0.20331478999999988
DOGE,2019-12-01,1130,104366.18000000008,92.3594513274337,Outros ativos,0.10436618000000009
DOGE,2020-01-01,3964,505669.5699999999,127.56548183652873,Outros ativos,0.5056695699999999
DOGE,2020-02-01,3968,727535.3400000009,183.35064012096797,Outros ativos,0.7275353400000009
DOGE,2020-03-01,2015,259592.5700000003,128.83005955335003,Outros ativos,0.2595925700000003
DOGE,2020-04-01,3334,545920.1200000005,163.74328734253163,Outros ativos,0.5459201200000005
DOGE,2020-05-01,4437,833487.4199999953,187.84931710615174,Outros ativos,0.8334874199999953
DOGE,2020-06-01,3313,527916.2300000007,159.346884998491,Outros ativos,0.5279162300000007
DOGE,2020-07-01,16216,5410278.0800000345,333.6382634435147,Outros ativos,5.410278080000035
DOGE,2020-08-01,6947,1497767.6600000027,215.5992025334681,Outros ativos,1.4977676600000027
DOGE,2020-09-01,3715,672101.1900000003,180.91552893674302,Outros ativos,0.6721011900000003
DOGE,2020-10-01,3399,533069.5300000001,156.8312827302148,Outros ativos,0.5330695300000001
DOGE,2020-11-01,4610,835808.8900000001,181.3034468546638,Outros ativos,0.8358088900000001
DOGE,2020-12-01,8420,1553002.9900000056,184.44216033254224,Outros ativos,1.5530029900000055
DOGE,2021-01-01,89556,91007619.82000017,1016.2090738755658,Outros ativos,91.00761982000017
DOGE,2021-02-01,110739,121069102.01000033,1093.2833239418844,Outros ativos,121.06910201000034
DOGE,2021-03-01,29306,37280334.8600003,1272.105877977216,Outros ativos,37.280334860000295
DOGE,2021-04-01,331257,368730930.09999347,1113.1264549881014,Outros ativos,368.7309300999935
DOGE,2021-05-01,561700,694856536.6300055,1237.0598836211598,Outros ativos,694.8565366300055
DOGE,2021-06-01,114335,88694782.14999981,775.7448038658313,Outros ativos,88.69478214999981
DOGE,2021-07-01,44114,33193185.49000007,752.4410729020282,Outros ativos,33.19318549000007
DOGE,2021-08-01,100113,73589129.4399999,735.0606758363039,Outros ativos,73.5891294399999
DOGE,2021-09-01,52069,22828102.980000097,438.4202304634254,Outros ativos,22.828102980000097
DOGE,2021-10-01,78616,48019766.64000002,610.8141681082734,Outros ativos,48.01976664000002
DOGE,2021-11-01,84881,41792710.67000032,492.3682646293083,Outros ativos,41.792710670000325
DOGE,2021-12-01,86026,33598296.6800003,390.5597921558633,Outros ativos,33.598296680000296
DOGE,2022-01-01,78203,20693808.21000009,264.61655192256165,Outros ativos,20.69380821000009
DOGE,2022-02-01,51594,45998973.94000007,891.556652711557,Outros ativos,45.99897394000007
DOGE,2022-03-01,44019,11114801.590000084,252.5000929144252,Outros ativos,11.114801590000084
DOGE,2022-04-01,61154,15810703.090000123,258.53914854302457,Outros ativos,15.810703090000123
DOGE,2022-05-01,47850,25240987.269999515,527.502346290481,Outros ativos,25.240987269999515
DOGE,2022-06-01,32955,4984384.439999993,151.24820027309946,Outros ativos,4.984384439999993
DOGE,2022-07-01,25800,3611421.819999999,139.97758992248058,Outros ativos,3.611421819999999
DOGE,2022-08-01,26999,4494624.109999988,166.47372532315967,Outros ativos,4.494624109999989
DOGE,2022-09-01,25905,2908661.2799999984,112.28184829183549,Outros ativos,2.9086612799999982
DOGE,2022-10-01,52274,22065582.050000027,422.1139007919812,Outros ativos,22.065582050000028
DOGE,2022-11-01,80776,34342470.21000027,425.1568561206332,Outros ativos,34.34247021000027
DOGE,2022-12-01,35921,14059915.149999902,391.41213078700207,Outros ativos,14.059915149999902
DOGE,2023-01-01,29849,7949579.290000012,266.3264863144498,Outros ativos,7.949579290000012
DOGE,2023-02-01,24223,7276310.480000003,300.3884935804815,Outros ativos,7.276310480000003
DOGE,2023-03-01,21554,4636647.609999993,215.11773267142956,Outros ativos,4.636647609999993
DOGE,2023-04-01,35915,11277707.930000002,314.01107977168317,Outros ativos,11.277707930000002
DOGE,2023-05-01,19683,3545556.7799999868,180.13294619722535,Outros ativos,3.5455567799999868
DOGE,2023-06-01,19369,5872938.980000039,303.21332954721663,Outros ativos,5.872938980000039
DOGE,2023-07-01,26271,9041765.84000004,344.17288416885697,Outros ativos,9.041765840000041
DOGE,2023-08-01,23936,4785761.019999985,199.93988218582822,Outros ativos,4.785761019999985
DOGE,2023-09-01,16838,2880596.2399999946,171.07710179356187,Outros ativos,2.8805962399999947
DOGE,2023-10-01,20488,5180345.569999987,252.84779236626255,Outros ativos,5.180345569999988
DOGE,2023-11-01,30985,9514586.100000072,307.07071486203233,Outros ativos,9.514586100000072
DOGE,2023-12-01,39947,11110524.240000065,278.13163041029526,Outros ativos,11.110524240000066
DOGE,2024-01-01,30478,8374243.5699999835,274.7635530546618,Outros ativos,8.374243569999983
DOGE,2024-02-01,61910,16675183.350000119,269.3455556452935,Outros ativos,16.67518335000012
DOGE,2024-03-01,205385,77188089.77000076,375.8214561433442,Outros ativos,77.18808977000076
DOGE,2024-04-01,108206,35664010.300000235,329.59364822653305,Outros ativos,35.664010300000236
DOGE,2024-05-01,90949,35681073.64000024,392.31958174361716,Outros ativos,35.681073640000236
DOGE,2024-06-01,54906,16726478.060000129,304.6384376935149,Outros ativos,16.72647806000013
DOGE,2024-07-01,59248,30823563.720000163,520.2464846070781,Outros ativos,30.823563720000163
DOGE,2024-08-01,48067,88426704.06999972,1839.6551494788466,Outros ativos,88.42670406999973
DOGE,2024-09-01,46267,13821592.159999935,298.73543043637875,Outros ativos,13.821592159999934
DOGE,2024-10-01,78241,29992615.70999998,383.33630334479335,Outros ativos,29.992615709999978
DOGE,2024-11-01,372515,291836049.5300021,783.420934808,Outros ativos,291.83604953000213
DOGE,2024-12-01,373115,164892976.5599984,441.9360694691942,Outros ativos,164.8929765599984
DOGE,2025-01-01,284786,110935064.43999748,389.53833559233067,Outros ativos,110.93506443999748
DOGE,2025-02-01,96195,42425035.77000027,441.03161047871794,Outros ativos,42.42503577000027
DOGE,2025-03-01,63369,20650794.979999892,325.8816610645567,Outros ativos,20.650794979999894
DOGE,2025-04-01,55602,16617473.070000142,298.8646644005637,Outros ativos,16.61747307000014
DOGE,2025-05-01,69773,31734900.680000044,454.83067490290006,Outros ativos,31.734900680000045
DOGE,2025-06-01,35650,20064707.440000027,562.8248931276305,Outros ativos,20.064707440000028
DOGE,2025-07-01,71391,43337880.469999894,607.0496346878443,Outros ativos,43.337880469999895
DOGE,2025-08-01,99995,36252812.15000085,362.5462488124491,Outros ativos,36.25281215000085
DOGE,2025-09-01,111104,40959249.95000046,368.65684358799376,Outros ativos,40.959249950000455
DOGE,2025-10-01,83947,42966633.14000054,511.8304780397219,Outros ativos,42.96663314000054
DOGE,2025-11-01,59663,16882267.220000587,282.9604146623634,Outros ativos,16.88226722000059
DOGE,2025-12-01,57684,244131883.30000213,4232.228751473583,Outros ativos,244.13188330000213
DOGE,2026-01-01,56848,73452698.00000036,1292.089396284836,Outros ativos,73.45269800000035
DOGE,2026-02-01,44123,17112549.530000236,387.8373984089984,Outros ativos,17.112549530000237
DOGE,2026-03-01,34637,11139554.49000036,321.60852527644886,Outros ativos,11.139554490000359
DOGE,2026-04-01,27278,5398767.510000025,197.9165448346662,Outros ativos,5.398767510000025
DOGE,2026-05-01,25453,6072341.900000015,238.5707735826824,Outros ativos,6.072341900000016
DOGE,2026-06-01,21673,6131431.640000017,282.90645688183537,Outros ativos,6.1314316400000175
EOS,2019-08-01,699,118991.08999999992,170.23045779685253,Outros ativos,0.11899108999999992
EOS,2019-09-01,658,466455.9300000002,708.8995896656538,Outros ativos,0.46645593000000024
EOS,2019-10-01,899,561582.6600000006,624.6748164627371,Outros ativos,0.5615826600000006
EOS,2019-11-01,904,544666.12,602.5067699115044,Outros ativos,0.54466612
EOS,2019-12-01,299,249814.8099999999,835.5010367892974,Outros ativos,0.24981480999999991
EOS,2020-01-01,1577,1010211.6700000011,640.5907863031078,Outros ativos,1.010211670000001
EOS,2020-02-01,1554,1035590.77,666.4033268983269,Outros ativos,1.03559077
EOS,2020-03-01,965,665848.9099999999,689.9988704663211,Outros ativos,0.6658489099999999
EOS,2020-04-01,1597,772411.2899999988,483.6639261114582,Outros ativos,0.7724112899999988
EOS,2020-05-01,5718,3045963.0899999947,532.6972875131155,Outros ativos,3.0459630899999945
EOS,2020-06-01,3548,1977796.8500000034,557.4399239007902,Outros ativos,1.9777968500000034
EOS,2020-07-01,4876,2720854.750000003,558.0095877768669,Outros ativos,2.7208547500000027
EOS,2020-08-01,9401,5885922.079999972,626.0953175194098,Outros ativos,5.885922079999972
EOS,2020-09-01,5016,2989514.8300000015,595.9957795055824,Outros ativos,2.9895148300000014
EOS,2020-10-01,4096,2540116.100000001,620.1455322265628,Outros ativos,2.540116100000001
EOS,2020-11-01,9669,6699629.379999967,692.89785706898,Outros ativos,6.699629379999967
EOS,2020-12-01,7969,5520053.909999956,692.6909160496871,Outros ativos,5.520053909999956
EOS,2021-01-01,20076,10022457.28999988,499.22580643553897,Outros ativos,10.02245728999988
EOS,2021-02-01,26303,15633632.359999828,594.3668919895003,Outros ativos,15.633632359999828
EOS,2021-03-01,14867,8160833.139999961,548.9226568910984,Outros ativos,8.16083313999996
EOS,2021-04-01,39990,25191471.43999992,629.944272068015,Outros ativos,25.19147143999992
EOS,2021-05-01,90735,69262913.76000063,763.353874028772,Outros ativos,69.26291376000063
EOS,2021-06-01,15604,7510564.789999971,481.32304473211815,Outros ativos,7.510564789999971
EOS,2021-07-01,10130,4233803.2799999975,417.9470167818359,Outros ativos,4.233803279999997
EOS,2021-08-01,18010,10928467.809999952,606.7999894503027,Outros ativos,10.928467809999953
EOS,2021-09-01,14997,8763916.179999886,584.3779542575106,Outros ativos,8.763916179999885
EOS,2021-10-01,13056,8938253.90999991,684.6089085477873,Outros ativos,8.938253909999911
EOS,2021-11-01,8196,4815499.679999983,587.5426647144928,Outros ativos,4.8154996799999825
EOS,2021-12-01,5903,2420445.580000002,410.0365204133495,Outros ativos,2.4204455800000018
EOS,2022-01-01,4273,1499487.8899999997,350.9215750058506,Outros ativos,1.4994878899999997
EOS,2022-02-01,3405,741168.6100000001,217.67066372980912,Outros ativos,0.7411686100000001
EOS,2022-03-01,3433,923251.1100000002,268.93420040780666,Outros ativos,0.9232511100000003
EOS,2022-04-01,2941,587063.1600000006,199.61345120707264,Outros ativos,0.5870631600000006
EOS,2022-05-01,4488,550386.6500000012,122.63517156862771,Outros ativos,0.5503866500000012
EOS,2022-06-01,2369,228353.65999999992,96.39242718446599,Outros ativos,0.2283536599999999
EOS,2022-07-01,2786,323981.6600000002,116.28918162239778,Outros ativos,0.3239816600000002
EOS,2022-08-01,4914,1240193.4799999995,252.37962555962545,Outros ativos,1.2401934799999996
EOS,2022-09-01,4367,686693.1499999998,157.2459697732997,Outros ativos,0.6866931499999998
EOS,2022-10-01,1980,229460.9299999998,115.88935858585847,Outros ativos,0.22946092999999979
EOS,2022-11-01,1470,164207.93999999997,111.70608163265304,Outros ativos,0.16420793999999997
EOS,2022-12-01,1257,114610.87000000001,91.17809864757359,Outros ativos,0.11461087
EOS,2023-01-01,1907,164465.70999999996,86.24316203460931,Outros ativos,0.16446570999999996
EOS,2023-02-01,2030,299464.84999999986,147.51963054187186,Outros ativos,0.29946484999999984
EOS,2023-03-01,3310,576702.7100000004,174.23042598187325,Outros ativos,0.5767027100000004
EOS,2023-04-01,1606,267803.01999999996,166.75156911581567,Outros ativos,0.26780301999999995
EOS,2023-05-01,1058,114483.09000000001,108.20707939508507,Outros ativos,0.11448309000000001
EOS,2023-06-01,2346,199915.12000000008,85.21531116794547,Outros ativos,0.19991512000000008
EOS,2023-07-01,2021,133644.12000000005,66.12771895101437,Outros ativos,0.13364412000000006
EOS,2023-08-01,1480,124005.61000000002,83.78757432432434,Outros ativos,0.12400561000000002
EOS,2023-09-01,1334,56510.589999999975,42.36176161919039,Outros ativos,0.05651058999999997
EOS,2023-10-01,1457,100002.40999999999,68.63583390528483,Outros ativos,0.10000240999999999
EOS,2023-11-01,1937,237772.0199999999,122.75272070211662,Outros ativos,0.2377720199999999
EOS,2023-12-01,2984,336844.25,112.88346179624665,Outros ativos,0.33684425
EOS,2024-01-01,9843,245552.8700000001,24.946954180635995,Outros ativos,0.24555287000000012
EOS,2024-02-01,6274,511314.3900000005,81.49735256614608,Outros ativos,0.5113143900000005
EOS,2024-03-01,9238,1595059.0699999996,172.66281337951932,Outros ativos,1.5950590699999996
EOS,2024-04-01,6038,699671.0399999984,115.87794633984737,Outros ativos,0.6996710399999984
EOS,2024-05-01,3038,462889.44999999966,152.36650757077012,Outros ativos,0.46288944999999965
EOS,2024-06-01,2105,336716.6700000001,159.96041330166275,Outros ativos,0.3367166700000001
EOS,2024-07-01,3249,279639.4099999999,86.06937827023697,Outros ativos,0.2796394099999999
EOS,2024-08-01,2862,283991.15,99.22821453529002,Outros ativos,0.28399115
EOS,2024-09-01,1327,90128.90999999999,67.91929917106253,Outros ativos,0.09012890999999999
EOS,2024-10-01,1968,256658.13000000012,130.4157164634147,Outros ativos,0.2566581300000001
EOS,2024-11-01,4871,959715.3299999998,197.02634571956474,Outros ativos,0.9597153299999999
EOS,2024-12-01,6954,2069044.8499999994,297.5330529191831,Outros ativos,2.0690448499999996
EOS,2025-01-01,3953,707945.0900000008,179.09058689602853,Outros ativos,0.7079450900000008
EOS,2025-02-01,1948,263677.9700000001,135.35830082135527,Outros ativos,0.2636779700000001
EOS,2025-03-01,1954,213856.71999999994,109.44560900716476,Outros ativos,0.21385671999999994
EOS,2025-04-01,3012,417015.5400000001,138.45137450199206,Outros ativos,0.4170155400000001
EOS,2025-05-01,1978,266767.63,134.86735591506573,Outros ativos,0.26676763
EOS,2025-06-01,522,67770.51999999999,129.8285823754789,Outros ativos,0.06777051999999999
EOS,2025-07-01,729,61865.94000000006,84.86411522633753,Outros ativos,0.061865940000000064
EOS,2025-08-01,305,41409.55999999999,135.76904918032784,Outros ativos,0.04140955999999999
EOS,2025-09-01,14,2220.92,158.63714285714286,Outros ativos,0.00222092
EOS,2025-10-01,8,1511.68,188.96,Outros ativos,0.00151168
EOS,2025-11-01,11,781.0799999999999,71.00727272727272,Outros ativos,0.00078108
EOS,2025-12-01,1,150.0,150.0,Outros ativos,0.00015
ETC,2019-08-01,13,972.03,74.77153846153846,Outros ativos,0.0009720299999999999
ETC,2019-09-01,6,897.14,149.52333333333334,Outros ativos,0.0008971399999999999
ETC,2019-11-01,8,135.51000000000002,16.938750000000002,Outros ativos,0.00013551
ETC,2019-12-01,2,12.899999999999999,6.449999999999999,Outros ativos,1.2899999999999998e-05
ETC,2020-01-01,6,78599.23,13099.871666666666,Outros ativos,0.07859922999999999
ETC,2020-02-01,1110,903952.2300000002,814.3713783783786,Outros ativos,0.9039522300000002
ETC,2020-03-01,1968,1615611.3399999982,820.9407215447145,Outros ativos,1.6156113399999983
ETC,2020-04-01,816,448907.31000000035,550.1315073529416,Outros ativos,0.44890731000000034
ETC,2020-05-01,2429,1785267.3999999953,734.9804034582113,Outros ativos,1.7852673999999953
ETC,2020-06-01,751,529575.4600000004,705.1603994673774,Outros ativos,0.5295754600000004
ETC,2020-07-01,859,480178.1900000005,558.9967287543661,Outros ativos,0.4801781900000005
ETC,2020-08-01,1350,742834.0599999991,550.2474518518512,Outros ativos,0.7428340599999991
ETC,2020-09-01,580,352225.80999999994,607.2858793103447,Outros ativos,0.3522258099999999
ETC,2020-10-01,563,228606.16000000015,406.0500177619896,Outros ativos,0.22860616000000014
ETC,2020-11-01,1390,644611.7999999998,463.7494964028776,Outros ativos,0.6446117999999998
ETC,2020-12-01,1054,535644.8799999994,508.2019734345346,Outros ativos,0.5356448799999994
ETC,2021-01-01,3009,1843052.310000002,612.5132303090734,Outros ativos,1.843052310000002
ETC,2021-02-01,6914,5505447.910000015,796.2753702632361,Outros ativos,5.505447910000015
ETC,2021-03-01,3574,2211676.690000001,618.8239199776164,Outros ativos,2.211676690000001
ETC,2021-04-01,16948,18858159.790000062,1112.7070916922387,Outros ativos,18.858159790000062
ETC,2021-05-01,53113,93487047.37000024,1760.1537734641283,Outros ativos,93.48704737000024
ETC,2021-06-01,4825,5441897.440000003,1127.8543917098452,Outros ativos,5.4418974400000035
ETC,2021-07-01,3194,3375986.429999993,1056.9775923606742,Outros ativos,3.375986429999993
ETC,2021-08-01,4560,5176176.310000015,1135.1263837719332,Outros ativos,5.176176310000016
ETC,2021-09-01,2035,1493613.049999999,733.9621867321863,Outros ativos,1.493613049999999
ETC,2021-10-01,1952,1560735.1199999999,799.5569262295081,Outros ativos,1.56073512
ETC,2021-11-01,1783,1350596.9300000006,757.485659001683,Outros ativos,1.3505969300000007
ETC,2021-12-01,844,383831.3299999998,454.7764573459713,Outros ativos,0.3838313299999998
ETC,2022-01-01,730,329471.67000000057,451.3310547945213,Outros ativos,0.32947167000000055
ETC,2022-02-01,933,355605.44999999984,381.14196141479084,Outros ativos,0.3556054499999998
ETC,2022-03-01,2564,1610311.27,628.0465171606864,Outros ativos,1.61031127
ETC,2022-04-01,763,246589.68999999997,323.1843905635648,Outros ativos,0.24658968999999997
ETC,2022-05-01,742,245235.15000000014,330.50559299191394,Outros ativos,0.24523515000000015
ETC,2022-06-01,511,116172.43000000004,227.34330724070458,Outros ativos,0.11617243000000003
ETC,2022-07-01,5564,3070231.8000000007,551.8029834651331,Outros ativos,3.0702318000000006
ETC,2022-08-01,5999,3656486.2200000067,609.5159559926666,Outros ativos,3.656486220000007
ETC,2022-09-01,4638,2660806.6400000053,573.696990081933,Outros ativos,2.6608066400000054
ETC,2022-10-01,1108,451019.2900000004,407.0571209386285,Outros ativos,0.4510192900000004
ETC,2022-11-01,1458,577354.03,395.99041838134434,Outros ativos,0.5773540300000001
ETC,2022-12-01,286,46508.979999999996,162.61881118881118,Outros ativos,0.04650898
ETC,2023-01-01,683,224324.68999999994,328.44024890190326,Outros ativos,0.22432468999999994
ETC,2023-02-01,416,107230.48000000003,257.765576923077,Outros ativos,0.10723048000000003
ETC,2023-03-01,439,107576.44000000009,245.0488382687929,Outros ativos,0.10757644000000009
ETC,2023-04-01,331,74790.76,225.95395770392747,Outros ativos,0.07479076
ETC,2023-05-01,271,68076.54999999999,251.20498154981544,Outros ativos,0.06807654999999999
ETC,2023-06-01,304,80539.01,264.9309539473684,Outros ativos,0.08053901
ETC,2023-07-01,345,55456.069999999985,160.74223188405793,Outros ativos,0.05545606999999998
ETC,2023-08-01,157,25744.29,163.9763694267516,Outros ativos,0.02574429
ETC,2023-09-01,202,30305.95,150.02945544554456,Outros ativos,0.03030595
ETC,2023-10-01,219,51935.90999999999,237.1502739726027,Outros ativos,0.05193590999999999
ETC,2023-11-01,442,65566.73,148.3410180995475,Outros ativos,0.06556672999999999
ETC,2023-12-01,653,132836.47,203.42491577335375,Outros ativos,0.13283647
ETC,2024-01-01,748,185293.40999999997,247.7184625668449,Outros ativos,0.18529340999999996
ETC,2024-02-01,3749,1758617.6699999925,469.08980261402843,Outros ativos,1.7586176699999925
ETC,2024-03-01,8278,2323266.049999992,280.65547837641844,Outros ativos,2.323266049999992
ETC,2024-04-01,4581,894592.9699999995,195.2833376991922,Outros ativos,0.8945929699999995
ETC,2024-05-01,3871,727217.7599999994,187.86302247481257,Outros ativos,0.7272177599999994
ETC,2024-06-01,2949,455131.1700000003,154.33406917599194,Outros ativos,0.45513117000000025
ETC,2024-07-01,2815,685934.3899999975,243.6711865008872,Outros ativos,0.6859343899999975
ETC,2024-08-01,2076,368374.18000000005,177.44421001926784,Outros ativos,0.36837418000000005
ETC,2024-09-01,1696,248446.56000000006,146.48971698113212,Outros ativos,0.24844656000000007
ETC,2024-10-01,2001,384210.9900000002,192.00949025487267,Outros ativos,0.3842109900000002
ETC,2024-11-01,7058,1946382.829999997,275.76974071975025,Outros ativos,1.946382829999997
ETC,2024-12-01,10767,5100886.889999987,473.7519169685137,Outros ativos,5.100886889999987
ETC,2025-01-01,4684,1134110.5100000012,242.1243616567039,Outros ativos,1.134110510000001
ETC,2025-02-01,2278,312227.0199999999,137.0619051799824,Outros ativos,0.3122270199999999
ETC,2025-03-01,2128,263273.2799999999,123.7186466165413,Outros ativos,0.2632732799999999
ETC,2025-04-01,1907,286345.0800000001,150.1547351861563,Outros ativos,0.2863450800000001
ETC,2025-05-01,45497,14068356.880000073,309.21504450843076,Outros ativos,14.068356880000074
ETC,2025-06-01,16002,2933192.529999955,183.3016204224444,Outros ativos,2.933192529999955
ETC,2025-07-01,37409,21040182.0400006,562.4363666497527,Outros ativos,21.040182040000598
ETC,2025-08-01,25885,13435827.140000207,519.0584176163882,Outros ativos,13.435827140000207
ETC,2025-09-01,15686,9275284.540000059,591.3097373454073,Outros ativos,9.275284540000058
ETC,2025-10-01,18833,11525526.970000168,611.9857149684154,Outros ativos,11.525526970000168
ETC,2025-11-01,16608,10175093.920000035,612.6622061657054,Outros ativos,10.175093920000036
ETC,2025-12-01,994,359180.57000000024,361.34866197183123,Outros ativos,0.35918057000000025
ETC,2026-01-01,8776,2359851.0699999877,268.8982531905182,Outros ativos,2.3598510699999875
ETC,2026-02-01,7404,1525809.4899999737,206.07907752565825,Outros ativos,1.5258094899999737
ETC,2026-03-01,7755,1526182.4799999772,196.79980399741808,Outros ativos,1.5261824799999772
ETC,2026-04-01,7688,2442403.579999996,317.6903720083241,Outros ativos,2.4424035799999957
ETC,2026-05-01,7899,1344316.4599999895,170.18818331434227,Outros ativos,1.3443164599999895
ETC,2026-06-01,7542,1374520.619999979,182.24882259347373,Outros ativos,1.3745206199999789
ETH,2019-08-01,67935,30053333.100000065,442.38364760432864,Ethereum,30.053333100000064
ETH,2019-09-01,65717,29727721.47000006,452.3596857738494,Ethereum,29.72772147000006
ETH,2019-10-01,49856,24631908.089999862,494.0610576460178,Ethereum,24.63190808999986
ETH,2019-11-01,38283,19589878.659999847,511.7122132539207,Ethereum,19.589878659999847
ETH,2019-12-01,29514,12806084.510000259,433.8986416615931,Ethereum,12.80608451000026
ETH,2020-01-01,51229,26052891.82999976,508.55749341192995,Ethereum,26.05289182999976
ETH,2020-02-01,95610,84364489.20000127,882.3814370881839,Ethereum,84.36448920000127
ETH,2020-03-01,93773,74764107.71000016,797.2882141981185,Ethereum,74.76410771000016
ETH,2020-04-01,134671,163608125.68000078,1214.872731917048,Ethereum,163.60812568000077
ETH,2020-05-01,164542,106422530.50000027,646.7803387584948,Ethereum,106.42253050000026
ETH,2020-06-01,69299,49180424.14999996,709.6844709158856,Ethereum,49.18042414999996
ETH,2020-07-01,95612,82571201.32000022,863.6070924151803,Ethereum,82.57120132000021
ETH,2020-08-01,148239,219748779.58000258,1482.395183318847,Ethereum,219.74877958000258
ETH,2020-09-01,182140,176276255.53000036,967.8063881080507,Ethereum,176.27625553000036
ETH,2020-10-01,82154,102464773.10000013,1247.228048542982,Ethereum,102.46477310000013
ETH,2020-11-01,187275,268411338.77000254,1433.2470365505408,Ethereum,268.41133877000254
ETH,2020-12-01,196485,256059322.27000043,1303.200357635445,Ethereum,256.05932227000045
ETH,2021-01-01,765633,1600727829.7800438,2090.7247072423,Ethereum,1600.7278297800437
ETH,2021-02-01,712483,1669961402.6001878,2343.8614010442184,Ethereum,1669.9614026001877
ETH,2021-03-01,463158,994364848.980056,2146.9236178152078,Ethereum,994.3648489800561
ETH,2021-04-01,691422,1596674274.4201484,2309.2616006146004,Ethereum,1596.6742744201483
ETH,2021-05-01,1077773,3488066867.3807344,3236.3650484663603,Ethereum,3488.0668673807345
ETH,2021-06-01,360074,1061928154.3199878,2949.194205413298,Ethereum,1061.9281543199877
ETH,2021-07-01,290156,744441143.9899769,2565.6582803387723,Ethereum,744.4411439899769
ETH,2021-08-01,506922,1419152024.4100013,2799.5471185113315,Ethereum,1419.1520244100013
ETH,2021-09-01,441258,1533351940.3100204,3474.955559581969,Ethereum,1533.3519403100204
ETH,2021-10-01,535486,1625216319.7100654,3035.0304577711936,Ethereum,1625.2163197100654
ETH,2021-11-01,426228,1336195514.750006,3134.9313389782133,Ethereum,1336.195514750006
ETH,2021-12-01,1074002,1285141305.0700808,1196.5911656310516,Ethereum,1285.1413050700808
ETH,2022-01-01,1024140,1022908288.2500497,998.7973209229692,Ethereum,1022.9082882500497
ETH,2022-02-01,768981,913046479.8200374,1187.3459549976362,Ethereum,913.0464798200373
ETH,2022-03-01,739118,607428963.8900429,821.8294831001855,Ethereum,607.428963890043
ETH,2022-04-01,625811,434352399.5500262,694.063222842082,Ethereum,434.3523995500262
ETH,2022-05-01,669301,689536320.3998474,1030.2335128736509,Ethereum,689.5363203998473
ETH,2022-06-01,897378,615268905.2900345,685.629584511805,Ethereum,615.2689052900346
ETH,2022-07-01,1781869,670562903.9899586,376.32559070838465,Ethereum,670.5629039899586
ETH,2022-08-01,1488412,642233907.7199559,431.48933744148525,Ethereum,642.2339077199559
ETH,2022-09-01,1221190,527360241.5599885,431.8412708587431,Ethereum,527.3602415599885
ETH,2022-10-01,774262,288544637.00999945,372.67053918440973,Ethereum,288.54463700999946
ETH,2022-11-01,834972,498960845.80000734,597.577937703309,Ethereum,498.96084580000735
ETH,2022-12-01,319379,178050626.72000116,557.4900877014493,Ethereum,178.05062672000116
ETH,2023-01-01,771368,271973314.3400007,352.585684575975,Ethereum,271.9733143400007
ETH,2023-02-01,607454,240753945.81000295,396.3328018417904,Ethereum,240.75394581000296
ETH,2023-03-01,820275,364155182.7900068,443.94280307214876,Ethereum,364.1551827900068
ETH,2023-04-01,645273,277166782.8000018,429.5341395037477,Ethereum,277.1667828000018
ETH,2023-05-01,473126,199161611.2400026,420.94835464549107,Ethereum,199.1616112400026
ETH,2023-06-01,440762,232533325.45000106,527.5711732182018,Ethereum,232.53332545000106
ETH,2023-07-01,447886,164948433.8900011,368.28218316714765,Ethereum,164.9484338900011
ETH,2023-08-01,535246,272272120.86000407,508.68595161851573,Ethereum,272.27212086000407
ETH,2023-09-01,483644,138733050.4100024,286.8495223966438,Ethereum,138.73305041000242
ETH,2023-10-01,600541,243458129.55000713,405.3980153728174,Ethereum,243.45812955000713
ETH,2023-11-01,691414,360463102.500009,521.3419203256067,Ethereum,360.463102500009
ETH,2023-12-01,767078,402423828.0200031,524.6191756509809,Ethereum,402.4238280200031
ETH,2024-01-01,978430,566395835.0500016,578.8823268399391,Ethereum,566.3958350500017
ETH,2024-02-01,1108732,723043323.9900787,652.1353437891922,Ethereum,723.0433239900786
ETH,2024-03-01,2081532,1783609076.1500683,856.8732434332348,Ethereum,1783.6090761500682
ETH,2024-04-01,1623240,1192886512.979963,734.8799394913649,Ethereum,1192.886512979963
ETH,2024-05-01,1105158,845784492.6900213,765.3064020619869,Ethereum,845.7844926900212
ETH,2024-06-01,1088338,718001218.4500321,659.7226398876379,Ethereum,718.0012184500321
ETH,2024-07-01,1051364,869282779.660027,826.8142904455802,Ethereum,869.282779660027
ETH,2024-08-01,1031151,1276871643.5900018,1238.2974400354574,Ethereum,1276.871643590002
ETH,2024-09-01,845581,909809653.9600234,1075.9580146195615,Ethereum,909.8096539600234
ETH,2024-10-01,949417,1026375893.1400317,1081.0591058934394,Ethereum,1026.3758931400316
ETH,2024-11-01,2175664,1992853710.1100395,915.9749437918904,Ethereum,1992.8537101100394
ETH,2024-12-01,2552856,2270612053.1300464,889.43992654895,Ethereum,2270.612053130046
ETH,2025-01-01,1804671,1427396029.3400505,790.9452910475375,Ethereum,1427.3960293400505
ETH,2025-02-01,1191346,1216391555.5700047,1021.0229065023971,Ethereum,1216.3915555700048
ETH,2025-03-01,1214615,1086468462.259983,894.496167312262,Ethereum,1086.468462259983
ETH,2025-04-01,882226,864680253.9300078,980.1119598946391,Ethereum,864.6802539300078
ETH,2025-05-01,1251504,1586940952.700006,1268.02707198699,Ethereum,1586.940952700006
ETH,2025-06-01,894939,1254341719.560089,1401.5946556805427,Ethereum,1254.3417195600891
ETH,2025-07-01,1281276,2136917221.8999388,1667.8039875092788,Ethereum,2136.917221899939
ETH,2025-08-01,1431179,2740626885.60994,1914.9434736045876,Ethereum,2740.62688560994
ETH,2025-09-01,955000,1238815490.3200088,1297.1889950994855,Ethereum,1238.8154903200088
ETH,2025-10-01,1077096,1597323430.6299543,1482.9907739235448,Ethereum,1597.3234306299544
ETH,2025-11-01,928414,1144412315.1399176,1232.6530137847099,Ethereum,1144.4123151399176
ETH,2025-12-01,557324,616520161.5800058,1106.2149872964483,Ethereum,616.5201615800057
ETH,2026-01-01,792699,728472793.1900127,918.977812751136,Ethereum,728.4727931900127
ETH,2026-02-01,709242,747024309.3299875,1053.2713930223922,Ethereum,747.0243093299875
ETH,2026-03-01,659747,656953717.1499786,995.7661302741485,Ethereum,656.9537171499786
ETH,2026-04-01,606905,543256521.9400065,895.1261267249512,Ethereum,543.2565219400065
ETH,2026-05-01,518159,386160312.100003,745.2544722758902,Ethereum,386.160312100003
ETH,2026-06-01,499516,417892314.439996,836.594452309828,Ethereum,417.892314439996
FIL,2021-02-01,7,14230.94,2032.9914285714287,Outros ativos,0.014230940000000001
FIL,2021-03-01,64,32895.09,513.98578125,Outros ativos,0.032895089999999995
FIL,2021-04-01,36,92512.01000000001,2569.778055555556,Outros ativos,0.09251201
FIL,2021-05-01,4,43219.880000000005,10804.970000000001,Outros ativos,0.04321988
FIL,2021-06-01,14,17600.06,1257.1471428571429,Outros ativos,0.01760006
FIL,2021-07-01,925,423866.68,458.23424864864865,Outros ativos,0.42386668
FIL,2021-08-01,1886,1179801.3599999992,625.5574549310707,Outros ativos,1.1798013599999992
FIL,2021-09-01,3933,5025161.480000009,1277.6917060767885,Outros ativos,5.025161480000008
FIL,2021-10-01,2078,2311016.130000001,1112.134807507219,Outros ativos,2.311016130000001
FIL,2021-11-01,1097,1014167.4999999998,924.4917958067455,Outros ativos,1.0141674999999997
FIL,2021-12-01,11799,4665465.079999991,395.411906093736,Outros ativos,4.665465079999991
FIL,2022-01-01,6946,2591183.6099999915,373.04687733947475,Outros ativos,2.5911836099999914
FIL,2022-02-01,3711,43318875.330000006,11673.10033144705,Outros ativos,43.318875330000004
FIL,2022-03-01,6949,4478815.250000011,644.5265865592188,Outros ativos,4.478815250000011
FIL,2022-04-01,5823,1690918.6399999978,290.3861652069376,Outros ativos,1.6909186399999978
FIL,2022-05-01,3735,1423361.1899999995,381.0873333333332,Outros ativos,1.4233611899999994
FIL,2022-06-01,2453,589248.2699999983,240.2153567060735,Outros ativos,0.5892482699999982
FIL,2022-07-01,4862,1271204.7399999974,261.45716577540054,Outros ativos,1.2712047399999975
FIL,2022-08-01,8637,3138483.380000015,363.3765636216296,Outros ativos,3.138483380000015
FIL,2022-09-01,2820,865211.3699999984,306.8125425531909,Outros ativos,0.8652113699999984
FIL,2022-10-01,1195,202731.50000000023,169.64979079497928,Outros ativos,0.20273150000000023
FIL,2022-11-01,1418,300651.7399999999,212.02520451339907,Outros ativos,0.3006517399999999
FIL,2022-12-01,1848,219849.85000000006,118.96636904761908,Outros ativos,0.21984985000000007
FIL,2023-01-01,1996,667447.3999999994,334.3924849699396,Outros ativos,0.6674473999999995
FIL,2023-02-01,5090,1692530.0999999987,332.5206483300587,Outros ativos,1.6925300999999986
FIL,2023-03-01,3469,1136862.139999999,327.7204208705676,Outros ativos,1.136862139999999
FIL,2023-04-01,1256,335326.84000000014,266.9799681528664,Outros ativos,0.3353268400000001
FIL,2023-05-01,972,243945.86000000004,250.97310699588482,Outros ativos,0.24394586000000004
FIL,2023-06-01,1978,518623.59999999957,262.19595551061656,Outros ativos,0.5186235999999995
FIL,2023-07-01,1806,561327.0299999994,310.81230897009937,Outros ativos,0.5613270299999994
FIL,2023-08-01,1170,312435.0100000001,267.0384700854702,Outros ativos,0.3124350100000001
FIL,2023-09-01,907,164832.61999999997,181.73386990077174,Outros ativos,0.16483261999999996
FIL,2023-10-01,1201,319557.1,266.0758534554538,Outros ativos,0.3195571
FIL,2023-11-01,1815,473778.0999999999,261.03476584022036,Outros ativos,0.4737780999999999
FIL,2023-12-01,3460,1156187.6699999983,334.1582861271671,Outros ativos,1.1561876699999982
FIL,2024-01-01,4760,1217394.6899999992,255.75518697478975,Outros ativos,1.2173946899999992
FIL,2024-02-01,7956,2597029.0799999973,326.4239668174959,Outros ativos,2.5970290799999973
FIL,2024-03-01,14902,6965433.209999994,467.41599852368773,Outros ativos,6.965433209999994
FIL,2024-04-01,9402,2846592.64,302.76458625824296,Outros ativos,2.8465926400000003
FIL,2024-05-01,5494,1529974.3499999999,278.4809519475792,Outros ativos,1.5299743499999998
FIL,2024-06-01,4480,1938675.4200000004,432.74004910714297,Outros ativos,1.9386754200000005
FIL,2024-07-01,3868,1028413.1199999984,265.87722854188166,Outros ativos,1.0284131199999984
FIL,2024-08-01,3815,629710.1200000007,165.06163040629113,Outros ativos,0.6297101200000007
FIL,2024-09-01,2003,644169.0400000002,321.60211682476296,Outros ativos,0.6441690400000002
FIL,2024-10-01,2320,374133.8100000001,161.26457327586212,Outros ativos,0.3741338100000001
FIL,2024-11-01,5783,1799450.0199999982,311.1620300881892,Outros ativos,1.799450019999998
FIL,2024-12-01,7798,3571209.829999999,457.9648409848678,Outros ativos,3.571209829999999
FIL,2025-01-01,4773,1159908.4599999993,243.01455269222694,Outros ativos,1.1599084599999994
FIL,2025-02-01,2981,702959.5899999995,235.81334786984218,Outros ativos,0.7029595899999995
FIL,2025-03-01,2055,980928.3099999992,477.3373771289534,Outros ativos,0.9809283099999992
FIL,2025-04-01,1675,1323633.6,790.2290149253732,Outros ativos,1.3236336000000002
FIL,2025-05-01,2002,187041.2800000003,93.42721278721294,Outros ativos,0.18704128000000028
FIL,2025-06-01,1498,171390.00000000006,114.41255006675571,Outros ativos,0.17139000000000007
FIL,2025-07-01,2106,429190.9300000001,203.7943637226971,Outros ativos,0.42919093000000014
FIL,2025-08-01,1580,232642.67,147.24219620253166,Outros ativos,0.23264267000000002
FIL,2025-09-01,1400,212990.5000000002,152.13607142857157,Outros ativos,0.2129905000000002
FIL,2025-10-01,1716,233405.4499999998,136.01716200466188,Outros ativos,0.23340544999999982
FIL,2025-11-01,3659,990677.7299999993,270.7509510795297,Outros ativos,0.9906777299999993
FIL,2025-12-01,1667,203098.13000000015,121.83451109778053,Outros ativos,0.20309813000000015
FIL,2026-01-01,2106,214402.6399999998,101.80562203228861,Outros ativos,0.2144026399999998
FIL,2026-02-01,1337,62366.57000000001,46.64664921465969,Outros ativos,0.06236657000000001
FIL,2026-03-01,1107,46323.50000000003,41.84598012646796,Outros ativos,0.04632350000000003
FIL,2026-04-01,777,50778.69999999999,65.35225225225224,Outros ativos,0.05077869999999999
FIL,2026-05-01,1153,70621.57999999999,61.25028620988724,Outros ativos,0.07062157999999999
FIL,2026-06-01,1227,135994.45999999985,110.83493072534625,Outros ativos,0.13599445999999984
ICP,2021-05-01,36,206895.45,5747.095833333334,Outros ativos,0.20689545
ICP,2021-06-01,34,14624.25,430.125,Outros ativos,0.01462425
ICP,2021-07-01,31,78574.98999999999,2534.677096774193,Outros ativos,0.07857499
ICP,2021-08-01,125,334944.1,2679.5528,Outros ativos,0.33494409999999997
ICP,2021-09-01,73,67901.94,930.1635616438357,Outros ativos,0.06790194000000001
ICP,2021-10-01,3027,2023494.079999998,668.481691443673,Outros ativos,2.023494079999998
ICP,2021-11-01,2177,1542806.1299999978,708.6844878272842,Outros ativos,1.5428061299999978
ICP,2021-12-01,16026,7340101.510000103,458.012074753532,Outros ativos,7.340101510000103
ICP,2022-01-01,38506,23938292.440000203,621.6769448917105,Outros ativos,23.938292440000204
ICP,2022-02-01,7444,3075309.710000006,413.1259685652883,Outros ativos,3.075309710000006
ICP,2022-03-01,6705,2703935.9100000025,403.271574944072,Outros ativos,2.7039359100000024
ICP,2022-04-01,4805,1351869.0399999984,281.34631425598303,Outros ativos,1.3518690399999984
ICP,2022-05-01,9352,1922022.8200000003,205.5199764756202,Outros ativos,1.9220228200000002
ICP,2022-06-01,5682,1891476.3800000001,332.8891904259064,Outros ativos,1.89147638
ICP,2022-07-01,4911,1186694.7399999988,241.64014253716124,Outros ativos,1.1866947399999987
ICP,2022-08-01,3361,870696.8299999995,259.0588604581968,Outros ativos,0.8706968299999995
ICP,2022-09-01,1819,380289.7200000002,209.0652666300166,Outros ativos,0.3802897200000002
ICP,2022-10-01,1758,281845.51999999984,160.321683731513,Outros ativos,0.28184551999999985
ICP,2022-11-01,2131,320869.6599999999,150.57234162365083,Outros ativos,0.3208696599999999
ICP,2022-12-01,1668,177130.4899999999,106.1933393285371,Outros ativos,0.1771304899999999
ICP,2023-01-01,3007,439138.17999999906,146.0386365147985,Outros ativos,0.43913817999999905
ICP,2023-02-01,5122,1071773.4399999997,209.24901210464657,Outros ativos,1.0717734399999996
ICP,2023-03-01,2767,485035.25000000035,175.29282616552234,Outros ativos,0.48503525000000036
ICP,2023-04-01,3374,882772.7,261.63980438648485,Outros ativos,0.8827727
ICP,2023-05-01,2644,507050.22999999975,191.77391452344924,Outros ativos,0.5070502299999997
ICP,2023-06-01,2166,272817.5800000005,125.95456140350899,Outros ativos,0.2728175800000005
ICP,2023-07-01,2288,266459.59000000055,116.45961101398625,Outros ativos,0.2664595900000005
ICP,2023-08-01,1934,206302.6100000003,106.67146328852135,Outros ativos,0.2063026100000003
ICP,2023-09-01,1708,112050.6400000001,65.60341920374714,Outros ativos,0.1120506400000001
ICP,2023-10-01,1822,237708.10000000024,130.4654774972559,Outros ativos,0.23770810000000023
ICP,2023-11-01,2680,503802.43000000005,187.9859813432836,Outros ativos,0.50380243
ICP,2023-12-01,10895,3635538.3299999973,333.6886948141347,Outros ativos,3.6355383299999975
ICP,2024-01-01,10874,3928138.3499999987,361.241341732573,Outros ativos,3.928138349999999
ICP,2024-02-01,8756,2709732.829999991,309.4715429419816,Outros ativos,2.709732829999991
ICP,2024-03-01,20557,8460392.299999999,411.5577321593617,Outros ativos,8.460392299999999
ICP,2024-04-01,15484,5316647.140000004,343.3639330922245,Outros ativos,5.316647140000004
ICP,2024-05-01,7954,2515441.6799999876,316.2486396781478,Outros ativos,2.5154416799999875
ICP,2024-06-01,5346,1960837.529999999,366.7859203142535,Outros ativos,1.9608375299999992
ICP,2024-07-01,6713,1955210.8399999912,291.25738715924194,Outros ativos,1.9552108399999912
ICP,2024-08-01,4141,1078381.389999998,260.41569427674426,Outros ativos,1.078381389999998
ICP,2024-09-01,3532,1048774.8499999992,296.93512174405413,Outros ativos,1.0487748499999991
ICP,2024-10-01,4292,996576.3300000005,232.1939259086674,Outros ativos,0.9965763300000006
ICP,2024-11-01,9318,4211609.169999994,451.986388710023,Outros ativos,4.211609169999995
ICP,2024-12-01,7972,4350710.299999995,545.7489086803807,Outros ativos,4.350710299999995
ICP,2025-01-01,5343,2010169.1700000043,376.22481190342586,Outros ativos,2.010169170000004
ICP,2025-02-01,2806,942300.9600000003,335.81645046329305,Outros ativos,0.9423009600000003
ICP,2025-03-01,2904,842857.4099999985,290.2401549586772,Outros ativos,0.8428574099999985
ICP,2025-04-01,1651,359228.0200000001,217.58208358570567,Outros ativos,0.3592280200000001
ICP,2025-05-01,2084,697798.6199999994,334.83619001919357,Outros ativos,0.6977986199999994
ICP,2025-06-01,1675,412820.96000000037,246.4602746268659,Outros ativos,0.41282096000000035
ICP,2025-07-01,2183,532343.8099999996,243.85882272102592,Outros ativos,0.5323438099999996
ICP,2025-08-01,1725,486887.35999999964,282.2535420289853,Outros ativos,0.48688735999999966
ICP,2025-09-01,1392,355253.77999999985,255.2110488505746,Outros ativos,0.35525377999999985
ICP,2025-10-01,2283,344637.8599999992,150.95832676303073,Outros ativos,0.3446378599999992
ICP,2025-11-01,9527,2849143.81999999,299.0599160281295,Outros ativos,2.84914381999999
ICP,2025-12-01,2790,916811.2899999999,328.60619713261644,Outros ativos,0.91681129
ICP,2026-01-01,3686,1408534.479999995,382.13089527943436,Outros ativos,1.408534479999995
ICP,2026-02-01,2328,407146.2699999993,174.89100945017154,Outros ativos,0.4071462699999993
ICP,2026-03-01,1485,259244.42999999996,174.57537373737372,Outros ativos,0.25924442999999997
ICP,2026-04-01,1019,190080.2199999998,186.53603532875348,Outros ativos,0.1900802199999998
ICP,2026-05-01,1717,245431.09000000005,142.94181129877697,Outros ativos,0.24543109000000005
ICP,2026-06-01,1577,294534.47,186.7688459099556,Outros ativos,0.29453447
IMOB01,2020-10-01,49,500799.99999999994,10220.408163265305,Outros ativos,0.5007999999999999
IMOB01,2021-08-01,58,1112690.83,19184.324655172415,Outros ativos,1.11269083
IOTA,2019-08-01,763,197646.4000000002,259.038532110092,Outros ativos,0.1976464000000002
IOTA,2019-09-01,537,400919.7200000001,746.5916573556799,Outros ativos,0.4009197200000001
IOTA,2019-10-01,876,441680.0600000002,504.20098173516004,Outros ativos,0.44168006000000015
IOTA,2019-11-01,579,224197.1400000002,387.21440414507805,Outros ativos,0.22419714000000018
IOTA,2019-12-01,623,236401.75000000017,379.4570626003213,Outros ativos,0.2364017500000002
IOTA,2020-01-01,1466,735743.2300000003,501.8712346521148,Outros ativos,0.7357432300000003
IOTA,2020-02-01,2932,1442372.0400000003,491.9413506139155,Outros ativos,1.4423720400000002
IOTA,2020-03-01,1201,418552.1600000012,348.5030474604506,Outros ativos,0.41855216000000117
IOTA,2020-04-01,1757,647546.0199999977,368.55208878770503,Outros ativos,0.6475460199999977
IOTA,2020-05-01,3323,1215976.8499999978,365.9274300331019,Outros ativos,1.2159768499999977
IOTA,2020-06-01,2609,649604.54,248.98602529704868,Outros ativos,0.64960454
IOTA,2020-07-01,3637,1075176.9600000023,295.6219301622222,Outros ativos,1.0751769600000023
IOTA,2020-08-01,6866,3413244.469999987,497.1227017186116,Outros ativos,3.413244469999987
IOTA,2020-09-01,2246,1106136.8800000004,492.49193232413194,Outros ativos,1.1061368800000004
IOTA,2020-10-01,1412,732461.5,518.7404390934844,Outros ativos,0.7324615
IOTA,2020-11-01,3154,1529768.4499999997,485.0248731769181,Outros ativos,1.5297684499999997
IOTA,2020-12-01,2521,833841.0700000012,330.7580602935348,Outros ativos,0.8338410700000012
IOTA,2021-01-01,9688,5140939.889999999,530.6502776630882,Outros ativos,5.1409398899999985
IOTA,2021-02-01,30664,21501743.239999942,701.2047756326618,Outros ativos,21.501743239999943
IOTA,2021-03-01,17330,15307265.0799999,883.2813087132083,Outros ativos,15.3072650799999
IOTA,2021-04-01,22525,18857223.840000022,837.1686499445071,Outros ativos,18.85722384000002
IOTA,2021-05-01,15570,12043842.579999981,773.5287463069994,Outros ativos,12.043842579999982
IOTA,2021-06-01,5631,3582161.7899999977,636.1502024507188,Outros ativos,3.5821617899999976
IOTA,2021-07-01,3607,2067150.9000000018,573.094233434988,Outros ativos,2.067150900000002
IOTA,2021-08-01,6882,4665399.649999983,677.9133464109245,Outros ativos,4.665399649999983
IOTA,2021-09-01,14346,12941700.439999998,902.11211766346,Outros ativos,12.941700439999998
IOTA,2021-10-01,8688,8937780.70000001,1028.7500805709035,Outros ativos,8.93778070000001
IOTA,2021-11-01,5197,4852836.059999998,933.7764210121219,Outros ativos,4.852836059999998
IOTA,2021-12-01,2768,2102351.5599999987,759.5200722543348,Outros ativos,2.1023515599999985
IOTA,2022-01-01,1244,978792.9600000003,786.8110610932479,Outros ativos,0.9787929600000003
IOTA,2022-02-01,667,300914.39999999997,451.1460269865067,Outros ativos,0.30091439999999997
IOTA,2022-03-01,802,594360.2900000005,741.097618453866,Outros ativos,0.5943602900000005
IOTA,2022-04-01,557,298287.4700000001,535.5250807899463,Outros ativos,0.2982874700000001
IOTA,2022-05-01,981,416492.11000000004,424.5587257900102,Outros ativos,0.41649211
IOTA,2022-06-01,454,113170.97000000003,249.27526431718067,Outros ativos,0.11317097000000002
IOTA,2022-07-01,725,209157.63,288.4932827586207,Outros ativos,0.20915763
IOTA,2022-08-01,306,72118.10000000005,235.68006535947728,Outros ativos,0.07211810000000005
IOTA,2022-09-01,440,148439.43000000008,337.3623409090911,Outros ativos,0.14843943000000007
IOTA,2022-10-01,432,154336.63999999998,357.2607407407407,Outros ativos,0.15433664
IOTA,2022-11-01,272,70766.03999999998,260.16926470588226,Outros ativos,0.07076603999999997
IOTA,2022-12-01,167,32952.960000000014,197.32311377245517,Outros ativos,0.03295296000000001
IOTA,2023-01-01,549,122740.62000000001,223.5712568306011,Outros ativos,0.12274062000000001
IOTA,2023-02-01,277,58409.269999999975,210.86379061371832,Outros ativos,0.05840926999999998
IOTA,2023-03-01,401,70560.93999999997,175.96244389027424,Outros ativos,0.07056093999999997
IOTA,2023-04-01,221,34829.53000000001,157.5996832579186,Outros ativos,0.03482953000000001
IOTA,2023-05-01,258,51572.62,199.89387596899226,Outros ativos,0.05157262
IOTA,2023-06-01,366,56223.74000000003,153.61677595628421,Outros ativos,0.05622374000000003
IOTA,2023-07-01,196,51679.84000000001,263.67265306122454,Outros ativos,0.05167984000000001
IOTA,2023-08-01,118,10925.970000000001,92.59296610169493,Outros ativos,0.010925970000000002
IOTA,2023-09-01,115,10710.519999999997,93.1349565217391,Outros ativos,0.010710519999999996
IOTA,2023-10-01,236,37888.33000000001,160.54377118644072,Outros ativos,0.03788833000000001
IOTA,2023-11-01,850,159612.12000000005,187.77896470588243,Outros ativos,0.15961212000000005
IOTA,2023-12-01,899,208533.81000000014,231.9619688542827,Outros ativos,0.20853381000000015
IOTA,2024-01-01,305,97984.89000000003,321.26193442622963,Outros ativos,0.09798489000000003
IOTA,2024-02-01,283,70876.05999999998,250.44544169611302,Outros ativos,0.07087605999999998
IOTA,2024-03-01,606,206017.74000000002,339.9632673267327,Outros ativos,0.20601774000000003
IOTA,2024-04-01,236,63571.44000000004,269.3705084745764,Outros ativos,0.06357144000000003
IOTA,2024-05-01,150,19910.23,132.73486666666668,Outros ativos,0.01991023
IOTA,2024-06-01,171,29670.060000000016,173.50912280701763,Outros ativos,0.029670060000000015
IOTA,2024-07-01,112,17256.809999999998,154.0786607142857,Outros ativos,0.017256809999999997
IOTA,2024-08-01,113,45531.47,402.9333628318584,Outros ativos,0.045531470000000004
IOTA,2024-09-01,126,20095.370000000003,159.48706349206353,Outros ativos,0.02009537
IOTA,2024-10-01,244,72838.08,298.5167213114754,Outros ativos,0.07283808
IOTA,2024-11-01,693,387732.5199999999,559.4985858585857,Outros ativos,0.3877325199999999
IOTA,2024-12-01,1757,906528.4799999993,515.9524644280019,Outros ativos,0.9065284799999993
IOTA,2025-01-01,537,174494.21,324.94266294227185,Outros ativos,0.17449420999999998
IOTA,2025-02-01,202,47307.30000000002,234.19455445544563,Outros ativos,0.04730730000000002
IOTA,2025-03-01,250,89743.49999999997,358.9739999999999,Outros ativos,0.08974349999999998
IOTA,2025-04-01,207,86437.42000000011,417.57207729468655,Outros ativos,0.08643742000000011
IOTA,2025-05-01,222,93712.58,422.1287387387387,Outros ativos,0.09371258
IOTA,2025-06-01,89,27918.340000000007,313.68921348314615,Outros ativos,0.027918340000000007
IOTA,2025-07-01,203,59379.399999999994,292.5093596059113,Outros ativos,0.05937939999999999
IOTA,2025-08-01,154,64491.04000000001,418.7729870129871,Outros ativos,0.06449104000000001
IOTA,2025-09-01,108,13882.740000000007,128.54388888888894,Outros ativos,0.013882740000000006
IOTA,2025-10-01,162,34927.590000000004,215.60240740740744,Outros ativos,0.03492759
IOTA,2025-11-01,100,23628.18999999999,236.28189999999992,Outros ativos,0.02362818999999999
IOTA,2025-12-01,94,20321.969999999998,216.19117021276594,Outros ativos,0.020321969999999998
IOTA,2026-01-01,141,20291.989999999994,143.9148226950354,Outros ativos,0.020291989999999996
IOTA,2026-02-01,70,11746.269999999999,167.8038571428571,Outros ativos,0.011746269999999998
IOTA,2026-03-01,252,33055.18,131.17134920634922,Outros ativos,0.03305518
IOTA,2026-04-01,63,7380.729999999999,117.15444444444442,Outros ativos,0.0073807299999999985
IOTA,2026-05-01,82,20779.100000000006,253.40365853658543,Outros ativos,0.020779100000000005
IOTA,2026-06-01,325,52300.07999999998,160.92332307692303,Outros ativos,0.05230007999999998
LINK,2019-08-01,6,31561.270000000004,5260.211666666667,Outros ativos,0.03156127
LINK,2019-09-01,46,473826.76999999996,10300.581956521739,Outros ativos,0.47382676999999995
LINK,2019-10-01,82,596748.98,7277.4265853658535,Outros ativos,0.59674898
LINK,2019-11-01,316,56719.02,179.49056962025315,Outros ativos,0.056719019999999995
LINK,2019-12-01,734,110528.91999999997,150.5843596730245,Outros ativos,0.11052891999999997
LINK,2020-01-01,1806,608530.1300000005,336.9491306755263,Outros ativos,0.6085301300000004
LINK,2020-02-01,2972,1803088.5199999958,606.6919650067281,Outros ativos,1.8030885199999958
LINK,2020-03-01,6100,3467746.0900000073,568.4829655737717,Outros ativos,3.4677460900000074
LINK,2020-04-01,3850,2116627.599999993,549.7734025974008,Outros ativos,2.116627599999993
LINK,2020-05-01,4484,2331501.5999999996,519.9602140945583,Outros ativos,2.3315015999999997
LINK,2020-06-01,2699,1607548.1799999997,595.6088106706186,Outros ativos,1.6075481799999998
LINK,2020-07-01,8818,7363439.9399999995,835.0464889997731,Outros ativos,7.363439939999999
LINK,2020-08-01,21132,23421914.619999938,1108.3624181336334,Outros ativos,23.42191461999994
LINK,2020-09-01,11260,9750155.399999963,865.9107815275278,Outros ativos,9.750155399999963
LINK,2020-10-01,6191,4917760.790000005,794.3402988208697,Outros ativos,4.917760790000004
LINK,2020-11-01,8295,6936175.709999999,836.1875479204339,Outros ativos,6.936175709999999
LINK,2020-12-01,40706,25070024.150000364,615.8803161696154,Outros ativos,25.070024150000364
LINK,2021-01-01,176809,190819940.74999487,1079.2433685502144,Outros ativos,190.81994074999488
LINK,2021-02-01,141399,186627174.42999208,1319.86205298476,Outros ativos,186.62717442999207
LINK,2021-03-01,122758,148036286.0799976,1205.9196637286173,Outros ativos,148.0362860799976
LINK,2021-04-01,183893,233224154.90999654,1268.260101852689,Outros ativos,233.22415490999654
LINK,2021-05-01,158199,212562535.9299984,1343.6401995587735,Outros ativos,212.5625359299984
LINK,2021-06-01,61045,75396431.02999932,1235.0959297239629,Outros ativos,75.39643102999932
LINK,2021-07-01,44464,51632965.14000045,1161.2307741094019,Outros ativos,51.63296514000045
LINK,2021-08-01,70200,79266369.03999953,1129.1505561253493,Outros ativos,79.26636903999953
LINK,2021-09-01,58721,64937435.570000134,1105.86392551217,Outros ativos,64.93743557000013
LINK,2021-10-01,54488,58218495.590000056,1068.4645351270015,Outros ativos,58.21849559000005
LINK,2021-11-01,50267,56917444.310000256,1132.30239142977,Outros ativos,56.917444310000256
LINK,2021-12-01,98651,45134128.07000092,457.51313286232187,Outros ativos,45.13412807000092
LINK,2022-01-01,35542,35979890.98999985,1012.3203812390933,Outros ativos,35.97989098999985
LINK,2022-02-01,17066,9845511.950000035,576.9080012891148,Outros ativos,9.845511950000034
LINK,2022-03-01,14373,10452475.620000036,727.2299185973726,Outros ativos,10.452475620000037
LINK,2022-04-01,11785,10812474.679999989,917.4776987696214,Outros ativos,10.812474679999989
LINK,2022-05-01,17908,45584509.99000018,2545.483023788261,Outros ativos,45.58450999000018
LINK,2022-06-01,17604,9034131.650000105,513.1863014087767,Outros ativos,9.034131650000104
LINK,2022-07-01,11438,4866302.849999995,425.4505027102636,Outros ativos,4.866302849999995
LINK,2022-08-01,11603,6251298.010000012,538.7656649142474,Outros ativos,6.251298010000012
LINK,2022-09-01,13736,6649720.680000001,484.10896039603966,Outros ativos,6.649720680000001
LINK,2022-10-01,18105,8162533.180000013,450.8441413974047,Outros ativos,8.162533180000013
LINK,2022-11-01,44168,15441390.760000104,349.60584042746115,Outros ativos,15.441390760000104
LINK,2022-12-01,27583,7084607.850000037,256.84689301381417,Outros ativos,7.084607850000037
LINK,2023-01-01,38745,8857579.250000011,228.61218866950603,Outros ativos,8.857579250000011
LINK,2023-02-01,43483,13256638.839999977,304.8694625485817,Outros ativos,13.256638839999978
LINK,2023-03-01,33789,10210257.420000002,302.17696350883426,Outros ativos,10.210257420000001
LINK,2023-04-01,33081,8461663.259999994,255.78619932891974,Outros ativos,8.461663259999995
LINK,2023-05-01,26142,5356105.009999963,204.8850512585098,Outros ativos,5.356105009999964
LINK,2023-06-01,31245,9802770.309999993,313.7388481357015,Outros ativos,9.802770309999993
LINK,2023-07-01,48823,14261564.759999989,292.1075058886178,Outros ativos,14.261564759999988
LINK,2023-08-01,30784,8846334.769999973,287.3679434121613,Outros ativos,8.846334769999974
LINK,2023-09-01,186607,26637356.360001054,142.74575101684854,Outros ativos,26.637356360001053
LINK,2023-10-01,241218,61362256.86000202,254.38506603985613,Outros ativos,61.36225686000202
LINK,2023-11-01,332346,129841128.43000135,390.68058117143386,Outros ativos,129.84112843000136
LINK,2023-12-01,205765,80099897.83000728,389.2785353680523,Outros ativos,80.09989783000728
LINK,2024-01-01,164902,65610744.16000113,397.8771886332557,Outros ativos,65.61074416000113
LINK,2024-02-01,315103,121077747.33999917,384.24815803086346,Outros ativos,121.07774733999916
LINK,2024-03-01,334994,136845873.98000145,408.50246267097754,Outros ativos,136.84587398000144
LINK,2024-04-01,204071,70410427.56000078,345.02907105860595,Outros ativos,70.41042756000078
LINK,2024-05-01,204795,70759767.27000123,345.51511155058097,Outros ativos,70.75976727000123
LINK,2024-06-01,168873,62669026.270001434,371.10151575445116,Outros ativos,62.66902627000143
LINK,2024-07-01,165863,57552050.830001205,346.9854689110965,Outros ativos,57.55205083000121
LINK,2024-08-01,145990,52687761.91000084,360.89980073978245,Outros ativos,52.68776191000084
LINK,2024-09-01,141404,37690108.3600009,266.5420239880124,Outros ativos,37.6901083600009
LINK,2024-10-01,165428,52326129.82000084,316.30757683101314,Outros ativos,52.326129820000844
LINK,2024-11-01,392825,169648191.25000194,431.86709412588795,Outros ativos,169.64819125000193
LINK,2024-12-01,854691,558822372.2300293,653.8297141657387,Outros ativos,558.8223722300294
LINK,2025-01-01,422716,262085609.17000562,620.0039959925946,Outros ativos,262.0856091700056
LINK,2025-02-01,230795,143228104.0500044,620.585818800253,Outros ativos,143.2281040500044
LINK,2025-03-01,236027,107355837.00000244,454.8455769890836,Outros ativos,107.35583700000244
LINK,2025-04-01,159933,62836330.74000156,392.89159047852263,Outros ativos,62.83633074000156
LINK,2025-05-01,169914,80837388.10000116,475.7547235660461,Outros ativos,80.83738810000115
LINK,2025-06-01,131670,68553534.3300011,520.6465734791608,Outros ativos,68.5535343300011
LINK,2025-07-01,207817,119574447.37000145,575.3833775388994,Outros ativos,119.57444737000145
LINK,2025-08-01,300294,275538071.57000595,917.5610287585032,Outros ativos,275.53807157000597
LINK,2025-09-01,161223,112318938.64000146,696.6682088783949,Outros ativos,112.31893864000146
LINK,2025-10-01,160699,131107659.97000095,815.8585925861453,Outros ativos,131.10765997000095
LINK,2025-11-01,136631,87367193.70000151,639.4390270143782,Outros ativos,87.36719370000151
LINK,2025-12-01,79646,31348782.230000697,393.6014643547786,Outros ativos,31.348782230000698
LINK,2026-01-01,97361,40011822.14000076,410.96354947053504,Outros ativos,40.01182214000076
LINK,2026-02-01,56316,27901317.530000247,495.44210402017626,Outros ativos,27.90131753000025
LINK,2026-03-01,74441,25828381.07000031,346.964456012148,Outros ativos,25.828381070000308
LINK,2026-04-01,54068,22127463.27999997,409.2524835392463,Outros ativos,22.127463279999972
LINK,2026-05-01,54679,19608693.310000002,358.6147023537373,Outros ativos,19.608693310000003
LINK,2026-06-01,48919,17544317.70000001,358.6401541323414,Outros ativos,17.54431770000001
LTC,2019-08-01,92620,66823611.50999998,721.481445800043,Outros ativos,66.82361150999998
LTC,2019-09-01,76099,43869418.579999596,576.4782530650809,Outros ativos,43.869418579999596
LTC,2019-10-01,51387,31743261.030000065,617.7294068538748,Outros ativos,31.743261030000063
LTC,2019-11-01,46990,23250359.940000158,494.79378463503207,Outros ativos,23.25035994000016
LTC,2019-12-01,31659,19117218.380000055,603.8478277898877,Outros ativos,19.117218380000054
LTC,2020-01-01,68890,39168644.379999705,568.5679253882959,Outros ativos,39.168644379999705
LTC,2020-02-01,94365,76661946.71999966,812.3981001430578,Outros ativos,76.66194671999966
LTC,2020-03-01,68584,46853960.52000064,683.1616779423865,Outros ativos,46.85396052000063
LTC,2020-04-01,49613,35360542.76999994,712.7273652066988,Outros ativos,35.360542769999945
LTC,2020-05-01,60521,45209661.45999995,747.0078395928678,Outros ativos,45.20966145999995
LTC,2020-06-01,37491,21819692.05999993,581.998134485608,Outros ativos,21.81969205999993
LTC,2020-07-01,51748,34213077.39000027,661.1478200123728,Outros ativos,34.21307739000027
LTC,2020-08-01,88863,79972995.25999941,899.9583095326448,Outros ativos,79.97299525999941
LTC,2020-09-01,56600,28027934.5299998,495.1931895759682,Outros ativos,28.0279345299998
LTC,2020-10-01,52377,29877387.149999905,570.4295234549498,Outros ativos,29.877387149999905
LTC,2020-11-01,135515,101897118.9900012,751.9250192967656,Outros ativos,101.8971189900012
LTC,2020-12-01,159840,165845109.11,1037.5695014389391,Outros ativos,165.84510911
LTC,2021-01-01,259004,250555971.85999578,967.3826344766713,Outros ativos,250.5559718599958
LTC,2021-02-01,312265,356158543.7400016,1140.5650448817562,Outros ativos,356.1585437400016
LTC,2021-03-01,205267,223360195.28999656,1088.1446861404734,Outros ativos,223.36019528999657
LTC,2021-04-01,345655,398959129.3899958,1154.2119436721466,Outros ativos,398.95912938999584
LTC,2021-05-01,407454,507647288.24998075,1245.9008581336316,Outros ativos,507.64728824998076
LTC,2021-06-01,134297,96288315.74999966,716.9803923393647,Outros ativos,96.28831574999965
LTC,2021-07-01,84620,50471025.72999944,596.4432253604282,Outros ativos,50.47102572999944
LTC,2021-08-01,148148,101678624.84999906,686.3314040688977,Outros ativos,101.67862484999905
LTC,2021-09-01,156845,124810205.21999991,795.7550780707062,Outros ativos,124.81020521999992
LTC,2021-10-01,153940,110495102.49999882,717.780320254637,Outros ativos,110.49510249999882
LTC,2021-11-01,177971,154387275.76999837,867.4855778188489,Outros ativos,154.38727576999838
LTC,2021-12-01,98772,64450279.609999895,652.5156887579466,Outros ativos,64.4502796099999
LTC,2022-01-01,69108,40196840.88999991,581.6524988423903,Outros ativos,40.19684088999991
LTC,2022-02-01,60106,31187005.490000084,518.8667602236063,Outros ativos,31.187005490000082
LTC,2022-03-01,49833,25123884.12000001,504.1615820841613,Outros ativos,25.12388412000001
LTC,2022-04-01,37404,18488438.650000036,494.29041412683233,Outros ativos,18.488438650000035
LTC,2022-05-01,53848,55531463.80000009,1031.2632558312303,Outros ativos,55.53146380000009
LTC,2022-06-01,52739,21064875.88000005,399.4174307438528,Outros ativos,21.064875880000052
LTC,2022-07-01,43238,17389034.260000035,402.17018039687395,Outros ativos,17.389034260000034
LTC,2022-08-01,32101,13685351.840000082,426.3216672377833,Outros ativos,13.685351840000083
LTC,2022-09-01,36447,14064168.260000024,385.8799972562906,Outros ativos,14.064168260000024
LTC,2022-10-01,79400,12256419.69999998,154.36296851385367,Outros ativos,12.25641969999998
LTC,2022-11-01,108767,22886847.849999964,210.4208799543976,Outros ativos,22.886847849999963
LTC,2022-12-01,73800,14720007.930000005,199.4581020325204,Outros ativos,14.720007930000005
LTC,2023-01-01,89497,16893980.189999968,188.7658825435486,Outros ativos,16.89398018999997
LTC,2023-02-01,76376,17047462.85999996,223.20444720854664,Outros ativos,17.047462859999957
LTC,2023-03-01,89280,27439028.52000002,307.33678897849484,Outros ativos,27.43902852000002
LTC,2023-04-01,56752,16527125.85999997,291.2166242599374,Outros ativos,16.52712585999997
LTC,2023-05-01,56827,19190247.119999927,337.69593890228106,Outros ativos,19.190247119999928
LTC,2023-06-01,58441,26293404.270000078,449.9136611283188,Outros ativos,26.293404270000078
LTC,2023-07-01,88598,30193676.710000418,340.7941117181022,Outros ativos,30.193676710000418
LTC,2023-08-01,134569,21073797.659999862,156.60217182263273,Outros ativos,21.07379765999986
LTC,2023-09-01,117411,18549173.459999867,157.98497125482166,Outros ativos,18.549173459999867
LTC,2023-10-01,167556,24552118.979999684,146.53082539568672,Outros ativos,24.552118979999683
LTC,2023-11-01,159958,31108928.9799999,194.4818576126227,Outros ativos,31.1089289799999
LTC,2023-12-01,247007,30076907.850000434,121.76540685081974,Outros ativos,30.076907850000435
LTC,2024-01-01,193382,28333717.13999989,146.51682752272646,Outros ativos,28.333717139999887
LTC,2024-02-01,202538,35744992.02000082,176.48536087055675,Outros ativos,35.74499202000082
LTC,2024-03-01,435561,97947467.58000122,224.87657889480744,Outros ativos,97.94746758000122
LTC,2024-04-01,282942,91594598.35000087,323.72217044482926,Outros ativos,91.59459835000088
LTC,2024-05-01,148940,33924321.060000025,227.77172727272745,Outros ativos,33.924321060000025
LTC,2024-06-01,131301,31087995.110000085,236.7689134888545,Outros ativos,31.087995110000087
LTC,2024-07-01,149417,45808151.80000042,306.57925001840766,Outros ativos,45.808151800000424
LTC,2024-08-01,130623,89743211.36999987,687.0398886107337,Outros ativos,89.74321136999987
LTC,2024-09-01,121850,26546074.87000048,217.85863660238394,Outros ativos,26.54607487000048
LTC,2024-10-01,163603,48623491.54000091,297.20415603626407,Outros ativos,48.623491540000906
LTC,2024-11-01,365568,140507512.4800012,384.35397102591367,Outros ativos,140.50751248000122
LTC,2024-12-01,602511,335038597.6100188,556.0705076090209,Outros ativos,335.03859761001877
LTC,2025-01-01,409540,187695936.95000562,458.30916870148366,Outros ativos,187.69593695000563
LTC,2025-02-01,327643,216057108.67000636,659.4284287166408,Outros ativos,216.05710867000636
LTC,2025-03-01,260483,200004324.19001007,767.8210255180187,Outros ativos,200.00432419001007
LTC,2025-04-01,157365,60114052.690001495,382.0039569790074,Outros ativos,60.11405269000149
LTC,2025-05-01,186018,88808204.79000323,477.41726494211974,Outros ativos,88.80820479000323
LTC,2025-06-01,117614,43294411.000000365,368.105931266689,Outros ativos,43.294411000000366
LTC,2025-07-01,200805,90326674.80000125,449.8228370807562,Outros ativos,90.32667480000124
LTC,2025-08-01,205243,92060663.04000151,448.5447154836049,Outros ativos,92.06066304000151
LTC,2025-09-01,124017,44240965.880000845,356.73307594927184,Outros ativos,44.24096588000084
LTC,2025-10-01,155131,99066550.63000129,638.5993168999187,Outros ativos,99.06655063000129
LTC,2025-11-01,138091,83351982.51000191,603.6018459566657,Outros ativos,83.35198251000192
LTC,2025-12-01,86595,182045199.7900019,2102.259943299289,Outros ativos,182.0451997900019
LTC,2026-01-01,101828,56716682.290000536,556.985134638808,Outros ativos,56.716682290000534
LTC,2026-02-01,50824,26416693.400000006,519.7680898787976,Outros ativos,26.416693400000007
LTC,2026-03-01,71429,19071953.990000036,267.00575382547754,Outros ativos,19.071953990000036
LTC,2026-04-01,59100,15468149.129999915,261.72841167512547,Outros ativos,15.468149129999915
LTC,2026-05-01,51049,14446783.4199999,282.9983627495132,Outros ativos,14.4467834199999
LTC,2026-06-01,53958,14126905.77999988,261.81299862856076,Outros ativos,14.12690577999988
MATIC,2019-08-01,50,189713.77999999997,3794.2755999999995,Outros ativos,0.18971377999999997
MATIC,2019-09-01,4,1011.8900000000001,252.97250000000003,Outros ativos,0.00101189
MATIC,2019-10-01,13,123191.36,9476.258461538462,Outros ativos,0.12319136
MATIC,2019-11-01,29,239935.85000000003,8273.650000000001,Outros ativos,0.23993585000000003
MATIC,2019-12-01,48,236755.86000000002,4932.413750000001,Outros ativos,0.23675586
MATIC,2020-06-01,1,25314.53,25314.53,Outros ativos,0.02531453
MATIC,2020-07-01,1,12515.0,12515.0,Outros ativos,0.012515
MATIC,2020-08-01,1,89.37,89.37,Outros ativos,8.937e-05
MATIC,2020-11-01,2,997.9200000000001,498.96000000000004,Outros ativos,0.00099792
MATIC,2021-02-01,33,229992.86,6969.480606060606,Outros ativos,0.22999286
MATIC,2021-03-01,41,72694.26999999999,1773.0309756097558,Outros ativos,0.07269426999999999
MATIC,2021-04-01,28,297980.58,10642.163571428571,Outros ativos,0.29798058
MATIC,2021-05-01,377,2961724.5599999996,7856.033315649866,Outros ativos,2.9617245599999995
MATIC,2021-06-01,193,1400715.3199999996,7257.592331606215,Outros ativos,1.4007153199999995
MATIC,2021-07-01,7604,7625599.510000006,1002.8405457653874,Outros ativos,7.625599510000006
MATIC,2021-08-01,21495,18403388.740000043,856.170678762505,Outros ativos,18.403388740000043
MATIC,2021-09-01,30791,25416399.650000114,825.4489834691992,Outros ativos,25.416399650000113
MATIC,2021-10-01,40622,44589913.83000014,1097.6789382600596,Outros ativos,44.58991383000014
MATIC,2021-11-01,31638,31768351.480000388,1004.120092294089,Outros ativos,31.768351480000387
MATIC,2021-12-01,46853,52228707.28999986,1114.7356047638327,Outros ativos,52.22870728999986
MATIC,2022-01-01,25039,19916953.800000187,795.4372698590274,Outros ativos,19.916953800000186
MATIC,2022-02-01,17192,29270131.520000003,1702.543713355049,Outros ativos,29.270131520000003
MATIC,2022-03-01,12413,6881020.139999999,554.3398163215983,Outros ativos,6.881020139999999
MATIC,2022-04-01,12689,4392293.6999999955,346.14971234927856,Outros ativos,4.392293699999995
MATIC,2022-05-01,23224,44162240.75999983,1901.577710988625,Outros ativos,44.162240759999825
MATIC,2022-06-01,20255,5097004.270000007,251.6417807948658,Outros ativos,5.097004270000007
MATIC,2022-07-01,35132,17422922.620000023,495.9274342479797,Outros ativos,17.422922620000023
MATIC,2022-08-01,24730,11190006.16000003,452.48710715730004,Outros ativos,11.19000616000003
MATIC,2022-09-01,30290,7549257.86,249.23267943215583,Outros ativos,7.54925786
MATIC,2022-10-01,139116,13105614.409999998,94.2063774835389,Outros ativos,13.105614409999998
MATIC,2022-11-01,166363,65612811.29000005,394.3954562613084,Outros ativos,65.61281129000005
MATIC,2022-12-01,94027,13989612.549999991,148.78292990311286,Outros ativos,13.989612549999991
MATIC,2023-01-01,362678,44402145.3900036,122.42856029316253,Outros ativos,44.4021453900036
MATIC,2023-02-01,421991,89422955.2300045,211.907256860939,Outros ativos,89.4229552300045
MATIC,2023-03-01,321159,61997080.7500036,193.041704420563,Outros ativos,61.9970807500036
MATIC,2023-04-01,262058,33802083.08000308,128.98702989415733,Outros ativos,33.80208308000308
MATIC,2023-05-01,219659,22942157.480003007,104.4444228554396,Outros ativos,22.942157480003008
MATIC,2023-06-01,274400,45938902.6400015,167.41582594752734,Outros ativos,45.9389026400015
MATIC,2023-07-01,320186,50553310.97000342,157.88732477373594,Outros ativos,50.553310970003416
MATIC,2023-08-01,370114,48453223.94000197,130.9143235327547,Outros ativos,48.45322394000197
MATIC,2023-09-01,227728,29204496.360000785,128.2428878311002,Outros ativos,29.204496360000785
MATIC,2023-10-01,319818,63630188.79000068,198.95749704519656,Outros ativos,63.63018879000068
MATIC,2023-11-01,416843,133903627.80000082,321.2327610155402,Outros ativos,133.9036278000008
MATIC,2023-12-01,289142,81184203.47000025,280.77623959853725,Outros ativos,81.18420347000026
MATIC,2024-01-01,366864,80276055.9900022,218.81693485870022,Outros ativos,80.2760559900022
MATIC,2024-02-01,312052,108452554.70999473,347.54641761627784,Outros ativos,108.45255470999473
MATIC,2024-03-01,505865,171784695.7000038,339.5860470679011,Outros ativos,171.7846957000038
MATIC,2024-04-01,400167,93322850.62000328,233.20976147459257,Outros ativos,93.32285062000328
MATIC,2024-05-01,248083,61992373.270001985,249.8856159833684,Outros ativos,61.992373270001984
MATIC,2024-06-01,209738,55453584.140001915,264.39455005770014,Outros ativos,55.453584140001915
MATIC,2024-07-01,225206,54821513.980004005,243.42830111100062,Outros ativos,54.821513980004006
MATIC,2024-08-01,206949,114217137.23000233,551.9095875312388,Outros ativos,114.21713723000232
MATIC,2024-09-01,171126,37519550.40000065,219.25102205392895,Outros ativos,37.51955040000065
MATIC,2024-10-01,149708,30023397.34000139,200.54637921822072,Outros ativos,30.023397340001388
MATIC,2024-11-01,467612,200631147.26000145,429.05474466010594,Outros ativos,200.63114726000146
MATIC,2024-12-01,437714,213707704.80000323,488.23593670753786,Outros ativos,213.70770480000323
MATIC,2025-01-01,227734,68952324.79000239,302.7757154838645,Outros ativos,68.9523247900024
MATIC,2025-02-01,9862,1455827.2500000014,147.61987933482067,Outros ativos,1.4558272500000013
MATIC,2025-03-01,5778,941710.3000000012,162.98205261336125,Outros ativos,0.9417103000000012
MATIC,2025-04-01,5102,823870.8700000006,161.47998235985898,Outros ativos,0.8238708700000006
MATIC,2025-05-01,5639,951038.170000001,168.65369214399735,Outros ativos,0.951038170000001
MATIC,2025-06-01,3943,652106.7499999998,165.38340096373315,Outros ativos,0.6521067499999997
MATIC,2025-07-01,6709,1430130.5999999936,213.16598598896908,Outros ativos,1.4301305999999936
MATIC,2025-08-01,4670,908951.2099999982,194.63623340471054,Outros ativos,0.9089512099999982
MATIC,2025-09-01,3641,636858.3299999984,174.91302664103225,Outros ativos,0.6368583299999985
MATIC,2025-10-01,2663,390277.86999999976,146.55571535861802,Outros ativos,0.39027786999999975
MATIC,2025-11-01,12,3939.09,328.2575,Outros ativos,0.00393909
MATIC,2025-12-01,100,27160.040000000005,271.60040000000004,Outros ativos,0.027160040000000003
MATIC,2026-01-01,84,682.48,8.124761904761906,Outros ativos,0.0006824800000000001
MATIC,2026-02-01,62,484.88,7.820645161290322,Outros ativos,0.00048488
MATIC,2026-03-01,54,618.41,11.452037037037037,Outros ativos,0.00061841
MATIC,2026-04-01,59,513.38,8.70135593220339,Outros ativos,0.00051338
MATIC,2026-05-01,38,377.69,9.93921052631579,Outros ativos,0.00037769
MBCONS02,2020-09-01,105,48668.47000000001,463.5092380952382,Outros ativos,0.048668470000000005
MBCONS02,2020-10-01,113,31179.470000000012,275.9245132743364,Outros ativos,0.03117947000000001
MBCONS02,2020-11-01,154,33036.97000000002,214.52577922077938,Outros ativos,0.03303697000000002
MBCONS02,2020-12-01,525,626015.4099999998,1192.4103047619044,Outros ativos,0.6260154099999998
MBCONS02,2021-02-01,311,53018.82999999999,170.47855305466234,Outros ativos,0.05301882999999999
MBPRK02,2020-09-01,328,182166.25999999986,555.3849390243898,Outros ativos,0.18216625999999986
MBPRK02,2020-10-01,237,95869.85000000005,404.5141350210973,Outros ativos,0.09586985000000005
MBPRK02,2020-11-01,465,344795.78,741.4963010752689,Outros ativos,0.34479578000000005
MBPRK02,2020-12-01,432,436472.2100000001,1010.3523379629631,Outros ativos,0.4364722100000001
MBPRK02,2021-01-01,2812,761631.839999996,270.8505832147923,Outros ativos,0.7616318399999961
MBPRK02,2021-02-01,890,276002.80999999965,310.1155168539322,Outros ativos,0.27600280999999965
MBPRK02,2021-03-01,1769,564058.9300000002,318.85750706613914,Outros ativos,0.5640589300000002
MBPRK02,2021-04-01,1384,595220.8700000001,430.07288294797695,Outros ativos,0.5952208700000001
MBPRK02,2021-05-01,491,437866.06000000023,891.7842362525463,Outros ativos,0.4378660600000002
MBPRK02,2021-06-01,346,269535.12999999995,779.0032658959536,Outros ativos,0.26953512999999996
MBPRK02,2021-07-01,384,257792.63,671.3349739583333,Outros ativos,0.25779263
MBPRK02,2021-08-01,267,111329.61999999991,416.96486891385734,Outros ativos,0.11132961999999991
MBPRK02,2021-09-01,303,165033.4700000001,544.6649174917495,Outros ativos,0.1650334700000001
MBPRK02,2021-10-01,371,149242.70999999996,402.27145552560637,Outros ativos,0.14924270999999997
MBPRK02,2021-11-01,514,123860.70999999999,240.97414396887157,Outros ativos,0.12386070999999998
MBPRK02,2021-12-01,306,161110.68,526.5054901960784,Outros ativos,0.16111068
MBPRK02,2022-01-01,243,93898.95000000003,386.41543209876556,Outros ativos,0.09389895000000002
MBPRK02,2022-02-01,26,15912.400000000001,612.0153846153846,Outros ativos,0.0159124
MBPRK02,2022-03-01,20,5661.74,283.087,Outros ativos,0.00566174
MBPRK02,2022-04-01,25,10968.62,438.74480000000005,Outros ativos,0.01096862
MBPRK02,2022-05-01,18,9983.65,554.6472222222222,Outros ativos,0.00998365
MBPRK02,2022-06-01,10,5265.8,526.58,Outros ativos,0.0052658
MBPRK02,2022-07-01,5,15473.66,3094.732,Outros ativos,0.01547366
MBPRK02,2022-08-01,9,2796.95,310.7722222222222,Outros ativos,0.00279695
MBPRK02,2022-09-01,10,1784.9199999999998,178.492,Outros ativos,0.00178492
MBPRK02,2022-10-01,15,9706.21,647.0806666666666,Outros ativos,0.00970621
MBPRK02,2022-11-01,25,45106.240000000005,1804.2496,Outros ativos,0.045106240000000006
MBPRK02,2022-12-01,25,11068.269999999999,442.73079999999993,Outros ativos,0.011068269999999998
MBPRK02,2023-01-01,26,9600.740000000002,369.25923076923084,Outros ativos,0.009600740000000002
MBPRK02,2023-02-01,40,27368.55,684.21375,Outros ativos,0.02736855
MBPRK02,2023-03-01,136,59967.100000000006,440.93455882352947,Outros ativos,0.05996710000000001
MBPRK02,2023-04-01,38,9437.18,248.34684210526316,Outros ativos,0.00943718
MBPRK02,2023-05-01,63,17616.710000000006,279.63031746031754,Outros ativos,0.017616710000000008
MBPRK02,2023-06-01,39,15301.890000000003,392.3561538461539,Outros ativos,0.015301890000000004
MBPRK02,2023-07-01,27,19528.050000000003,723.2611111111112,Outros ativos,0.01952805
MBPRK02,2023-08-01,1025,4857635.919999994,4739.156995121945,Outros ativos,4.857635919999995
MBPRK03,2020-09-01,426,238286.11999999985,559.3570892018776,Outros ativos,0.23828611999999985
MBPRK03,2020-10-01,412,191526.23999999996,464.8695145631067,Outros ativos,0.19152623999999996
MBPRK03,2020-11-01,582,212897.68000000002,365.80357388316156,Outros ativos,0.21289768000000003
MBPRK03,2020-12-01,1594,1971814.1800000002,1237.0226976160604,Outros ativos,1.9718141800000002
MBPRK03,2021-01-01,1121,430850.6200000003,384.34488849241774,Outros ativos,0.4308506200000003
MBPRK03,2021-02-01,643,307770.1699999999,478.64723172628294,Outros ativos,0.3077701699999999
MBPRK03,2021-03-01,971,277275.2100000001,285.5563439752833,Outros ativos,0.2772752100000001
MBPRK03,2021-04-01,872,263227.52999999997,301.8664334862385,Outros ativos,0.26322753
MBPRK03,2021-05-01,501,592396.79,1182.4287225548903,Outros ativos,0.59239679
MBPRK03,2021-06-01,158,41116.470000000016,260.23082278481024,Outros ativos,0.041116470000000016
MBPRK03,2021-07-01,165,30486.23,184.7650303030303,Outros ativos,0.03048623
MBPRK03,2021-08-01,203,61048.720000000016,300.73261083743853,Outros ativos,0.061048720000000015
MBPRK03,2021-09-01,223,54226.75000000002,243.16928251121087,Outros ativos,0.054226750000000025
MBPRK03,2021-10-01,92,26834.90000000001,291.683695652174,Outros ativos,0.02683490000000001
MBPRK03,2021-12-01,1,495.59,495.59,Outros ativos,0.00049559
MBPRK03,2022-01-01,80,72636.79,907.9598749999999,Outros ativos,0.07263678999999999
MBPRK03,2022-02-01,39,87910.47,2254.1146153846153,Outros ativos,0.08791047
MBPRK03,2022-03-01,27,16560.920000000002,613.3674074074074,Outros ativos,0.016560920000000003
MBPRK03,2022-04-01,17,7949.03,467.59,Outros ativos,0.00794903
MBPRK03,2022-05-01,9,1504.32,167.14666666666665,Outros ativos,0.00150432
MBPRK03,2022-06-01,13,19152.160000000003,1473.2430769230773,Outros ativos,0.019152160000000005
MBPRK03,2022-07-01,13,5297.35,407.4884615384616,Outros ativos,0.00529735
MBPRK03,2022-08-01,12,4569.259999999999,380.7716666666666,Outros ativos,0.0045692599999999995
MBPRK03,2022-09-01,8,2830.5500000000006,353.8187500000001,Outros ativos,0.0028305500000000007
MBPRK03,2022-10-01,7,1808.4300000000003,258.3471428571429,Outros ativos,0.0018084300000000002
MBPRK03,2022-11-01,7,1154.6499999999999,164.95,Outros ativos,0.00115465
MBPRK03,2022-12-01,9,4702.9000000000015,522.5444444444446,Outros ativos,0.004702900000000001
MBPRK03,2023-01-01,10,74010.4,7401.039999999999,Outros ativos,0.07401039999999999
MBPRK03,2023-02-01,6,1170.1799999999998,195.02999999999997,Outros ativos,0.0011701799999999998
MBPRK03,2023-03-01,11,14338.84,1303.530909090909,Outros ativos,0.01433884
MBPRK03,2023-04-01,8,7735.25,966.90625,Outros ativos,0.00773525
MBPRK03,2023-05-01,7,74436.21,10633.744285714287,Outros ativos,0.07443621
MBPRK03,2023-06-01,3,490.11,163.37,Outros ativos,0.00049011
MBPRK03,2023-07-01,6,618.88,103.14666666666666,Outros ativos,0.00061888
MBPRK03,2023-08-01,2,8083.47,4041.735,Outros ativos,0.00808347
MBPRK03,2023-09-01,2,194.82,97.41,Outros ativos,0.00019481999999999998
MBPRK03,2023-10-01,1,210.69,210.69,Outros ativos,0.00021069
MBPRK03,2023-11-01,3,292.31,97.43666666666667,Outros ativos,0.00029231
MBPRK03,2023-12-01,8,1254.3400000000001,156.79250000000002,Outros ativos,0.00125434
MBPRK03,2024-01-01,7,3112.12,444.5885714285714,Outros ativos,0.00311212
MBPRK03,2024-02-01,7,12157.66,1736.8085714285714,Outros ativos,0.01215766
MBPRK03,2024-03-01,13,9784.880000000001,752.683076923077,Outros ativos,0.009784880000000001
MBPRK03,2024-04-01,3,1091.93,363.9766666666667,Outros ativos,0.00109193
MBPRK03,2024-05-01,3,1140.89,380.2966666666667,Outros ativos,0.00114089
MBPRK03,2024-06-01,3,8559.79,2853.263333333334,Outros ativos,0.008559790000000001
MBPRK03,2024-07-01,2,466.12,233.06,Outros ativos,0.00046612
MBPRK03,2024-12-01,2,322.96000000000004,161.48000000000002,Outros ativos,0.00032296
MBPRK04,2020-09-01,161,124976.30999999998,776.2503726708073,Outros ativos,0.12497630999999998
MBPRK04,2020-10-01,134,35932.70000000001,268.15447761194037,Outros ativos,0.03593270000000001
MBPRK04,2020-11-01,233,118261.51000000004,507.560128755365,Outros ativos,0.11826151000000004
MBPRK04,2020-12-01,331,235349.1499999999,711.0246223564952,Outros ativos,0.2353491499999999
MBPRK04,2021-01-01,3429,1031026.3199999966,300.6784251968494,Outros ativos,1.0310263199999965
MBPRK04,2021-02-01,970,190889.3899999996,196.7931855670099,Outros ativos,0.1908893899999996
MBPRK04,2021-03-01,1129,194041.83000000013,171.87053144375565,Outros ativos,0.19404183000000014
MBPRK04,2021-04-01,920,295513.8700000002,321.2107282608698,Outros ativos,0.29551387000000023
MBPRK04,2021-05-01,699,350684.7499999998,501.6949213161657,Outros ativos,0.3506847499999998
MBPRK04,2021-06-01,175,86169.59,492.3976571428571,Outros ativos,0.08616958999999999
MBPRK04,2021-07-01,272,164010.01,602.9779779411765,Outros ativos,0.16401001
MBPRK04,2021-08-01,243,151356.24,622.8651851851852,Outros ativos,0.15135624
MBPRK04,2021-09-01,273,143563.58000000002,525.8739194139195,Outros ativos,0.14356358000000002
MBPRK04,2021-10-01,376,153198.77,407.44353723404254,Outros ativos,0.15319876999999998
MBPRK04,2021-11-01,630,177136.61999999994,281.169238095238,Outros ativos,0.17713661999999994
MBPRK04,2021-12-01,338,95618.51999999997,282.89502958579874,Outros ativos,0.09561851999999997
MBPRK04,2022-01-01,108,30290.420000000002,280.46685185185186,Outros ativos,0.030290420000000002
MBPRK04,2022-02-01,70,23794.719999999994,339.92457142857137,Outros ativos,0.023794719999999995
MBPRK04,2022-03-01,164,39755.91999999999,242.41414634146335,Outros ativos,0.03975591999999999
MBPRK04,2022-04-01,242,80111.44000000006,331.03900826446306,Outros ativos,0.08011144000000006
MBPRK04,2022-05-01,18,7831.54,435.0855555555556,Outros ativos,0.00783154
MBPRK04,2022-06-01,12,7143.96,595.33,Outros ativos,0.00714396
MBPRK04,2022-07-01,45,60397.56000000001,1342.1680000000003,Outros ativos,0.06039756000000001
MBPRK04,2022-08-01,28,21957.2,784.1857142857143,Outros ativos,0.0219572
MBPRK04,2022-09-01,67,21073.32,314.5271641791045,Outros ativos,0.02107332
MBPRK04,2022-10-01,15,3000.2599999999998,200.0173333333333,Outros ativos,0.00300026
MBPRK04,2022-11-01,121,40771.21000000001,336.95214876033066,Outros ativos,0.04077121000000001
MBPRK04,2022-12-01,201,62187.40000000001,309.39004975124385,Outros ativos,0.06218740000000001
MBPRK04,2023-01-01,187,65291.16999999999,349.1506417112299,Outros ativos,0.06529117
MBPRK04,2023-02-01,91,27784.66,305.32593406593406,Outros ativos,0.02778466
MBPRK04,2023-03-01,96,26033.31,271.1803125,Outros ativos,0.02603331
MBPRK04,2023-04-01,98,23986.310000000005,244.7582653061225,Outros ativos,0.023986310000000004
MBPRK04,2023-05-01,146,46139.38999999999,316.0232191780821,Outros ativos,0.046139389999999995
MBPRK04,2023-06-01,36,9284.34,257.8983333333333,Outros ativos,0.00928434
MBPRK04,2023-07-01,62,28510.82,459.851935483871,Outros ativos,0.02851082
MBPRK04,2023-08-01,57,12722.970000000001,223.21,Outros ativos,0.012722970000000002
MBPRK04,2023-09-01,39,11902.239999999998,305.18564102564096,Outros ativos,0.011902239999999998
MBPRK04,2023-10-01,35,12193.380000000001,348.38228571428573,Outros ativos,0.01219338
MBPRK04,2023-11-01,39,7327.0,187.87179487179486,Outros ativos,0.007327
MBPRK04,2023-12-01,66,21279.43,322.4156060606061,Outros ativos,0.021279430000000002
MBPRK04,2024-01-01,83,26468.829999999994,318.9015662650602,Outros ativos,0.026468829999999995
MBPRK04,2024-02-01,70,19105.93,272.94185714285715,Outros ativos,0.01910593
MBPRK04,2024-03-01,21,2108.03,100.38238095238096,Outros ativos,0.0021080300000000003
MBPRK04,2024-04-01,7,1518.85,216.97857142857143,Outros ativos,0.00151885
MBPRK04,2024-05-01,9,2725.62,302.84666666666664,Outros ativos,0.0027256199999999998
MBPRK04,2024-06-01,5,1132.21,226.442,Outros ativos,0.00113221
MBPRK04,2024-07-01,10,6834.860000000001,683.4860000000001,Outros ativos,0.006834860000000001
MBPRK04,2024-08-01,6,897.1100000000001,149.51833333333335,Outros ativos,0.0008971100000000001
MBPRK04,2024-09-01,4,315.0,78.75,Outros ativos,0.000315
MBPRK04,2024-10-01,9,1190.02,132.22444444444443,Outros ativos,0.00119002
MBPRK04,2024-11-01,19,1347.52,70.92210526315789,Outros ativos,0.00134752
MBPRK04,2024-12-01,508,12240760.870000003,24095.985964566935,Outros ativos,12.240760870000003
MBPRK04,2025-01-01,14,2531.8599999999997,180.84714285714284,Outros ativos,0.0025318599999999995
MBPRK04,2025-03-01,1,21.0,21.0,Outros ativos,2.1e-05
MBPRK04,2025-10-01,1,100.81,100.81,Outros ativos,0.00010081
MBPRK04,2025-12-01,1,1250.8,1250.8,Outros ativos,0.0012508
MCO2,2021-02-01,57925,64094235.189998545,1106.5038444540103,Outros ativos,64.09423518999854
MCO2,2021-03-01,44417,64891762.24000037,1460.9667973974013,Outros ativos,64.89176224000036
MCO2,2021-04-01,40020,68797359.8400003,1719.0744587706222,Outros ativos,68.7973598400003
MCO2,2021-05-01,22398,23463753.70999992,1047.5825390659845,Outros ativos,23.463753709999917
MCO2,2021-06-01,8858,11765344.030000152,1328.2167566042167,Outros ativos,11.765344030000152
MCO2,2021-07-01,8084,7121408.449999997,880.9263297872337,Outros ativos,7.121408449999997
MCO2,2021-08-01,9677,5483507.540000007,566.6536674589239,Outros ativos,5.483507540000007
MCO2,2021-09-01,18760,19837329.999999933,1057.4269722814463,Outros ativos,19.837329999999934
MCO2,2021-10-01,16798,11450957.759999953,681.6857816406688,Outros ativos,11.450957759999953
MCO2,2021-11-01,12226,8200268.240000004,670.7237232128255,Outros ativos,8.200268240000003
MCO2,2021-12-01,24500,25720847.84999999,1049.8305244897956,Outros ativos,25.72084784999999
MCO2,2022-01-01,38347,36557689.08000003,953.3389595013958,Outros ativos,36.55768908000003
MCO2,2022-02-01,24359,22685262.34,931.288736811856,Outros ativos,22.68526234
MCO2,2022-03-01,30630,15633685.129999492,510.40434639240914,Outros ativos,15.633685129999492
MCO2,2022-04-01,27258,12048096.389999561,442.00221549635194,Outros ativos,12.04809638999956
MCO2,2022-05-01,4938,3234203.170000001,654.9621648440666,Outros ativos,3.2342031700000007
MCO2,2022-06-01,3819,2097103.7899999963,549.123799423932,Outros ativos,2.0971037899999962
MCO2,2022-07-01,2878,918072.5800000002,318.9967268936762,Outros ativos,0.9180725800000001
MCO2,2022-08-01,9845,1913603.7500000002,194.3731589639411,Outros ativos,1.9136037500000003
MCO2,2022-09-01,3937,1049359.3299999998,266.53780289560575,Outros ativos,1.04935933
MCO2,2022-10-01,3595,1009588.3299999983,280.83124617524294,Outros ativos,1.0095883299999984
MCO2,2022-11-01,5296,1351988.4299999953,255.2848243957695,Outros ativos,1.3519884299999954
MCO2,2022-12-01,2199,342629.3099999998,155.81141882673936,Outros ativos,0.3426293099999998
MCO2,2023-01-01,2793,420208.91999999946,150.4507411385605,Outros ativos,0.4202089199999995
MCO2,2023-02-01,3414,701069.3099999992,205.35129173989432,Outros ativos,0.7010693099999993
MCO2,2023-03-01,3590,575749.9300000002,160.37602506963793,Outros ativos,0.5757499300000002
MCO2,2023-04-01,2662,386911.2299999993,145.34606686701702,Outros ativos,0.3869112299999993
MCO2,2023-05-01,2160,235089.4499999996,108.83770833333315,Outros ativos,0.23508944999999962
MCO2,2023-06-01,3316,432630.6,130.46761158021712,Outros ativos,0.4326306
MCO2,2023-07-01,2098,250622.39999999976,119.45776930409903,Outros ativos,0.25062239999999975
MCO2,2023-08-01,2059,301074.51000000007,146.22365711510446,Outros ativos,0.3010745100000001
MCO2,2023-09-01,18898,4165944.5000000326,220.4436712879687,Outros ativos,4.165944500000033
MCO2,2023-10-01,4639,741862.7299999981,159.91867428325028,Outros ativos,0.7418627299999981
MCO2,2023-11-01,7884,1245201.3499999985,157.94030314561118,Outros ativos,1.2452013499999985
MCO2,2023-12-01,9159,1263302.8399999964,137.93021508898312,Outros ativos,1.2633028399999964
MCO2,2024-01-01,4297,434568.71999999956,101.13305096578999,Outros ativos,0.4345687199999996
MCO2,2024-02-01,5600,707611.5499999996,126.35920535714278,Outros ativos,0.7076115499999995
MCO2,2024-03-01,8671,1136762.25,131.09932533733132,Outros ativos,1.13676225
MCO2,2024-04-01,5867,630057.2899999993,107.39002727117766,Outros ativos,0.6300572899999993
MCO2,2024-05-01,4201,645672.6200000001,153.69498214710785,Outros ativos,0.6456726200000001
MCO2,2024-06-01,3250,359843.5399999998,110.72108923076917,Outros ativos,0.3598435399999998
MCO2,2024-07-01,2381,224020.18000000014,94.08659386812269,Outros ativos,0.22402018000000015
MCO2,2024-08-01,2980,211413.31000000038,70.94406375838939,Outros ativos,0.21141331000000038
MCO2,2024-09-01,1630,129525.25000000013,79.46334355828229,Outros ativos,0.12952525000000012
MCO2,2024-10-01,2520,161605.98,64.12935714285715,Outros ativos,0.16160598
MCO2,2024-11-01,3612,410889.14000000025,113.75668327796241,Outros ativos,0.41088914000000026
MCO2,2024-12-01,4038,498581.86000000057,123.47247647350187,Outros ativos,0.49858186000000054
MCO2,2025-01-01,2612,240256.0700000001,91.98165007656972,Outros ativos,0.2402560700000001
MCO2,2025-02-01,1489,130585.90000000001,87.70040295500337,Outros ativos,0.1305859
MCO2,2025-03-01,1708,55090.93000000032,32.25464285714305,Outros ativos,0.05509093000000032
MCO2,2025-04-01,1765,100078.9700000001,56.70196600566578,Outros ativos,0.1000789700000001
MCO2,2025-05-01,4408,238786.12000000037,54.17107985480952,Outros ativos,0.23878612000000038
MCO2,2025-06-01,2036,96379.75999999978,47.33779960707258,Outros ativos,0.09637975999999977
MCO2,2025-07-01,1836,109922.37000000027,59.87057189542499,Outros ativos,0.10992237000000027
MCO2,2025-08-01,1526,83473.35000000011,54.70075360419404,Outros ativos,0.08347335000000011
MCO2,2025-09-01,1246,55593.61999999989,44.61767255216685,Outros ativos,0.05559361999999989
MCO2,2025-10-01,1347,54404.859999999826,40.389651076466095,Outros ativos,0.054404859999999826
MCO2,2025-11-01,931,52477.39999999989,56.36670247046175,Outros ativos,0.05247739999999989
MCO2,2025-12-01,748,29097.15000000002,38.89993315508024,Outros ativos,0.02909715000000002
MCO2,2026-01-01,1300,47720.05000000011,36.70773076923086,Outros ativos,0.04772005000000011
MCO2,2026-02-01,748,50519.47999999994,67.5394117647058,Outros ativos,0.050519479999999936
MCO2,2026-03-01,402,12330.289999999988,30.672363184079572,Outros ativos,0.012330289999999989
MCO2,2026-04-01,597,14588.31999999997,24.43604690117248,Outros ativos,0.01458831999999997
MCO2,2026-05-01,639,32636.910000000018,51.074976525821626,Outros ativos,0.03263691000000002
MCO2,2026-06-01,467,18528.37000000001,39.675310492505375,Outros ativos,0.01852837000000001
MKR,2019-08-01,28,27211.07,971.8239285714286,Outros ativos,0.02721107
MKR,2019-09-01,30,16207.799999999997,540.2599999999999,Outros ativos,0.016207799999999998
MKR,2020-07-01,1,5992.58,5992.58,Outros ativos,0.00599258
MKR,2020-10-01,1,40000.0,40000.0,Outros ativos,0.04
MKR,2021-01-01,3,123479.61,41159.87,Outros ativos,0.12347961
MKR,2021-02-01,8,8228.71,1028.58875,Outros ativos,0.008228709999999998
MKR,2021-03-01,1,11545.26,11545.26,Outros ativos,0.01154526
MKR,2021-04-01,40,80169.42,2004.2355,Outros ativos,0.08016942
MKR,2021-05-01,5251,6153190.320000047,1171.8130489430673,Outros ativos,6.153190320000047
MKR,2021-06-01,4004,4200710.910000003,1049.1285989010996,Outros ativos,4.200710910000003
MKR,2021-07-01,3483,3317119.6599999955,952.3742922767716,Outros ativos,3.3171196599999955
MKR,2021-08-01,5345,4425011.3,827.8786342376052,Outros ativos,4.4250112999999995
MKR,2021-09-01,3830,3570648.6599999997,932.2842454308093,Outros ativos,3.57064866
MKR,2021-10-01,3901,3794260.2600000147,972.6378518328671,Outros ativos,3.794260260000015
MKR,2021-11-01,7811,8704639.590000026,1114.4078338240975,Outros ativos,8.704639590000026
MKR,2021-12-01,3278,1735055.9699999986,529.3032245271503,Outros ativos,1.7350559699999986
MKR,2022-01-01,3016,1217999.2399999977,403.84590185676313,Outros ativos,1.2179992399999977
MKR,2022-02-01,2215,954586.3899999999,430.9645101580135,Outros ativos,0.9545863899999999
MKR,2022-03-01,2121,772231.6899999987,364.08849127769855,Outros ativos,0.7722316899999987
MKR,2022-04-01,1795,570217.8800000001,317.6701281337048,Outros ativos,0.5702178800000001
MKR,2022-05-01,3969,1743638.8400000008,439.3143965734444,Outros ativos,1.7436388400000007
MKR,2022-06-01,2601,1410052.1300000008,542.1192349096505,Outros ativos,1.4100521300000008
MKR,2022-07-01,1463,646200.2000000002,441.69528366370486,Outros ativos,0.6462002000000002
MKR,2022-08-01,1901,827482.14,435.28781693845343,Outros ativos,0.82748214
MKR,2022-09-01,1508,574970.74,381.28033156498674,Outros ativos,0.57497074
MKR,2022-10-01,2521,861512.5199999998,341.73443871479566,Outros ativos,0.8615125199999998
MKR,2022-11-01,1866,699809.81,375.03205251875676,Outros ativos,0.6998098100000001
MKR,2022-12-01,1266,767750.48,606.4379778830963,Outros ativos,0.76775048
MKR,2023-01-01,1642,735751.729999999,448.08266138855,Outros ativos,0.735751729999999
MKR,2023-02-01,2462,594782.8200000001,241.58522339561335,Outros ativos,0.59478282
MKR,2023-03-01,5615,1451985.519999999,258.5904755120212,Outros ativos,1.4519855199999991
MKR,2023-04-01,2424,690498.71,284.8592037953795,Outros ativos,0.69049871
MKR,2023-05-01,1060,117498.75999999998,110.84788679245281,Outros ativos,0.11749875999999998
MKR,2023-06-01,1620,403504.99000000005,249.0771543209877,Outros ativos,0.40350499000000006
MKR,2023-07-01,4451,1584554.6999999993,355.9997079308019,Outros ativos,1.5845546999999993
MKR,2023-08-01,2401,576498.8399999997,240.10780508121604,Outros ativos,0.5764988399999997
MKR,2023-09-01,3008,883686.1599999998,293.7786436170212,Outros ativos,0.8836861599999998
MKR,2023-10-01,4078,1233981.9000000006,302.59487493869557,Outros ativos,1.2339819000000005
MKR,2023-11-01,15655,14322690.040000008,914.895563078889,Outros ativos,14.322690040000008
MKR,2023-12-01,15103,7555886.389999989,500.2904317023101,Outros ativos,7.55588638999999
MKR,2024-01-01,15499,7927146.6299999915,511.4618123749914,Outros ativos,7.927146629999991
MKR,2024-02-01,12810,7984858.220000005,623.330071818892,Outros ativos,7.984858220000005
MKR,2024-03-01,23792,21265569.619999897,893.8117695023494,Outros ativos,21.265569619999898
MKR,2024-04-01,21541,35243071.91999996,1636.0926567940187,Outros ativos,35.243071919999956
MKR,2024-05-01,13474,15899451.950000007,1180.009792934541,Outros ativos,15.899451950000007
MKR,2024-06-01,10741,10718158.329999998,997.8734130900287,Outros ativos,10.718158329999998
MKR,2024-07-01,13056,16117364.300000008,1234.4794960171575,Outros ativos,16.11736430000001
MKR,2024-08-01,12166,11631277.629999949,956.047807825082,Outros ativos,11.631277629999948
MKR,2024-09-01,9320,6336757.819999999,679.9096373390557,Outros ativos,6.336757819999999
MKR,2024-10-01,14574,14188808.009999977,973.5699197200479,Outros ativos,14.188808009999978
MKR,2024-11-01,23557,15669156.499999993,665.159252026998,Outros ativos,15.669156499999993
MKR,2024-12-01,19729,15340407.980000034,777.5562866845777,Outros ativos,15.340407980000034
MKR,2025-01-01,20292,10648907.459999977,524.783533412181,Outros ativos,10.648907459999977
MKR,2025-02-01,7384,8178903.259999992,1107.6521208017325,Outros ativos,8.178903259999993
MKR,2025-03-01,5271,5428503.779999999,1029.8811952191234,Outros ativos,5.428503779999999
MKR,2025-04-01,10403,5021377.419999985,482.68551571661874,Outros ativos,5.021377419999985
MKR,2025-05-01,57945,22160531.08000022,382.4407814306708,Outros ativos,22.160531080000222
MKR,2025-06-01,140598,61010883.08000185,433.9384847579756,Outros ativos,61.010883080001854
MKR,2025-07-01,140641,118689436.42000127,843.9177510114495,Outros ativos,118.68943642000127
MKR,2025-08-01,73324,80732705.12000091,1101.0406568108792,Outros ativos,80.73270512000092
MKR,2025-09-01,56640,55558288.14999981,980.9019800494317,Outros ativos,55.55828814999981
MKR,2025-10-01,9179,2961880.7299999925,322.68011003377194,Outros ativos,2.9618807299999927
MKR,2025-11-01,13094,1574603.2700000056,120.2538009775474,Outros ativos,1.5746032700000057
MKR,2025-12-01,31,25284.41,815.6261290322581,Outros ativos,0.02528441
MKR,2026-01-01,9,1625.25,180.58333333333334,Outros ativos,0.00162525
MKR,2026-03-01,2,181.16,90.58,Outros ativos,0.00018116
NANO,2019-08-01,108,35160.82999999999,325.56324074074064,Outros ativos,0.03516082999999999
NANO,2019-09-01,73,24242.510000000013,332.08917808219195,Outros ativos,0.024242510000000012
NANO,2019-10-01,11,47766.389999999985,4342.39909090909,Outros ativos,0.047766389999999985
NANO,2019-11-01,1,1000.0,1000.0,Outros ativos,0.001
NANO,2020-02-01,11,1950.0,177.27272727272728,Outros ativos,0.00195
NANO,2020-03-01,18,636.05,35.33611111111111,Outros ativos,0.00063605
NANO,2020-04-01,35,38014.39000000001,1086.1254285714288,Outros ativos,0.03801439000000001
NANO,2020-05-01,81,21092.149999999994,260.39691358024686,Outros ativos,0.021092149999999994
NANO,2020-06-01,169,121799.5,720.707100591716,Outros ativos,0.1217995
NANO,2020-07-01,162,95301.26999999999,588.2794444444444,Outros ativos,0.09530127
NANO,2020-08-01,114,66619.69999999998,584.3833333333332,Outros ativos,0.06661969999999998
NANO,2020-09-01,149,55676.80999999999,373.669865771812,Outros ativos,0.05567680999999999
NANO,2020-10-01,114,42137.36000000001,369.6259649122808,Outros ativos,0.042137360000000006
NANO,2020-11-01,132,76327.83999999998,578.241212121212,Outros ativos,0.07632783999999998
NANO,2020-12-01,138,48670.749999999985,352.68659420289845,Outros ativos,0.048670749999999985
NANO,2021-01-01,497,1185695.4700000002,2385.705171026157,Outros ativos,1.1856954700000002
NANO,2021-02-01,461,920053.5000000001,1995.7776572668115,Outros ativos,0.9200535000000001
NANO,2021-03-01,255,158955.53999999995,623.3550588235292,Outros ativos,0.15895553999999995
NANO,2021-04-01,245,420801.41,1717.556775510204,Outros ativos,0.42080141
NANO,2021-05-01,319,632275.98,1982.0563636363636,Outros ativos,0.63227598
NANO,2021-06-01,123,68066.37999999999,553.3852032520324,Outros ativos,0.06806638
NANO,2021-07-01,72,62731.06,871.2647222222222,Outros ativos,0.06273105999999999
NANO,2021-08-01,170,225335.07,1325.5004117647059,Outros ativos,0.22533507
NANO,2021-09-01,110,126375.32999999999,1148.8666363636362,Outros ativos,0.12637532999999998
NANO,2021-10-01,125,76533.95,612.2715999999999,Outros ativos,0.07653395
NANO,2021-11-01,101,45555.26,451.0421782178218,Outros ativos,0.04555526
NANO,2021-12-01,74,27431.19,370.6917567567567,Outros ativos,0.027431189999999998
NANO,2022-01-01,61,20130.54,330.0088524590164,Outros ativos,0.020130540000000002
NANO,2022-02-01,64,19280.79,301.26234375,Outros ativos,0.019280790000000003
NANO,2022-03-01,90,34843.62999999999,387.15144444444434,Outros ativos,0.034843629999999993
NANO,2022-04-01,59,12075.95,204.6771186440678,Outros ativos,0.01207595
NANO,2022-05-01,51,8382.99,164.37235294117647,Outros ativos,0.00838299
NANO,2022-06-01,22,2959.7599999999998,134.53454545454545,Outros ativos,0.0029597599999999996
NANO,2022-07-01,7,2043.5400000000002,291.93428571428575,Outros ativos,0.0020435400000000004
NANO,2022-08-01,7,1422.35,203.19285714285712,Outros ativos,0.00142235
NANO,2022-09-01,9,4343.459999999999,482.60666666666657,Outros ativos,0.0043434599999999995
NANO,2022-10-01,9,543.63,60.403333333333336,Outros ativos,0.00054363
NANO,2022-11-01,16,4445.16,277.8225,Outros ativos,0.00444516
NANO,2022-12-01,6,698.1700000000001,116.36166666666668,Outros ativos,0.00069817
NANO,2023-01-01,12,1811.8799999999999,150.98999999999998,Outros ativos,0.0018118799999999999
NANO,2023-02-01,13,8528.11,656.0084615384616,Outros ativos,0.00852811
NANO,2023-03-01,7,1504.85,214.97857142857143,Outros ativos,0.0015048499999999999
NANO,2023-04-01,8,1771.84,221.48,Outros ativos,0.00177184
NANO,2023-05-01,6,258.31,43.05166666666667,Outros ativos,0.00025831
NANO,2023-06-01,5,1011.05,202.20999999999998,Outros ativos,0.0010110499999999999
NANO,2023-07-01,1,100.0,100.0,Outros ativos,0.0001
NANO,2023-08-01,6,254.94,42.49,Outros ativos,0.00025494
NANO,2023-09-01,10,2178.98,217.898,Outros ativos,0.00217898
NANO,2023-10-01,5,2108.0,421.6,Outros ativos,0.002108
NANO,2023-11-01,8,1394.07,174.25875,Outros ativos,0.0013940699999999999
NANO,2023-12-01,5,883.71,176.74200000000002,Outros ativos,0.00088371
NANO,2024-01-01,1,100.0,100.0,Outros ativos,0.0001
NANO,2024-02-01,13,5124.469999999999,394.18999999999994,Outros ativos,0.005124469999999999
NANO,2024-03-01,9,7489.820000000001,832.2022222222223,Outros ativos,0.00748982
NANO,2024-04-01,5,5247.98,1049.596,Outros ativos,0.005247979999999999
NANO,2024-05-01,12,7808.19,650.6825,Outros ativos,0.00780819
NANO,2024-06-01,2,7255.75,3627.875,Outros ativos,0.00725575
NANO,2024-07-01,1,1630.73,1630.73,Outros ativos,0.00163073
NANO,2024-08-01,1,42.0,42.0,Outros ativos,4.2e-05
NANO,2024-09-01,1,100.0,100.0,Outros ativos,0.0001
NANO,2024-10-01,2,1705.66,852.83,Outros ativos,0.0017056600000000001
NANO,2024-12-01,15,10239.109999999999,682.6073333333333,Outros ativos,0.01023911
NANO,2025-01-01,1,500.0,500.0,Outros ativos,0.0005
NANO,2025-03-01,6,4340.73,723.4549999999999,Outros ativos,0.004340729999999999
NANO,2025-05-01,2,211.55,105.775,Outros ativos,0.00021155000000000002
NEO,2019-08-01,1,99.5,99.5,Outros ativos,9.95e-05
NEO,2019-09-01,16,3648.749999999999,228.04687499999994,Outros ativos,0.003648749999999999
NEO,2019-10-01,18,8148.820000000001,452.71222222222224,Outros ativos,0.008148820000000001
NEO,2019-11-01,24,127586.15000000001,5316.089583333333,Outros ativos,0.12758615
NEO,2019-12-01,11,40829.600000000006,3711.781818181819,Outros ativos,0.04082960000000001
NEO,2020-01-01,21,134713.08000000002,6414.908571428572,Outros ativos,0.13471308
NEO,2020-02-01,14,204322.84000000003,14594.488571428574,Outros ativos,0.20432284000000003
NEO,2020-03-01,18,67070.81,3726.156111111111,Outros ativos,0.06707081
NEO,2020-04-01,31,32959.740000000005,1063.217419354839,Outros ativos,0.03295974000000001
NEO,2020-05-01,6,3152.76,525.46,Outros ativos,0.00315276
NEO,2020-06-01,1,25314.53,25314.53,Outros ativos,0.02531453
NEO,2020-07-01,3,20669.71,6889.903333333333,Outros ativos,0.02066971
NEO,2020-08-01,2,299.76,149.88,Outros ativos,0.00029976
NEO,2020-09-01,2,20012.03,10006.015,Outros ativos,0.02001203
NEO,2020-12-01,4,6796.66,1699.165,Outros ativos,0.0067966599999999995
NEO,2021-01-01,9,10786.710000000001,1198.5233333333335,Outros ativos,0.010786710000000001
NEO,2021-02-01,4,256451.89,64112.9725,Outros ativos,0.25645189
NEO,2021-03-01,19,33179.38,1746.2831578947366,Outros ativos,0.033179379999999994
NEO,2021-04-01,45,86257.53,1916.834,Outros ativos,0.08625753
NEO,2021-05-01,15,22724.86,1514.9906666666668,Outros ativos,0.02272486
NEO,2021-06-01,5,36265.69,7253.138000000001,Outros ativos,0.03626569
NEO,2021-07-01,6,4540.27,756.7116666666667,Outros ativos,0.004540270000000001
NEO,2021-08-01,6,4196.43,699.4050000000001,Outros ativos,0.00419643
NEO,2021-10-01,3,7554.44,2518.1466666666665,Outros ativos,0.00755444
NEO,2021-11-01,5,27545.260000000002,5509.052000000001,Outros ativos,0.027545260000000002
NEO,2021-12-01,10,7352.53,735.2529999999999,Outros ativos,0.0073525299999999995
NEO,2022-01-01,21,8585.69,408.84238095238095,Outros ativos,0.00858569
NEO,2022-02-01,45,6776.650000000001,150.59222222222223,Outros ativos,0.00677665
NEO,2022-03-01,38,6626.18,174.37315789473686,Outros ativos,0.006626180000000001
NEO,2022-04-01,28,8126.480000000001,290.23142857142864,Outros ativos,0.008126480000000002
NEO,2022-05-01,11,1816.76,165.16,Outros ativos,0.00181676
NEO,2022-06-01,13,2954.64,227.28,Outros ativos,0.0029546399999999997
NEO,2022-07-01,9,2547.39,283.0433333333333,Outros ativos,0.00254739
NEO,2022-08-01,8,344.53000000000003,43.066250000000004,Outros ativos,0.00034453
NEO,2022-09-01,7,665.52,95.07428571428571,Outros ativos,0.00066552
NEO,2022-10-01,5,1056.9099999999999,211.38199999999998,Outros ativos,0.0010569099999999999
NEO,2022-11-01,12,1242.5700000000002,103.54750000000001,Outros ativos,0.0012425700000000001
NEO,2022-12-01,5,621.26,124.252,Outros ativos,0.00062126
NEO,2023-02-01,18,4256.160000000001,236.45333333333338,Outros ativos,0.004256160000000001
NEO,2023-03-01,7,461.72999999999996,65.96142857142857,Outros ativos,0.00046173
NEO,2023-04-01,10,61141.479999999996,6114.147999999999,Outros ativos,0.06114148
NEO,2023-05-01,8,5640.1,705.0125,Outros ativos,0.0056401
NEO,2023-06-01,7,1370.31,195.75857142857143,Outros ativos,0.00137031
NEO,2023-07-01,7,8056.860000000001,1150.98,Outros ativos,0.00805686
NEO,2023-08-01,7,6461.84,923.12,Outros ativos,0.00646184
NEO,2023-09-01,4,269.27,67.3175,Outros ativos,0.00026927
NEO,2023-10-01,2,1698.8300000000002,849.4150000000001,Outros ativos,0.0016988300000000001
NEO,2023-11-01,14,8911.25,636.5178571428571,Outros ativos,0.00891125
NEO,2023-12-01,15,14105.89,940.3926666666666,Outros ativos,0.01410589
NEO,2024-01-01,5,360.55,72.11,Outros ativos,0.00036055
NEO,2024-02-01,17,15796.380000000001,929.1988235294118,Outros ativos,0.015796380000000002
NEO,2024-03-01,40,6073.7300000000005,151.84325,Outros ativos,0.00607373
NEO,2024-04-01,97,12061.33,124.34360824742268,Outros ativos,0.01206133
NEO,2024-05-01,21,18938.72,901.8438095238096,Outros ativos,0.018938720000000003
NEO,2024-06-01,4,323.12,80.78,Outros ativos,0.00032312
NEO,2024-07-01,3,4090.4300000000003,1363.4766666666667,Outros ativos,0.00409043
NEO,2024-08-01,5,2027.95,405.59000000000003,Outros ativos,0.00202795
NEO,2024-09-01,26,8280.67,318.4873076923077,Outros ativos,0.00828067
NEO,2024-10-01,146,31600.65000000001,216.44280821917815,Outros ativos,0.03160065000000001
NEO,2024-11-01,353,55708.78,157.81524079320113,Outros ativos,0.05570878
NEO,2024-12-01,565,149365.38999999996,264.36352212389374,Outros ativos,0.14936538999999996
NEO,2025-01-01,249,35476.790000000015,142.47706827309244,Outros ativos,0.035476790000000015
NEO,2025-02-01,89,11460.89,128.77404494382023,Outros ativos,0.01146089
NEO,2025-03-01,59,23043.69,390.5710169491525,Outros ativos,0.02304369
NEO,2025-04-01,92,42809.12,465.31652173913045,Outros ativos,0.042809120000000006
NEO,2025-05-01,52,18302.660000000003,351.9742307692308,Outros ativos,0.018302660000000002
NEO,2025-06-01,32,13945.11,435.7846875,Outros ativos,0.01394511
NEO,2025-07-01,55,17618.03,320.32781818181815,Outros ativos,0.01761803
NEO,2025-08-01,47,8690.150000000001,184.89680851063832,Outros ativos,0.00869015
NEO,2025-09-01,31,4003.45,129.14354838709676,Outros ativos,0.0040034499999999995
NEO,2025-10-01,39,11634.960000000001,298.3323076923077,Outros ativos,0.011634960000000001
NEO,2025-11-01,23,7895.0,343.2608695652174,Outros ativos,0.007895
NEO,2025-12-01,18,2478.8,137.7111111111111,Outros ativos,0.0024788
NEO,2026-01-01,8,898.74,112.3425,Outros ativos,0.00089874
NEO,2026-02-01,26,4574.679999999999,175.94923076923075,Outros ativos,0.004574679999999999
NEO,2026-03-01,9,476.40999999999997,52.93444444444444,Outros ativos,0.00047641
NEO,2026-04-01,3,156.98000000000002,52.326666666666675,Outros ativos,0.00015698
NEO,2026-05-01,14,465.36,33.24,Outros ativos,0.00046536
NEO,2026-06-01,201,22671.989999999994,112.7959701492537,Outros ativos,0.022671989999999996
NULS,2019-08-01,1,4975.11,4975.11,Outros ativos,0.00497511
NULS,2019-12-01,1995,406350.7299999997,203.6845764411026,Outros ativos,0.4063507299999997
NULS,2020-01-01,1791,435356.7499999998,243.08026242322714,Outros ativos,0.43535674999999985
NULS,2020-02-01,1981,813343.8799999981,410.5723775870763,Outros ativos,0.8133438799999981
NULS,2020-03-01,2671,955260.3699999996,357.6414713590414,Outros ativos,0.9552603699999996
NULS,2020-04-01,4368,1663305.2399999946,380.79332417582293,Outros ativos,1.6633052399999946
NULS,2020-05-01,6029,2307107.7700000075,382.66839774423744,Outros ativos,2.3071077700000076
NULS,2020-06-01,9589,5217800.750000002,544.1444102617585,Outros ativos,5.217800750000002
NULS,2020-07-01,10527,7084614.150000021,672.994599601028,Outros ativos,7.084614150000021
NULS,2020-08-01,5683,3092648.029999989,544.1928611648758,Outros ativos,3.0926480299999892
NULS,2020-09-01,3889,1708145.4199999955,439.22484443301505,Outros ativos,1.7081454199999955
NULS,2020-10-01,3589,1361886.730000002,379.46133463360326,Outros ativos,1.3618867300000022
NULS,2020-11-01,8232,3356760.3100000066,407.76971695821265,Outros ativos,3.3567603100000065
NULS,2020-12-01,9276,3448895.839999992,371.80852091418626,Outros ativos,3.448895839999992
NULS,2021-01-01,16343,7051033.399999988,431.44058006485886,Outros ativos,7.051033399999988
NULS,2021-02-01,23645,11936199.180000005,504.80859293719624,Outros ativos,11.936199180000004
NULS,2021-03-01,30974,23451749.829999883,757.143082262539,Outros ativos,23.451749829999883
NULS,2021-04-01,34485,27203739.639999885,788.8571738436968,Outros ativos,27.203739639999885
NULS,2021-05-01,21650,15839586.200000077,731.6206096997727,Outros ativos,15.839586200000078
NULS,2021-06-01,6468,3192167.519999993,493.53239332096365,Outros ativos,3.192167519999993
NULS,2021-07-01,5562,2526222.4700000025,454.19318051060816,Outros ativos,2.5262224700000027
NULS,2021-08-01,15502,8937778.510000035,576.556477228747,Outros ativos,8.937778510000035
NULS,2021-09-01,9412,5399289.320000007,573.6601487462821,Outros ativos,5.3992893200000065
NULS,2021-10-01,14128,9240454.629999997,654.0525644110983,Outros ativos,9.240454629999997
NULS,2021-11-01,5438,4062750.8800000027,747.1038764251568,Outros ativos,4.062750880000003
NULS,2021-12-01,40949,62952186.97999998,1537.3314850179488,Outros ativos,62.95218697999998
NULS,2022-01-01,5842,5256259.399999983,899.7362889421402,Outros ativos,5.2562593999999825
NULS,2022-02-01,7742,7605953.880000006,982.4275226039791,Outros ativos,7.605953880000007
NULS,2022-03-01,4970,4630886.270000008,931.7678611670036,Outros ativos,4.6308862700000075
NULS,2022-04-01,6743,6547359.839999996,970.9861841910123,Outros ativos,6.547359839999996
NULS,2022-05-01,6199,3428507.989999987,553.0743652201947,Outros ativos,3.428507989999987
NULS,2022-06-01,5006,2252685.259999999,449.99705553335974,Outros ativos,2.252685259999999
NULS,2022-07-01,6544,3374700.689999991,515.6938707212701,Outros ativos,3.374700689999991
NULS,2022-08-01,3981,2164459.5100000002,543.6974403416227,Outros ativos,2.1644595100000004
NULS,2022-09-01,2630,997556.399999998,379.29901140684336,Outros ativos,0.997556399999998
NULS,2022-10-01,5605,2941805.2099999883,524.8537395182851,Outros ativos,2.9418052099999885
NULS,2022-11-01,3446,1500654.3899999976,435.4771880441084,Outros ativos,1.5006543899999976
NULS,2022-12-01,3667,1733305.39,472.676681210799,Outros ativos,1.73330539
NULS,2023-01-01,1838,787291.9500000009,428.3416485310124,Outros ativos,0.7872919500000009
NULS,2023-02-01,1992,840020.2999999997,421.6969377510039,Outros ativos,0.8400202999999997
NULS,2023-03-01,1471,530626.9299999992,360.72530931339173,Outros ativos,0.5306269299999993
NULS,2023-04-01,904,290910.5,321.8036504424779,Outros ativos,0.2909105
NULS,2023-05-01,726,160813.20999999996,221.50579889807156,Outros ativos,0.16081320999999996
NULS,2023-06-01,1314,332111.67,252.74860730593605,Outros ativos,0.33211166999999997
NULS,2023-07-01,769,194316.13999999998,252.68678803641092,Outros ativos,0.19431614
NULS,2023-08-01,603,135952.62,225.46039800995024,Outros ativos,0.13595262
NULS,2023-09-01,399,85696.74999999999,214.7788220551378,Outros ativos,0.08569674999999999
NULS,2023-10-01,630,167201.05000000005,265.39849206349214,Outros ativos,0.16720105000000005
NULS,2023-11-01,555,114269.82,205.8915675675676,Outros ativos,0.11426982000000001
NULS,2023-12-01,1285,214803.7,167.1624124513619,Outros ativos,0.21480370000000001
NULS,2024-01-01,183,60547.76999999998,330.8621311475409,Outros ativos,0.06054776999999998
NULS,2024-02-01,535,204195.49999999997,381.6738317757009,Outros ativos,0.20419549999999997
NULS,2024-03-01,3624,1542642.2899999954,425.67392108167644,Outros ativos,1.5426422899999954
NULS,2024-04-01,1099,480497.3500000004,437.21323930846256,Outros ativos,0.4804973500000004
NULS,2024-05-01,399,156897.92999999993,393.22789473684196,Outros ativos,0.15689792999999994
NULS,2024-06-01,433,154206.89999999988,356.1360277136256,Outros ativos,0.15420689999999987
NULS,2024-07-01,396,159249.34999999986,402.1448232323229,Outros ativos,0.15924934999999987
NULS,2024-08-01,1279,786604.0599999998,615.0149022673962,Outros ativos,0.7866040599999998
NULS,2024-09-01,1426,978263.8699999987,686.0195441795222,Outros ativos,0.9782638699999987
NULS,2024-10-01,658,314091.51999999944,477.3427355623092,Outros ativos,0.31409151999999946
NULS,2024-11-01,980,328152.19000000064,334.8491734693884,Outros ativos,0.3281521900000006
NULS,2024-12-01,1122,456047.61999999965,406.4595543672011,Outros ativos,0.45604761999999965
NULS,2025-01-01,435,109296.0700000001,251.25533333333354,Outros ativos,0.10929607000000009
NULS,2025-02-01,278,93695.6,337.03453237410076,Outros ativos,0.0936956
NULS,2025-03-01,759,304036.53999999986,400.57515151515133,Outros ativos,0.30403653999999986
NULS,2025-04-01,2314,556516.3899999988,240.4997363872078,Outros ativos,0.5565163899999989
NULS,2025-05-01,1887,330674.10999999946,175.23800211976655,Outros ativos,0.33067410999999947
NULS,2025-06-01,8805,818948.9899999895,93.00953889835202,Outros ativos,0.8189489899999896
NULS,2025-07-01,2675,231193.70000000024,86.42755140186925,Outros ativos,0.23119370000000025
NULS,2025-08-01,1452,123060.42999999982,84.75236225895304,Outros ativos,0.12306042999999982
NULS,2025-09-01,2846,201318.28000000239,70.73727336612873,Outros ativos,0.20131828000000238
NULS,2025-10-01,404,57664.39,142.7336386138614,Outros ativos,0.05766439
NULS,2025-11-01,338,36787.340000000026,108.83828402366872,Outros ativos,0.03678734000000002
NULS,2025-12-01,151,13622.560000000007,90.21562913907289,Outros ativos,0.013622560000000008
NULS,2026-01-01,196,21673.78,110.58051020408163,Outros ativos,0.02167378
NULS,2026-02-01,326,22311.830000000024,68.44119631901847,Outros ativos,0.022311830000000022
OKB,2020-07-01,1,208.52,208.52,Outros ativos,0.00020852000000000002
OKB,2022-03-01,396,78248.70999999996,197.59775252525242,Outros ativos,0.07824870999999996
OKB,2022-04-01,735,192965.10999999993,262.5375646258502,Outros ativos,0.19296510999999994
OKB,2022-05-01,172,9149.800000000007,53.196511627907014,Outros ativos,0.009149800000000007
OKB,2022-06-01,224,16568.319999999996,73.96571428571427,Outros ativos,0.016568319999999997
OKB,2022-07-01,227,23014.129999999997,101.38383259911893,Outros ativos,0.023014129999999997
OKB,2022-08-01,352,29479.129999999986,83.74752840909088,Outros ativos,0.029479129999999985
OKB,2022-09-01,289,17039.310000000005,58.9595501730104,Outros ativos,0.017039310000000005
OKB,2022-10-01,175,26492.94999999999,151.38828571428564,Outros ativos,0.02649294999999999
OKB,2022-11-01,172,19780.02,115.00011627906977,Outros ativos,0.01978002
OKB,2022-12-01,118,14954.129999999997,126.72991525423727,Outros ativos,0.014954129999999998
OKB,2023-01-01,190,27989.22999999999,147.3117368421052,Outros ativos,0.02798922999999999
OKB,2023-02-01,264,54913.41,208.00534090909093,Outros ativos,0.05491341
OKB,2023-03-01,127,17582.77000000001,138.44700787401584,Outros ativos,0.01758277000000001
OKB,2023-04-01,173,27524.659999999993,159.10208092485544,Outros ativos,0.027524659999999992
OKB,2023-05-01,95,8019.080000000001,84.41136842105264,Outros ativos,0.008019080000000001
OKB,2023-06-01,63,6698.360000000001,106.3231746031746,Outros ativos,0.00669836
OKB,2023-07-01,46,3182.8999999999996,69.19347826086955,Outros ativos,0.0031829
OKB,2023-08-01,101,8957.77,88.69079207920792,Outros ativos,0.00895777
OKB,2023-09-01,19,3824.99,201.31526315789472,Outros ativos,0.00382499
OKB,2023-10-01,44,9226.579999999998,209.69499999999996,Outros ativos,0.009226579999999998
OKB,2023-11-01,124,29058.850000000006,234.3455645161291,Outros ativos,0.029058850000000004
OKB,2023-12-01,123,28672.4,233.1089430894309,Outros ativos,0.0286724
OKB,2024-01-01,152,27343.830000000013,179.8936184210527,Outros ativos,0.027343830000000013
OKB,2024-02-01,273,66398.67000000006,243.21857142857164,Outros ativos,0.06639867000000006
OKB,2024-03-01,401,106626.5099999999,265.90152119700724,Outros ativos,0.1066265099999999
OKB,2024-04-01,225,45836.10000000004,203.71600000000018,Outros ativos,0.04583610000000004
OKB,2024-05-01,164,27245.089999999993,166.12859756097558,Outros ativos,0.027245089999999993
OKB,2024-06-01,105,24294.400000000005,231.37523809523813,Outros ativos,0.024294400000000004
OKB,2024-07-01,167,44737.73999999999,267.8906586826347,Outros ativos,0.04473773999999999
OKB,2024-08-01,102,11309.599999999999,110.878431372549,Outros ativos,0.011309599999999998
OKB,2024-09-01,213,26057.669999999995,122.33647887323941,Outros ativos,0.026057669999999995
OKB,2024-10-01,84,6937.689999999997,82.59154761904759,Outros ativos,0.006937689999999997
OKB,2024-11-01,339,41854.40000000001,123.46430678466079,Outros ativos,0.04185440000000001
OKB,2024-12-01,237,27454.88000000001,115.84337552742619,Outros ativos,0.027454880000000008
OMG,2019-08-01,447,42499.59999999996,95.07740492170014,Outros ativos,0.042499599999999964
OMG,2019-09-01,367,32391.360000000008,88.2598365122616,Outros ativos,0.03239136000000001
OMG,2019-10-01,340,30100.969999999972,88.53226470588227,Outros ativos,0.030100969999999973
OMG,2019-11-01,141,45947.810000000005,325.87099290780145,Outros ativos,0.045947810000000006
OMG,2019-12-01,52,43101.479999999996,828.8746153846153,Outros ativos,0.04310148
OMG,2020-01-01,185,103193.09,557.8004864864864,Outros ativos,0.10319309
OMG,2020-02-01,269,151346.27000000002,562.6255390334574,Outros ativos,0.15134627
OMG,2020-03-01,166,124295.91000000002,748.7705421686748,Outros ativos,0.12429591000000002
OMG,2020-04-01,1847,924422.07,500.49922577152137,Outros ativos,0.92442207
OMG,2020-05-01,14132,20938854.719999734,1481.6625191055573,Outros ativos,20.938854719999735
OMG,2020-06-01,3820,4171241.8700000006,1091.9481335078535,Outros ativos,4.17124187
OMG,2020-07-01,2131,2032502.6800000048,953.7788268418606,Outros ativos,2.032502680000005
OMG,2020-08-01,17197,28382995.110000025,1650.4620055823705,Outros ativos,28.382995110000024
OMG,2020-09-01,7770,10747653.56999997,1383.2243976833938,Outros ativos,10.74765356999997
OMG,2020-10-01,4674,6214198.489999988,1329.5247090286666,Outros ativos,6.214198489999988
OMG,2020-11-01,5594,8374963.1500000255,1497.133205219883,Outros ativos,8.374963150000026
OMG,2020-12-01,3502,3568449.099999999,1018.9746145059963,Outros ativos,3.568449099999999
OMG,2021-01-01,7230,7715932.62999997,1067.2105988934952,Outros ativos,7.71593262999997
OMG,2021-02-01,11504,10587913.410000008,920.3679946105709,Outros ativos,10.587913410000008
OMG,2021-03-01,8576,6546777.50000001,763.3835704291057,Outros ativos,6.54677750000001
OMG,2021-04-01,14851,13886665.87999995,935.0660480775672,Outros ativos,13.886665879999951
OMG,2021-05-01,14947,16147067.51999994,1080.288186258108,Outros ativos,16.14706751999994
OMG,2021-06-01,8484,3467050.9599999934,408.65758604431795,Outros ativos,3.4670509599999932
OMG,2021-07-01,6219,1769063.1100000024,284.46102428043133,Outros ativos,1.7690631100000025
OMG,2021-08-01,18424,4997771.159999717,271.26417498912923,Outros ativos,4.997771159999717
OMG,2021-09-01,100166,28086966.89000272,280.404197931461,Outros ativos,28.08696689000272
OMG,2021-10-01,36111,41626913.65999991,1152.7488482733768,Outros ativos,41.62691365999991
OMG,2021-11-01,50087,55450402.27000001,1107.0817232016293,Outros ativos,55.45040227000001
OMG,2021-12-01,10563,7006060.900000015,663.2643093818059,Outros ativos,7.006060900000016
OMG,2022-01-01,6446,3662352.240000004,568.1588954390326,Outros ativos,3.662352240000004
OMG,2022-02-01,3099,1172768.9599999995,378.43464343336547,Outros ativos,1.1727689599999995
OMG,2022-03-01,5461,3085628.4000000027,565.029921259843,Outros ativos,3.0856284000000027
OMG,2022-04-01,2857,1586235.6099999996,555.2102240112005,Outros ativos,1.5862356099999997
OMG,2022-05-01,3989,704405.8100000003,176.58706693406876,Outros ativos,0.7044058100000002
OMG,2022-06-01,3854,2009095.4799999988,521.3013700051891,Outros ativos,2.0090954799999987
OMG,2022-07-01,2804,1482618.5700000003,528.7512731811698,Outros ativos,1.4826185700000003
OMG,2022-08-01,1917,283424.48000000004,147.8479290558164,Outros ativos,0.28342448000000003
OMG,2022-09-01,1990,363999.89999999985,182.91452261306526,Outros ativos,0.3639998999999999
OMG,2022-10-01,1099,173824.2200000001,158.1658052775251,Outros ativos,0.17382422000000008
OMG,2022-11-01,1890,350087.57000000036,185.2315185185187,Outros ativos,0.35008757000000035
OMG,2022-12-01,903,114404.39000000001,126.69367663344408,Outros ativos,0.11440439000000001
OMG,2023-01-01,905,165224.38,182.56837569060775,Outros ativos,0.16522438
OMG,2023-02-01,1895,538145.8400000003,283.9819736147759,Outros ativos,0.5381458400000003
OMG,2023-03-01,4547,1319075.2000000004,290.0979107103586,Outros ativos,1.3190752000000003
OMG,2023-04-01,3766,851714.1300000002,226.15882368560813,Outros ativos,0.8517141300000003
OMG,2023-05-01,3173,356653.1399999998,112.4025023636936,Outros ativos,0.35665313999999976
OMG,2023-06-01,3536,305922.52000000014,86.5165497737557,Outros ativos,0.30592252000000014
OMG,2023-07-01,2462,224736.72999999972,91.2821811535336,Outros ativos,0.22473672999999972
OMG,2023-08-01,2930,187546.57999999993,64.00907167235492,Outros ativos,0.18754657999999994
OMG,2023-09-01,3337,127685.22000000006,38.26347617620619,Outros ativos,0.12768522000000007
OMG,2023-10-01,2377,176205.0300000001,74.12916701724868,Outros ativos,0.1762050300000001
OMG,2023-11-01,2183,286267.8099999999,131.13504809894636,Outros ativos,0.2862678099999999
OMG,2023-12-01,3788,512203.26000000053,135.21733368532222,Outros ativos,0.5122032600000005
OMG,2024-01-01,10082,309160.4700000008,30.664597302122672,Outros ativos,0.3091604700000008
OMG,2024-02-01,5395,323584.6499999998,59.97861909175158,Outros ativos,0.3235846499999998
OMG,2024-03-01,7928,1260065.7399999986,158.93866548940446,Outros ativos,1.2600657399999986
OMG,2024-04-01,5452,560216.0999999999,102.75423697725603,Outros ativos,0.5602160999999999
OMG,2024-05-01,3070,369269.5900000002,120.2832540716613,Outros ativos,0.3692695900000002
OMG,2024-06-01,5670,994517.9400000012,175.39998941798964,Outros ativos,0.9945179400000013
OMG,2024-07-01,1429,100407.67999999996,70.26429671098668,Outros ativos,0.10040767999999996
OMG,2024-08-01,1395,87327.87000000001,62.600623655913985,Outros ativos,0.08732787000000002
OMG,2024-09-01,1879,148450.80000000013,79.00521554018101,Outros ativos,0.14845080000000013
OMG,2024-10-01,3105,389044.73000000033,125.29620933977466,Outros ativos,0.38904473000000034
OMG,2024-11-01,2595,471831.8000000002,181.8234296724471,Outros ativos,0.47183180000000025
OMG,2024-12-01,2757,563973.1899999996,204.56046064562915,Outros ativos,0.5639731899999996
OMG,2025-01-01,2013,305083.7300000002,151.55674615002494,Outros ativos,0.3050837300000002
OMG,2025-02-01,855,84968.01,99.3777894736842,Outros ativos,0.08496801
OMG,2025-03-01,1038,88747.01999999995,85.49809248554908,Outros ativos,0.08874701999999994
OMG,2025-04-01,3805,165776.14000000138,43.56797371879143,Outros ativos,0.16577614000000138
OMG,2025-05-01,1271,121731.27999999996,95.77598741148698,Outros ativos,0.12173127999999996
OMG,2025-06-01,800,162074.22999999995,202.59278749999993,Outros ativos,0.16207422999999996
OMG,2025-07-01,693,79376.68999999999,114.5406782106782,Outros ativos,0.07937668999999999
OMG,2025-08-01,638,47471.38,74.40655172413793,Outros ativos,0.04747138
OMG,2025-09-01,463,38699.72999999999,83.58473002159825,Outros ativos,0.03869972999999999
OMG,2025-10-01,542,358793.24,661.980147601476,Outros ativos,0.35879324
OMG,2025-11-01,25,1638.49,65.53960000000001,Outros ativos,0.00163849
OMG,2025-12-01,66,7336.56,111.16000000000001,Outros ativos,0.007336560000000001
OMG,2026-01-01,22,1055.7500000000002,47.988636363636374,Outros ativos,0.0010557500000000003
OMG,2026-02-01,112,11409.21,101.86794642857141,Outros ativos,0.01140921
OMG,2026-03-01,35,2937.9000000000005,83.94000000000001,Outros ativos,0.0029379000000000007
OMG,2026-04-01,19,1156.54,60.87052631578947,Outros ativos,0.00115654
OMG,2026-05-01,83,11638.129999999997,140.21843373493974,Outros ativos,0.011638129999999997
OMG,2026-06-01,6,139.48,23.246666666666666,Outros ativos,0.00013947999999999999
PAX,2020-04-01,1,38667.16,38667.16,Stablecoins,0.038667160000000006
PAX,2020-05-01,2,26725.98,13362.99,Stablecoins,0.02672598
PAX,2020-06-01,11,5352681.380000001,486607.39818181825,Stablecoins,5.352681380000001
PAX,2020-07-01,2,40207.35,20103.675,Stablecoins,0.040207349999999996
PAX,2020-08-01,4,50900.04,12725.01,Stablecoins,0.05090004
PAX,2020-09-01,3,84122.85,28040.95,Stablecoins,0.08412285
PAX,2020-10-01,1,33480.0,33480.0,Stablecoins,0.03348
PAX,2020-11-01,611,65632207.95000002,107417.68895253686,Stablecoins,65.63220795000002
PAX,2020-12-01,359,45130417.61,125711.46966573816,Stablecoins,45.13041761
PAX,2021-02-01,1,26935.0,26935.0,Stablecoins,0.026935
PAX,2021-03-01,95,16875854.39,177640.5725263158,Stablecoins,16.87585439
PAX,2021-04-01,51,4094113.5,80276.73529411765,Stablecoins,4.0941135
PAX,2021-05-01,82,14004947.41,170792.04158536586,Stablecoins,14.00494741
PAX,2021-06-01,57,3708819.38,65067.00666666667,Stablecoins,3.70881938
PAX,2021-07-01,79,5913834.9799999995,74858.67063291138,Stablecoins,5.91383498
PAX,2021-08-01,37,3084261.05,83358.40675675675,Stablecoins,3.08426105
PAX,2021-09-01,10,401848.13,40184.813,Stablecoins,0.40184813
PAX,2021-10-01,12,1022994.8600000001,85249.57166666667,Stablecoins,1.02299486
PAX,2021-11-01,10,176629.11,17662.911,Stablecoins,0.17662910999999998
PAX,2021-12-01,10,193986.66,19398.666,Stablecoins,0.19398666
PAX,2022-01-01,10,170702.45,17070.245000000003,Stablecoins,0.17070245
PAX,2022-02-01,18,156298.34,8683.24111111111,Stablecoins,0.15629834
PAX,2022-03-01,9,103331.65,11481.294444444444,Stablecoins,0.10333165
PAX,2022-04-01,23,24324.37,1057.581304347826,Stablecoins,0.024324369999999998
PAX,2022-05-01,30,4816.809999999999,160.5603333333333,Stablecoins,0.004816809999999999
PAX,2022-06-01,23,835.9899999999999,36.34739130434782,Stablecoins,0.0008359899999999999
PAX,2022-07-01,13,870.1699999999998,66.93615384615383,Stablecoins,0.0008701699999999999
PAX,2022-08-01,13,1279.7699999999998,98.44384615384614,Stablecoins,0.0012797699999999997
PAX,2022-09-01,12,1347.09,112.2575,Stablecoins,0.00134709
PAX,2022-10-01,12,5714.48,476.20666666666665,Stablecoins,0.005714479999999999
PAX,2022-11-01,14,989.2299999999999,70.6592857142857,Stablecoins,0.0009892299999999998
PAX,2022-12-01,6,1286.1899999999998,214.36499999999998,Stablecoins,0.0012861899999999998
PAX,2023-01-01,11,610.23,55.47545454545455,Stablecoins,0.00061023
PAX,2023-02-01,8,159.85999999999999,19.982499999999998,Stablecoins,0.00015985999999999998
PAX,2023-03-01,9,271.88,30.20888888888889,Stablecoins,0.00027188
PAX,2023-04-01,20,3516.88,175.844,Stablecoins,0.00351688
PAX,2023-05-01,15,466.64,31.109333333333332,Stablecoins,0.00046664
PAX,2023-06-01,11,2361.4299999999994,214.6754545454545,Stablecoins,0.0023614299999999994
PAX,2023-07-01,3,165.6,55.199999999999996,Stablecoins,0.0001656
PAX,2023-08-01,6,506.05,84.34166666666667,Stablecoins,0.00050605
PAX,2023-09-01,5,40.81,8.162,Stablecoins,4.0810000000000004e-05
PAX,2023-10-01,3,20.45,6.816666666666666,Stablecoins,2.045e-05
PAX,2023-11-01,6,1064.55,177.42499999999998,Stablecoins,0.00106455
PAX,2023-12-01,20,2411.3900000000003,120.56950000000002,Stablecoins,0.0024113900000000002
PAX,2024-01-01,8,244.16,30.52,Stablecoins,0.00024416
PAX,2024-02-01,6,211.54000000000002,35.25666666666667,Stablecoins,0.00021154000000000002
PAX,2024-03-01,9,189.18,21.02,Stablecoins,0.00018918
PAX,2024-04-01,114,10420.699999999999,91.40964912280701,Stablecoins,0.0104207
PAX,2024-05-01,25,1642.46,65.6984,Stablecoins,0.00164246
PAX,2024-06-01,25,1473.98,58.9592,Stablecoins,0.00147398
PAX,2024-07-01,25,1960.9299999999998,78.43719999999999,Stablecoins,0.00196093
PAX,2024-08-01,31,783.8599999999999,25.2858064516129,Stablecoins,0.0007838599999999999
PAX,2024-09-01,26,454.44000000000005,17.47846153846154,Stablecoins,0.0004544400000000001
PAX,2024-10-01,21,758.86,36.13619047619048,Stablecoins,0.00075886
PAX,2024-11-01,33,1693.7,51.32424242424243,Stablecoins,0.0016937
PAX,2024-12-01,142,3630.81,25.569084507042252,Stablecoins,0.00363081
PAX,2025-01-01,37,2047.95,55.35,Stablecoins,0.00204795
PAX,2025-02-01,15,1963.17,130.87800000000001,Stablecoins,0.00196317
PAX,2025-03-01,23,538.85,23.428260869565218,Stablecoins,0.00053885
PAX,2025-04-01,16,463.58000000000004,28.973750000000003,Stablecoins,0.00046358000000000006
PAX,2025-05-01,12,113.43,9.4525,Stablecoins,0.00011343
PAX,2025-06-01,8,245.82000000000002,30.727500000000003,Stablecoins,0.00024582
PAX,2025-07-01,18,134.79000000000002,7.488333333333334,Stablecoins,0.00013479000000000003
PAX,2025-08-01,18,2563.769999999999,142.43166666666662,Stablecoins,0.002563769999999999
PAX,2025-09-01,1,10.0,10.0,Stablecoins,1e-05
PAX,2025-10-01,10,4969.27,496.927,Stablecoins,0.0049692700000000005
PAX,2025-11-01,5,6628.670000000001,1325.7340000000002,Stablecoins,0.006628670000000001
PAX,2025-12-01,3,110.68,36.89333333333334,Stablecoins,0.00011068
PAX,2026-01-01,10,4153.65,415.36499999999995,Stablecoins,0.00415365
PAX,2026-02-01,3,119.34,39.78,Stablecoins,0.00011934
PAX,2026-03-01,2,180.1,90.05,Stablecoins,0.0001801
PAX,2026-04-01,11,3752.0299999999997,341.09363636363634,Stablecoins,0.00375203
PAX,2026-05-01,6,2358.51,393.08500000000004,Stablecoins,0.0023585100000000003
PAXG,2019-11-01,12,66000.0,5500.0,Outros ativos,0.066
PAXG,2019-12-01,2,51000.0,25500.0,Outros ativos,0.051
PAXG,2020-01-01,7,105500.0,15071.42857142857,Outros ativos,0.1055
PAXG,2020-02-01,9,44900.5,4988.944444444444,Outros ativos,0.0449005
PAXG,2020-03-01,22,26484.600000000002,1203.8454545454547,Outros ativos,0.0264846
PAXG,2020-04-01,17,66747.28,3926.310588235294,Outros ativos,0.06674727999999999
PAXG,2020-05-01,68,36771.65000000001,540.7595588235296,Outros ativos,0.03677165000000001
PAXG,2020-06-01,198,90917.36,459.17858585858585,Outros ativos,0.09091736
PAXG,2020-07-01,106,4922.3899999999985,46.437641509433945,Outros ativos,0.004922389999999999
PAXG,2020-08-01,13104,7736415.330000081,590.3857852564164,Outros ativos,7.7364153300000815
PAXG,2020-09-01,4608,1980805.3299999926,429.8622677951373,Outros ativos,1.9808053299999926
PAXG,2020-10-01,3800,1615695.1099999964,425.1829236842096,Outros ativos,1.6156951099999963
PAXG,2020-11-01,10022,6063129.500000018,604.9819896228315,Outros ativos,6.063129500000017
PAXG,2020-12-01,12437,4796373.6900000395,385.6535892900249,Outros ativos,4.796373690000039
PAXG,2021-01-01,26883,12967371.550000448,482.363261168785,Outros ativos,12.967371550000447
PAXG,2021-02-01,25720,13598187.900000487,528.7009292379661,Outros ativos,13.598187900000486
PAXG,2021-03-01,20130,10898395.620000191,541.4006766020959,Outros ativos,10.89839562000019
PAXG,2021-04-01,28803,18342491.410000287,636.8257268340203,Outros ativos,18.34249141000029
PAXG,2021-05-01,20964,13738443.330000278,655.3350186033332,Outros ativos,13.738443330000278
PAXG,2021-06-01,8529,8732399.030000053,1023.8479341071701,Outros ativos,8.732399030000053
PAXG,2021-07-01,6389,2851644.409999993,446.33658005947615,Outros ativos,2.8516444099999934
PAXG,2021-08-01,11922,4894209.590000067,410.5191737963485,Outros ativos,4.894209590000067
PAXG,2021-09-01,9249,3378778.69000002,365.31286517461564,Outros ativos,3.37877869000002
PAXG,2021-10-01,13300,4380105.180000096,329.33121654136056,Outros ativos,4.380105180000095
PAXG,2021-11-01,12540,4118313.5799999908,328.41416108452876,Outros ativos,4.118313579999991
PAXG,2021-12-01,8940,3246038.6499999855,363.09157158836524,Outros ativos,3.2460386499999854
PAXG,2022-01-01,6501,3277233.86999999,504.11227041993385,Outros ativos,3.2772338699999897
PAXG,2022-02-01,10092,3234009.009999986,320.4527358303593,Outros ativos,3.2340090099999856
PAXG,2022-03-01,9299,3064746.5600000024,329.57807936337264,Outros ativos,3.0647465600000023
PAXG,2022-04-01,9586,1894781.9299999988,197.6613738785728,Outros ativos,1.8947819299999988
PAXG,2022-05-01,9329,25096676.52999999,2690.178639725586,Outros ativos,25.09667652999999
PAXG,2022-06-01,7304,1451960.3899999987,198.78975766703158,Outros ativos,1.4519603899999987
PAXG,2022-07-01,5164,965115.4299999984,186.89299573973634,Outros ativos,0.9651154299999984
PAXG,2022-08-01,3580,828469.4899999993,231.41605865921767,Outros ativos,0.8284694899999993
PAXG,2022-09-01,2862,539208.149999999,188.40256813417156,Outros ativos,0.539208149999999
PAXG,2022-10-01,1979,576261.3299999989,291.1881404749868,Outros ativos,0.5762613299999989
PAXG,2022-11-01,3562,1577742.1200000003,442.9371476698485,Outros ativos,1.5777421200000004
PAXG,2022-12-01,2512,868336.6899999988,345.675433917197,Outros ativos,0.8683366899999988
PAXG,2023-01-01,3224,909578.6999999995,282.1273883374688,Outros ativos,0.9095786999999995
PAXG,2023-02-01,3436,3599832.64000001,1047.681210710131,Outros ativos,3.59983264000001
PAXG,2023-03-01,4116,1402073.2799999989,340.6397667638481,Outros ativos,1.4020732799999989
PAXG,2023-04-01,2314,507943.71000000014,219.50894987035443,Outros ativos,0.5079437100000002
PAXG,2023-05-01,2351,593366.899999999,252.3891535516797,Outros ativos,0.5933668999999989
PAXG,2023-06-01,1900,452261.1700000003,238.03219473684226,Outros ativos,0.45226117000000027
PAXG,2023-07-01,1948,431011.87999999954,221.25866529774103,Outros ativos,0.4310118799999995
PAXG,2023-08-01,2490,521836.7900000001,209.57300803212854,Outros ativos,0.52183679
PAXG,2023-09-01,1765,286368.63000000035,162.24851558073675,Outros ativos,0.28636863000000035
PAXG,2023-10-01,3161,497839.11000000004,157.4941822208162,Outros ativos,0.49783911000000003
PAXG,2023-11-01,3617,693270.74,191.67009676527508,Outros ativos,0.69327074
PAXG,2023-12-01,3918,558166.3399999997,142.46205717202648,Outros ativos,0.5581663399999998
PAXG,2024-01-01,3447,540713.8799999999,156.8650652741514,Outros ativos,0.5407138799999999
PAXG,2024-02-01,4304,631102.7599999988,146.63168215613356,Outros ativos,0.6311027599999989
PAXG,2024-03-01,7163,1066241.8799999987,148.85409465307814,Outros ativos,1.0662418799999986
PAXG,2024-04-01,6259,1530802.6199999978,244.57622942962098,Outros ativos,1.5308026199999978
PAXG,2024-05-01,4264,513661.3099999997,120.46465994371475,Outros ativos,0.5136613099999997
PAXG,2024-06-01,4259,610518.6400000001,143.3478844799249,Outros ativos,0.6105186400000001
PAXG,2024-07-01,5288,904179.4699999981,170.98704046898604,Outros ativos,0.9041794699999981
PAXG,2024-08-01,4461,846193.4699999986,189.68694687289815,Outros ativos,0.8461934699999986
PAXG,2024-09-01,4309,821531.4999999997,190.65479229519602,Outros ativos,0.8215314999999996
PAXG,2024-10-01,7206,1584013.4199999995,219.818681654177,Outros ativos,1.5840134199999996
PAXG,2024-11-01,10035,2072232.2099999988,206.5004693572495,Outros ativos,2.072232209999999
PAXG,2024-12-01,7819,2462823.810000001,314.97938483182,Outros ativos,2.462823810000001
PAXG,2025-01-01,8190,3140976.1599999974,383.5135726495723,Outros ativos,3.1409761599999975
PAXG,2025-02-01,8159,2427848.5899999975,297.56693099644536,Outros ativos,2.4278485899999973
PAXG,2025-03-01,9027,1462451.0699999954,162.0085377201723,Outros ativos,1.4624510699999953
PAXG,2025-04-01,12219,5281011.659999984,432.1967149521225,Outros ativos,5.281011659999984
PAXG,2025-05-01,10788,2894804.4099999964,268.33559603262853,Outros ativos,2.8948044099999963
PAXG,2025-06-01,11584,2822301.6299999924,243.63791695441924,Outros ativos,2.8223016299999926
PAXG,2025-07-01,13015,2586615.6399999917,198.74111717249264,Outros ativos,2.586615639999992
PAXG,2025-08-01,10176,2273021.0699999975,223.37078124999977,Outros ativos,2.2730210699999973
PAXG,2025-09-01,16139,6230465.030000066,386.0502528037714,Outros ativos,6.230465030000066
PAXG,2025-10-01,26114,57179943.52000016,2189.6279206555932,Outros ativos,57.17994352000016
PAXG,2025-11-01,19516,7155064.210000147,366.62554878049536,Outros ativos,7.155064210000147
PAXG,2025-12-01,14349,5173892.000000291,360.57509234094994,Outros ativos,5.173892000000291
PAXG,2026-01-01,23096,13560139.450000275,587.1206897298352,Outros ativos,13.560139450000275
PAXG,2026-02-01,18942,13283999.100000225,701.2986537852511,Outros ativos,13.283999100000225
PAXG,2026-03-01,14974,10185312.96000014,680.1998771203513,Outros ativos,10.185312960000141
PAXG,2026-04-01,13296,3690294.639999985,277.54923586040803,Outros ativos,3.690294639999985
PAXG,2026-05-01,33133,11291512.300000038,340.793538164369,Outros ativos,11.291512300000038
PAXG,2026-06-01,20771,4890970.689999988,235.4711227191752,Outros ativos,4.890970689999988
PUNDIX,2021-04-01,33184,29467736.18000012,888.0103718659631,Outros ativos,29.46773618000012
PUNDIX,2021-05-01,24025,18184315.509999987,756.8913843912585,Outros ativos,18.184315509999987
PUNDIX,2021-06-01,8133,4725601.730000007,581.0404192794796,Outros ativos,4.725601730000007
PUNDIX,2021-07-01,10876,7417785.320000009,682.0324862081656,Outros ativos,7.417785320000009
PUNDIX,2021-08-01,12207,9549969.940000013,782.3355402637841,Outros ativos,9.549969940000013
PUNDIX,2021-09-01,5669,3909947.1500000064,689.7066766625519,Outros ativos,3.9099471500000065
PUNDIX,2021-10-01,7493,5473225.009999994,730.445083411183,Outros ativos,5.473225009999994
PUNDIX,2021-11-01,2814,1714553.6600000013,609.2941222459137,Outros ativos,1.7145536600000013
PUNDIX,2021-12-01,1759,967328.350000001,549.9308413871523,Outros ativos,0.9673283500000011
PUNDIX,2022-01-01,975,528413.1100000002,541.9621641025643,Outros ativos,0.5284131100000002
PUNDIX,2022-02-01,1242,716632.0999999994,576.9984702093393,Outros ativos,0.7166320999999994
PUNDIX,2022-03-01,933,529001.94,566.9902893890675,Outros ativos,0.5290019399999999
PUNDIX,2022-04-01,1840,1141986.4500000002,620.6448097826088,Outros ativos,1.14198645
PUNDIX,2022-05-01,790,331249.0100000006,419.30254430379824,Outros ativos,0.33124901000000057
PUNDIX,2022-06-01,576,161846.78,280.9839930555556,Outros ativos,0.16184678
PUNDIX,2022-07-01,1673,853863.3999999997,510.3786013150028,Outros ativos,0.8538633999999997
PUNDIX,2022-08-01,3303,1500826.2399999937,454.38275507114554,Outros ativos,1.5008262399999936
PUNDIX,2022-09-01,3666,2225221.539999995,606.9889634478982,Outros ativos,2.225221539999995
PUNDIX,2022-10-01,1034,476418.9799999995,460.75336557059916,Outros ativos,0.4764189799999995
PUNDIX,2022-11-01,677,224941.63999999993,332.2623929098965,Outros ativos,0.22494163999999991
PUNDIX,2022-12-01,518,153750.50000000006,296.8156370656372,Outros ativos,0.15375050000000007
PUNDIX,2023-01-01,463,135040.69999999998,291.66457883369327,Outros ativos,0.13504069999999999
PUNDIX,2023-02-01,711,241679.9900000003,339.91559774964884,Outros ativos,0.24167999000000032
PUNDIX,2023-03-01,272,55069.98999999996,202.4631985294116,Outros ativos,0.055069989999999965
PUNDIX,2023-04-01,164,27805.93,169.5483536585366,Outros ativos,0.02780593
PUNDIX,2023-05-01,138,18195.640000000003,131.85246376811597,Outros ativos,0.018195640000000003
PUNDIX,2023-06-01,161,26197.929999999997,162.7200621118012,Outros ativos,0.026197929999999998
PUNDIX,2023-07-01,207,41910.850000000006,202.4678743961353,Outros ativos,0.041910850000000006
PUNDIX,2023-08-01,145,31337.539999999994,216.12096551724133,Outros ativos,0.03133754
PUNDIX,2023-09-01,74,16482.2,222.73243243243243,Outros ativos,0.016482200000000002
PUNDIX,2023-10-01,150,44200.729999999996,294.6715333333333,Outros ativos,0.044200729999999994
PUNDIX,2023-11-01,163,48736.619999999995,298.9976687116564,Outros ativos,0.048736619999999994
PUNDIX,2023-12-01,208,43633.229999999974,209.77514423076911,Outros ativos,0.043633229999999974
PUNDIX,2024-01-01,172,24686.250000000007,143.52470930232562,Outros ativos,0.024686250000000007
PUNDIX,2024-02-01,197,30950.77,157.1105076142132,Outros ativos,0.03095077
PUNDIX,2024-03-01,710,246981.89999999997,347.86183098591545,Outros ativos,0.24698189999999998
PUNDIX,2024-04-01,1849,512656.4399999999,277.26146024878307,Outros ativos,0.5126564399999999
PUNDIX,2024-05-01,380,105712.45,278.19065789473683,Outros ativos,0.10571245
PUNDIX,2024-06-01,237,42594.549999999996,179.72383966244723,Outros ativos,0.042594549999999995
PUNDIX,2024-07-01,246,37101.609999999986,150.8195528455284,Outros ativos,0.037101609999999986
PUNDIX,2024-08-01,114,27599.789999999994,242.10342105263152,Outros ativos,0.027599789999999992
PUNDIX,2024-09-01,205,27153.189999999995,132.45458536585363,Outros ativos,0.027153189999999994
PUNDIX,2024-10-01,122,22823.68,187.07934426229508,Outros ativos,0.02282368
PUNDIX,2024-11-01,526,149658.19000000012,284.5212737642588,Outros ativos,0.1496581900000001
PUNDIX,2024-12-01,276,129739.92000000003,470.07217391304357,Outros ativos,0.12973992000000004
PUNDIX,2025-01-01,429,98988.46999999999,230.74235431235428,Outros ativos,0.09898846999999998
PUNDIX,2025-02-01,51,4399.53,86.26529411764706,Outros ativos,0.00439953
PUNDIX,2025-03-01,48,6435.009999999999,134.06270833333332,Outros ativos,0.00643501
PUNDIX,2025-04-01,275,206522.66999999993,750.991527272727,Outros ativos,0.20652266999999994
PUNDIX,2025-05-01,388,78236.71,201.6410051546392,Outros ativos,0.07823671
PUNDIX,2025-06-01,72,26622.140000000003,369.75194444444446,Outros ativos,0.026622140000000002
PUNDIX,2025-07-01,145,62105.34,428.3126896551724,Outros ativos,0.062105339999999995
PUNDIX,2025-08-01,57,23729.09,416.2998245614035,Outros ativos,0.02372909
PUNDIX,2025-09-01,28,3168.1800000000003,113.14928571428572,Outros ativos,0.0031681800000000005
PUNDIX,2025-10-01,138,33151.23999999999,240.22637681159412,Outros ativos,0.03315123999999999
PUNDIX,2025-11-01,35,8004.540000000002,228.7011428571429,Outros ativos,0.008004540000000001
PUNDIX,2025-12-01,23,3649.59,158.67782608695651,Outros ativos,0.0036495900000000003
PUNDIX,2026-01-01,40,5684.239999999999,142.10599999999997,Outros ativos,0.005684239999999999
PUNDIX,2026-02-01,60,26189.54,436.49233333333336,Outros ativos,0.02618954
PUNDIX,2026-03-01,14,840.8799999999999,60.06285714285713,Outros ativos,0.0008408799999999999
PUNDIX,2026-04-01,11,1044.62,94.96545454545453,Outros ativos,0.0010446199999999998
PUNDIX,2026-05-01,34,3082.3699999999994,90.65794117647057,Outros ativos,0.0030823699999999996
PUNDIX,2026-06-01,209,30997.909999999978,148.31535885167455,Outros ativos,0.03099790999999998
SNX,2020-07-01,1,5295.5,5295.5,Outros ativos,0.0052955
SNX,2020-08-01,1,613.18,613.18,Outros ativos,0.00061318
SNX,2020-12-01,8,160941.39,20117.67375,Outros ativos,0.16094139000000002
SNX,2021-01-01,37,329400.58999999997,8902.718648648648,Outros ativos,0.32940059
SNX,2021-02-01,46,173657.1,3775.154347826087,Outros ativos,0.1736571
SNX,2021-03-01,28,86189.64,3078.2014285714286,Outros ativos,0.08618964
SNX,2021-04-01,23,48069.04,2089.958260869565,Outros ativos,0.04806904
SNX,2021-05-01,21938,17191422.520000275,783.6367271401347,Outros ativos,17.191422520000277
SNX,2021-06-01,13506,4691318.7199999895,347.3507122760247,Outros ativos,4.691318719999989
SNX,2021-07-01,26616,19058711.200000223,716.0621881575076,Outros ativos,19.05871120000022
SNX,2021-08-01,27731,19080666.230000217,688.06268183622,Outros ativos,19.080666230000215
SNX,2021-09-01,18396,15681440.310000159,852.4375032615873,Outros ativos,15.68144031000016
SNX,2021-10-01,14848,10671212.760000072,718.69698006466,Outros ativos,10.671212760000072
SNX,2021-11-01,13440,9409433.390000008,700.1066510416673,Outros ativos,9.409433390000007
SNX,2021-12-01,7212,3998234.989999991,554.3864378813076,Outros ativos,3.998234989999991
SNX,2022-01-01,7799,4444015.230000005,569.8185959738435,Outros ativos,4.444015230000005
SNX,2022-02-01,3907,1359869.7499999984,348.0598285129251,Outros ativos,1.3598697499999983
SNX,2022-03-01,4646,1979912.2099999988,426.1541562634522,Outros ativos,1.9799122099999988
SNX,2022-04-01,7332,3130083.6699999985,426.90721085651916,Outros ativos,3.1300836699999985
SNX,2022-05-01,4079,935127.1899999987,229.25403039960742,Outros ativos,0.9351271899999987
SNX,2022-06-01,6617,2201742.12,332.74023273386734,Outros ativos,2.20174212
SNX,2022-07-01,6785,2621170.0899999933,386.3183625644795,Outros ativos,2.6211700899999935
SNX,2022-08-01,4760,2410745.4600000028,506.45913025210143,Outros ativos,2.410745460000003
SNX,2022-09-01,4355,1479528.7599999993,339.73105855338673,Outros ativos,1.4795287599999993
SNX,2022-10-01,3012,1015386.36,337.11366533864543,Outros ativos,1.01538636
SNX,2022-11-01,3381,889740.0099999997,263.1588317065956,Outros ativos,0.8897400099999997
SNX,2022-12-01,2175,458840.4099999998,210.9611080459769,Outros ativos,0.4588404099999998
SNX,2023-01-01,3149,693103.4399999987,220.1027119720542,Outros ativos,0.6931034399999987
SNX,2023-02-01,5509,2024564.4299999978,367.5012579415498,Outros ativos,2.0245644299999976
SNX,2023-03-01,10009,3524497.779999995,352.1328584274148,Outros ativos,3.524497779999995
SNX,2023-04-01,3287,966162.9499999998,293.9345756008518,Outros ativos,0.9661629499999999
SNX,2023-05-01,2207,957399.6400000002,433.8013774354328,Outros ativos,0.9573996400000002
SNX,2023-06-01,2774,663556.6000000002,239.20569574621493,Outros ativos,0.6635566000000002
SNX,2023-07-01,5454,1585506.2099999967,290.70520902090146,Outros ativos,1.5855062099999968
SNX,2023-08-01,3232,738393.8800000001,228.46345297029706,Outros ativos,0.7383938800000002
SNX,2023-09-01,3184,736719.8099999995,231.38184987437168,Outros ativos,0.7367198099999994
SNX,2023-10-01,2797,663597.27,237.25322488380408,Outros ativos,0.66359727
SNX,2023-11-01,6227,3398862.31,545.826611530432,Outros ativos,3.39886231
SNX,2023-12-01,10141,5110239.529999986,503.9186993393143,Outros ativos,5.110239529999986
SNX,2024-01-01,25016,3366338.7600000068,134.56742724656246,Outros ativos,3.3663387600000068
SNX,2024-02-01,13705,9661288.310000002,704.9462466253194,Outros ativos,9.661288310000002
SNX,2024-03-01,16270,10347186.069999933,635.9671831591846,Outros ativos,10.347186069999934
SNX,2024-04-01,13011,6582817.829999978,505.9424971178217,Outros ativos,6.5828178299999776
SNX,2024-05-01,7467,2516491.1900000027,337.01502477568005,Outros ativos,2.5164911900000027
SNX,2024-06-01,6418,3141966.1999999997,489.5553443440324,Outros ativos,3.1419661999999997
SNX,2024-07-01,6895,2004793.3599999987,290.760458303118,Outros ativos,2.0047933599999985
SNX,2024-08-01,5728,2096156.5800000012,365.9491236033522,Outros ativos,2.096156580000001
SNX,2024-09-01,3111,1105947.2500000002,355.4957409193186,Outros ativos,1.1059472500000003
SNX,2024-10-01,4138,1227123.4000000013,296.54987916868083,Outros ativos,1.2271234000000013
SNX,2024-11-01,8992,5121874.999999992,569.6035364768674,Outros ativos,5.121874999999991
SNX,2024-12-01,11325,4245745.390000005,374.90025518763844,Outros ativos,4.245745390000005
SNX,2025-01-01,6137,2819919.579999998,459.4947987616096,Outros ativos,2.8199195799999983
SNX,2025-02-01,4724,1558873.0400000021,329.990059271804,Outros ativos,1.5588730400000022
SNX,2025-03-01,2923,651027.9100000003,222.72593568251804,Outros ativos,0.6510279100000003
SNX,2025-04-01,2585,752194.3899999999,290.98429013539646,Outros ativos,0.7521943899999999
SNX,2025-05-01,3317,723336.5599999999,218.06950859210127,Outros ativos,0.7233365599999999
SNX,2025-06-01,2422,779463.3299999997,321.82631296449205,Outros ativos,0.7794633299999997
SNX,2025-07-01,4822,1106559.8800000015,229.48151804230642,Outros ativos,1.1065598800000016
SNX,2025-08-01,3905,1579478.7999999998,404.4760051216389,Outros ativos,1.5794787999999997
SNX,2025-09-01,5214,4527034.920000003,868.2460529344079,Outros ativos,4.527034920000003
SNX,2025-10-01,17175,29427348.57999989,1713.382741193589,Outros ativos,29.42734857999989
SNX,2025-11-01,3786,1421147.4400000004,375.3691072371898,Outros ativos,1.4211474400000004
SNX,2025-12-01,2838,505186.08000000013,178.00778012684995,Outros ativos,0.5051860800000001
SNX,2026-01-01,2718,756073.5400000002,278.17275202354676,Outros ativos,0.7560735400000002
SNX,2026-02-01,4207,922535.9699999992,219.28594485381487,Outros ativos,0.9225359699999992
SNX,2026-03-01,2833,239057.76999999996,84.3832580303565,Outros ativos,0.23905776999999995
SNX,2026-04-01,2122,231815.28000000003,109.24377002827522,Outros ativos,0.23181528000000004
SNX,2026-05-01,1736,122358.16000000006,70.48281105990787,Outros ativos,0.12235816000000006
SNX,2026-06-01,2401,154124.13999999996,64.19164514785504,Outros ativos,0.15412413999999997
SOL,2020-08-01,1,14322.0,14322.0,Outros ativos,0.014322
SOL,2020-09-01,2,54774.26,27387.13,Outros ativos,0.054774260000000005
SOL,2020-11-01,2,1829.21,914.605,Outros ativos,0.00182921
SOL,2020-12-01,8,357.67,44.70875,Outros ativos,0.00035767000000000004
SOL,2021-01-01,12,3706.55,308.87916666666666,Outros ativos,0.0037065500000000003
SOL,2021-02-01,65,77384.27000000002,1190.527230769231,Outros ativos,0.07738427000000002
SOL,2021-03-01,25,49357.0,1974.28,Outros ativos,0.049357
SOL,2021-04-01,125,1024317.77,8194.54216,Outros ativos,1.0243177700000001
SOL,2021-05-01,149,1289233.63,8652.574697986576,Outros ativos,1.2892336299999998
SOL,2021-06-01,125,177359.26999999996,1418.8741599999996,Outros ativos,0.17735926999999996
SOL,2021-07-01,4538,5875836.759999997,1294.807571617452,Outros ativos,5.875836759999997
SOL,2021-08-01,33457,61203288.109999865,1829.311896165223,Outros ativos,61.20328810999987
SOL,2021-09-01,62791,165328064.07,2632.9898244971414,Outros ativos,165.32806406999998
SOL,2021-10-01,36563,75482852.68000013,2064.460046495094,Outros ativos,75.48285268000012
SOL,2021-11-01,44174,72842958.2699998,1649.000730520211,Outros ativos,72.8429582699998
SOL,2021-12-01,96126,119780683.83999608,1246.079976697211,Outros ativos,119.78068383999609
SOL,2022-01-01,55726,48101173.70000046,863.172912105668,Outros ativos,48.10117370000046
SOL,2022-02-01,56924,84553858.64000031,1485.3815374885867,Outros ativos,84.55385864000031
SOL,2022-03-01,46613,25823858.350000262,554.0054995387609,Outros ativos,25.82385835000026
SOL,2022-04-01,43561,28998946.300000202,665.7089208236772,Outros ativos,28.998946300000203
SOL,2022-05-01,43923,239733030.30999985,5458.029513239074,Outros ativos,239.73303030999986
SOL,2022-06-01,38302,18806395.42000033,491.00296120307894,Outros ativos,18.806395420000328
SOL,2022-07-01,39831,18903375.08000007,474.5895177123364,Outros ativos,18.903375080000067
SOL,2022-08-01,34328,14129378.69000004,411.59923939641226,Outros ativos,14.12937869000004
SOL,2022-09-01,25693,8368010.220000023,325.69222044915045,Outros ativos,8.368010220000023
SOL,2022-10-01,20212,6572850.909999986,325.19547348109967,Outros ativos,6.572850909999986
SOL,2022-11-01,62740,30134894.77000004,480.31391090213646,Outros ativos,30.13489477000004
SOL,2022-12-01,36300,23209321.399999995,639.3752451790632,Outros ativos,23.209321399999993
SOL,2023-01-01,142920,35239289.00000001,246.56653372516098,Outros ativos,35.23928900000001
SOL,2023-02-01,87127,27306408.789999943,313.4092622264045,Outros ativos,27.306408789999942
SOL,2023-03-01,73792,23730754.980000034,321.589806212056,Outros ativos,23.730754980000032
SOL,2023-04-01,69598,17930728.619999986,257.63281444869085,Outros ativos,17.930728619999986
SOL,2023-05-01,51584,10932790.460000057,211.94150240384727,Outros ativos,10.932790460000056
SOL,2023-06-01,61023,16542526.180000607,271.0867407371091,Outros ativos,16.542526180000607
SOL,2023-07-01,103986,26216526.90000048,252.11592810571113,Outros ativos,26.216526900000478
SOL,2023-08-01,48817,13730311.300000317,281.2608578978699,Outros ativos,13.730311300000317
SOL,2023-09-01,60465,13114115.31000008,216.88770875713357,Outros ativos,13.11411531000008
SOL,2023-10-01,222771,56709838.66000199,254.56562416114303,Outros ativos,56.70983866000199
SOL,2023-11-01,385332,201756743.7699977,523.591977230019,Outros ativos,201.75674376999768
SOL,2023-12-01,199911,145992622.1900004,730.2880891496736,Outros ativos,145.99262219000042
SOL,2024-01-01,139072,119936038.96000056,862.4024890704136,Outros ativos,119.93603896000056
SOL,2024-02-01,365545,232175650.4800048,635.1492989372165,Outros ativos,232.17565048000478
SOL,2024-03-01,866468,665848012.2100017,768.4623231440765,Outros ativos,665.8480122100017
SOL,2024-04-01,522555,481587733.24999595,921.6020002679066,Outros ativos,481.58773324999595
SOL,2024-05-01,446003,360840898.5499994,809.0548685771159,Outros ativos,360.8408985499994
SOL,2024-06-01,384200,276495494.94999725,719.6655256376815,Outros ativos,276.49549494999724
SOL,2024-07-01,513893,475361763.44999653,925.0208962760663,Outros ativos,475.36176344999654
SOL,2024-08-01,509467,641186595.8400029,1258.543921078309,Outros ativos,641.1865958400028
SOL,2024-09-01,355320,376710877.0500003,1060.2017253461677,Outros ativos,376.7108770500003
SOL,2024-10-01,443657,510726680.78999984,1151.1746254200878,Outros ativos,510.7266807899998
SOL,2024-11-01,1011995,1296593147.1199927,1281.2248549844542,Outros ativos,1296.5931471199926
SOL,2024-12-01,1029695,999816477.3199978,970.9831331802114,Outros ativos,999.8164773199978
SOL,2025-01-01,1153411,1386110177.9100087,1201.7487070177142,Outros ativos,1386.1101779100086
SOL,2025-02-01,684092,728259366.9899943,1064.563489983795,Outros ativos,728.2593669899943
SOL,2025-03-01,767281,749346595.5899923,976.6260282608226,Outros ativos,749.3465955899923
SOL,2025-04-01,501304,475527611.9399816,948.5813237875253,Outros ativos,475.52761193998157
SOL,2025-05-01,551602,514463494.51999897,932.6715539827611,Outros ativos,514.463494519999
SOL,2025-06-01,431137,369083780.4299953,856.070762727382,Outros ativos,369.0837804299953
SOL,2025-07-01,591119,738873781.9099811,1249.9577613136798,Outros ativos,738.8737819099812
SOL,2025-08-01,611700,790871828.3799725,1292.908007814243,Outros ativos,790.8718283799725
SOL,2025-09-01,603157,726086409.5899701,1203.8099691953673,Outros ativos,726.0864095899701
SOL,2025-10-01,624616,838606445.509951,1342.5952033088345,Outros ativos,838.606445509951
SOL,2025-11-01,537835,551414870.7899745,1025.2491392155111,Outros ativos,551.4148707899744
SOL,2025-12-01,273238,285618389.71000093,1045.309911908303,Outros ativos,285.61838971000094
SOL,2026-01-01,409740,364846749.70999664,890.434787206513,Outros ativos,364.84674970999663
SOL,2026-02-01,422926,282041248.7200031,666.8808461054726,Outros ativos,282.0412487200031
SOL,2026-03-01,356173,288786112.4399971,810.8029312721545,Outros ativos,288.78611243999705
SOL,2026-04-01,328514,180518306.16000423,549.4995834576433,Outros ativos,180.51830616000422
SOL,2026-05-01,327675,173246815.8000007,528.7153911650284,Outros ativos,173.2468158000007
SOL,2026-06-01,323532,163491302.73999408,505.33271126192795,Outros ativos,163.49130273999407
SUSHI,2020-11-01,2,49396.18,24698.09,Outros ativos,0.04939618
SUSHI,2020-12-01,6,5238.48,873.0799999999999,Outros ativos,0.005238479999999999
SUSHI,2021-01-01,35,58168.450000000004,1661.9557142857145,Outros ativos,0.058168450000000003
SUSHI,2021-02-01,68,64111.32,942.8135294117646,Outros ativos,0.06411132
SUSHI,2021-03-01,33,18414.13,558.0039393939394,Outros ativos,0.01841413
SUSHI,2021-04-01,73,21800.42,298.6358904109589,Outros ativos,0.021800419999999997
SUSHI,2021-05-01,10352,6534474.720000011,631.2282380216394,Outros ativos,6.534474720000011
SUSHI,2021-06-01,11388,6934348.4700000305,608.9171469968414,Outros ativos,6.934348470000031
SUSHI,2021-07-01,10523,7881659.510000018,748.9935864297271,Outros ativos,7.881659510000018
SUSHI,2021-08-01,13505,10477375.16000002,775.8145249907457,Outros ativos,10.47737516000002
SUSHI,2021-09-01,30888,25370317.240000054,821.3648420098438,Outros ativos,25.370317240000055
SUSHI,2021-10-01,18906,13502655.66000012,714.1994953982926,Outros ativos,13.50265566000012
SUSHI,2021-11-01,30496,24352408.170000155,798.5443392576126,Outros ativos,24.352408170000153
SUSHI,2021-12-01,43648,31431789.84000022,720.1198185483921,Outros ativos,31.43178984000022
SUSHI,2022-01-01,22756,13424974.840000115,589.9531921251589,Outros ativos,13.424974840000115
SUSHI,2022-02-01,10202,4608265.899999995,451.7022054499113,Outros ativos,4.608265899999995
SUSHI,2022-03-01,9237,3813884.419999993,412.892109992421,Outros ativos,3.813884419999993
SUSHI,2022-04-01,6792,3583657.839999996,527.6292461719664,Outros ativos,3.5836578399999963
SUSHI,2022-05-01,7237,1426135.5799999973,197.0617078900093,Outros ativos,1.4261355799999973
SUSHI,2022-06-01,6593,1451536.0699999975,220.16321401486388,Outros ativos,1.4515360699999975
SUSHI,2022-07-01,7284,1847957.7799999996,253.70095826468966,Outros ativos,1.8479577799999996
SUSHI,2022-08-01,5627,1542328.419999997,274.0942633730224,Outros ativos,1.542328419999997
SUSHI,2022-09-01,3642,926168.3299999995,254.30212246018658,Outros ativos,0.9261683299999995
SUSHI,2022-10-01,6972,2149811.2599999993,308.3492914515203,Outros ativos,2.1498112599999994
SUSHI,2022-11-01,6780,2175532.370000001,320.87498082595886,Outros ativos,2.175532370000001
SUSHI,2022-12-01,3954,836783.1199999996,211.62951947395035,Outros ativos,0.8367831199999997
SUSHI,2023-01-01,3032,989191.1300000001,326.2503726912929,Outros ativos,0.9891911300000001
SUSHI,2023-02-01,3049,1074827.8499999987,352.5181534929481,Outros ativos,1.0748278499999986
SUSHI,2023-03-01,2691,1069208.37,397.3275250836121,Outros ativos,1.0692083700000001
SUSHI,2023-04-01,2125,493229.68999999994,232.10808941176467,Outros ativos,0.49322968999999994
SUSHI,2023-05-01,1634,263574.35999999987,161.30621787025694,Outros ativos,0.2635743599999999
SUSHI,2023-06-01,2113,280571.7100000001,132.78358258400382,Outros ativos,0.2805717100000001
SUSHI,2023-07-01,2146,276423.2200000001,128.80858341099724,Outros ativos,0.2764232200000001
SUSHI,2023-08-01,1884,249178.40999999992,132.26030254777066,Outros ativos,0.2491784099999999
SUSHI,2023-09-01,1552,147018.80999999997,94.72861469072163,Outros ativos,0.14701880999999997
SUSHI,2023-10-01,3136,399511.58000000013,127.39527423469391,Outros ativos,0.39951158000000014
SUSHI,2023-11-01,8944,1756371.9999999998,196.37432915921286,Outros ativos,1.7563719999999998
SUSHI,2023-12-01,4142,786794.0000000008,189.95509415741208,Outros ativos,0.7867940000000008
SUSHI,2024-01-01,9406,458096.5400000003,48.70258770997239,Outros ativos,0.45809654000000033
SUSHI,2024-02-01,8904,1533878.559999999,172.26848158131165,Outros ativos,1.533878559999999
SUSHI,2024-03-01,10887,2424969.1899999967,222.7398906953244,Outros ativos,2.4249691899999966
SUSHI,2024-04-01,6441,1291078.4299999992,200.44689178698948,Outros ativos,1.2910784299999993
SUSHI,2024-05-01,3685,783740.4099999996,212.6839647218452,Outros ativos,0.7837404099999996
SUSHI,2024-06-01,2796,790177.8599999995,282.6101072961372,Outros ativos,0.7901778599999996
SUSHI,2024-07-01,2731,657165.15,240.63169168802636,Outros ativos,0.65716515
SUSHI,2024-08-01,2660,291441.79000000015,109.56458270676697,Outros ativos,0.29144179000000014
SUSHI,2024-09-01,1650,260151.94,157.66784242424242,Outros ativos,0.26015194
SUSHI,2024-10-01,2238,386995.3699999998,172.920183199285,Outros ativos,0.38699536999999984
SUSHI,2024-11-01,5536,1157597.8400000017,209.10365606936446,Outros ativos,1.1575978400000018
SUSHI,2024-12-01,10137,4247798.199999992,419.0389858932615,Outros ativos,4.247798199999992
SUSHI,2025-01-01,4509,1144447.9599999997,253.8141406076735,Outros ativos,1.1444479599999997
SUSHI,2025-02-01,1978,327958.6599999997,165.8031648129422,Outros ativos,0.3279586599999997
SUSHI,2025-03-01,1452,252935.02000000008,174.1976721763086,Outros ativos,0.25293502000000007
SUSHI,2025-04-01,1314,160543.4,122.17914764079147,Outros ativos,0.1605434
SUSHI,2025-05-01,1563,341337.42,218.38606525911706,Outros ativos,0.34133742
SUSHI,2025-06-01,1557,248239.86999999997,159.4347270391779,Outros ativos,0.24823986999999997
SUSHI,2025-07-01,3145,598012.3699999995,190.14701748807616,Outros ativos,0.5980123699999995
SUSHI,2025-08-01,1675,335477.93,200.2853313432836,Outros ativos,0.33547793
SUSHI,2025-09-01,1152,214274.88000000003,186.00250000000003,Outros ativos,0.21427488000000003
SUSHI,2025-10-01,1820,195227.92000000016,107.26808791208799,Outros ativos,0.19522792000000017
SUSHI,2025-11-01,1646,289142.8500000001,175.6639428918591,Outros ativos,0.2891428500000001
SUSHI,2025-12-01,1313,90976.68000000007,69.28916984006098,Outros ativos,0.09097668000000006
SUSHI,2026-01-01,1413,212288.87999999992,150.2398301486199,Outros ativos,0.21228887999999993
SUSHI,2026-02-01,2020,171467.96999999986,84.88513366336626,Outros ativos,0.17146796999999986
SUSHI,2026-03-01,1001,78744.62000000001,78.66595404595405,Outros ativos,0.07874462000000002
SUSHI,2026-04-01,1730,234658.52000000002,135.64076300578037,Outros ativos,0.23465852
SUSHI,2026-05-01,1436,92162.05999999998,64.17970752089136,Outros ativos,0.09216205999999998
SUSHI,2026-06-01,1930,92183.85000000002,47.76365284974094,Outros ativos,0.09218385000000003
THETA,2019-08-01,3,874.49,291.49666666666667,Outros ativos,0.00087449
THETA,2020-05-01,5,55768.94,11153.788,Outros ativos,0.05576894
THETA,2020-06-01,3,70946.87,23648.956666666665,Outros ativos,0.07094687
THETA,2020-11-01,16,11178.48,698.655,Outros ativos,0.01117848
THETA,2020-12-01,17,127387.50000000003,7493.382352941178,Outros ativos,0.12738750000000004
THETA,2021-01-01,12,196650.26,16387.521666666667,Outros ativos,0.19665026000000002
THETA,2021-02-01,27,33075.39,1225.0144444444445,Outros ativos,0.033075389999999996
THETA,2021-03-01,159,2150143.3500000006,13522.9141509434,Outros ativos,2.1501433500000005
THETA,2021-04-01,77,565215.55,7340.461688311689,Outros ativos,0.56521555
THETA,2021-05-01,55,38941.10999999999,708.0201818181816,Outros ativos,0.038941109999999994
THETA,2021-06-01,6190,5341398.019999996,862.907596122778,Outros ativos,5.341398019999996
THETA,2021-07-01,6212,5102378.369999994,821.3744961365089,Outros ativos,5.102378369999993
THETA,2021-08-01,7873,6599182.290000004,838.204279182015,Outros ativos,6.5991822900000034
THETA,2021-09-01,5662,3974410.480000003,701.9446273401629,Outros ativos,3.9744104800000026
THETA,2021-10-01,5717,4413553.870000004,772.0052247682357,Outros ativos,4.413553870000004
THETA,2021-11-01,3615,2389482.890000002,660.991117565699,Outros ativos,2.389482890000002
THETA,2021-12-01,2237,1327528.770000001,593.441560125168,Outros ativos,1.327528770000001
THETA,2022-01-01,2080,948704.869999999,456.10811057692257,Outros ativos,0.9487048699999989
THETA,2022-02-01,1962,1128138.1700000009,574.9939704383287,Outros ativos,1.1281381700000008
THETA,2022-03-01,1160,534567.21,460.8338017241379,Outros ativos,0.53456721
THETA,2022-04-01,917,443039.36,483.1399781897492,Outros ativos,0.44303936
THETA,2022-05-01,958,362746.5300000001,378.6498225469729,Outros ativos,0.36274653000000007
THETA,2022-06-01,1613,555090.4800000001,344.13544947303166,Outros ativos,0.55509048
THETA,2022-07-01,1458,455519.81999999954,312.4278600823042,Outros ativos,0.4555198199999995
THETA,2022-08-01,1455,500716.94999999914,344.13536082474167,Outros ativos,0.5007169499999992
THETA,2022-09-01,387,164152.49000000008,424.16664082687356,Outros ativos,0.16415249000000007
THETA,2022-10-01,382,87546.20999999998,229.17856020942403,Outros ativos,0.08754620999999997
THETA,2022-11-01,317,131348.66,414.3490851735016,Outros ativos,0.13134866
THETA,2022-12-01,415,45357.91,109.2961686746988,Outros ativos,0.04535791
THETA,2023-01-01,456,186158.42000000004,408.2421491228071,Outros ativos,0.18615842000000005
THETA,2023-02-01,485,156172.19999999995,322.00453608247415,Outros ativos,0.15617219999999996
THETA,2023-03-01,130,18634.999999999996,143.3461538461538,Outros ativos,0.018634999999999995
THETA,2023-04-01,188,36233.27,192.73015957446808,Outros ativos,0.03623327
THETA,2023-05-01,62,6540.98,105.49967741935482,Outros ativos,0.006540979999999999
THETA,2023-06-01,80,6769.41,84.617625,Outros ativos,0.00676941
THETA,2023-07-01,82,6530.2,79.63658536585366,Outros ativos,0.0065302
THETA,2023-08-01,134,24337.68,181.6244776119403,Outros ativos,0.02433768
THETA,2023-09-01,65,8104.389999999999,124.68292307692307,Outros ativos,0.00810439
THETA,2023-10-01,105,14892.769999999999,141.83590476190474,Outros ativos,0.014892769999999998
THETA,2023-11-01,277,70037.84,252.84418772563177,Outros ativos,0.07003783999999999
THETA,2023-12-01,342,101532.08000000002,296.87742690058485,Outros ativos,0.10153208000000001
THETA,2024-01-01,212,57761.650000000016,272.4606132075472,Outros ativos,0.05776165000000002
THETA,2024-02-01,576,334708.9600000001,581.0919444444446,Outros ativos,0.33470896000000006
THETA,2024-03-01,1399,693590.3299999993,495.77578984989225,Outros ativos,0.6935903299999993
THETA,2024-04-01,734,363664.44000000035,495.455640326976,Outros ativos,0.36366444000000037
THETA,2024-05-01,659,384783.0700000001,583.8893323216997,Outros ativos,0.3847830700000001
THETA,2024-06-01,559,222683.39999999997,398.36028622540243,Outros ativos,0.22268339999999998
THETA,2024-07-01,217,51746.12,238.46138248847927,Outros ativos,0.05174612
THETA,2024-08-01,85,6941.25,81.66176470588235,Outros ativos,0.00694125
THETA,2024-09-01,146,37862.95999999999,259.33534246575334,Outros ativos,0.037862959999999994
THETA,2024-10-01,236,93613.62000000002,396.6678813559323,Outros ativos,0.09361362000000002
THETA,2024-11-01,815,738655.96,906.3263312883436,Outros ativos,0.73865596
THETA,2024-12-01,818,405135.33999999997,495.2754767726161,Outros ativos,0.40513533999999995
THETA,2025-01-01,351,147152.66000000003,419.23834757834766,Outros ativos,0.14715266000000005
THETA,2025-02-01,140,16687.67,119.19764285714284,Outros ativos,0.016687669999999998
THETA,2025-03-01,68,10119.71,148.81926470588235,Outros ativos,0.010119709999999999
THETA,2025-04-01,119,42393.89000000001,356.2511764705883,Outros ativos,0.042393890000000004
THETA,2025-05-01,143,20380.579999999994,142.52153846153843,Outros ativos,0.020380579999999995
THETA,2025-06-01,89,26739.930000000004,300.4486516853933,Outros ativos,0.026739930000000005
THETA,2025-07-01,130,40092.42000000001,308.40323076923084,Outros ativos,0.04009242000000001
THETA,2025-08-01,75,7185.6,95.808,Outros ativos,0.0071856
THETA,2025-09-01,73,10343.810000000001,141.69602739726028,Outros ativos,0.010343810000000002
THETA,2025-10-01,90,16037.54,178.1948888888889,Outros ativos,0.01603754
THETA,2025-11-01,73,5889.93,80.68397260273973,Outros ativos,0.005889930000000001
THETA,2025-12-01,47,2825.6900000000005,60.121063829787246,Outros ativos,0.0028256900000000005
THETA,2026-01-01,84,11273.499999999996,134.2083333333333,Outros ativos,0.011273499999999997
THETA,2026-02-01,47,1745.5,37.138297872340424,Outros ativos,0.0017455
THETA,2026-03-01,30,34476.979999999996,1149.2326666666665,Outros ativos,0.03447698
THETA,2026-04-01,82,20634.739999999998,251.6431707317073,Outros ativos,0.02063474
THETA,2026-05-01,175,21633.33,123.61902857142859,Outros ativos,0.021633330000000003
THETA,2026-06-01,242,17497.710000000006,72.30458677685954,Outros ativos,0.017497710000000007
TRX,2019-08-01,606,82507.43000000002,136.1508745874588,Outros ativos,0.08250743000000002
TRX,2019-09-01,688,368796.95999999915,536.0420930232546,Outros ativos,0.3687969599999992
TRX,2019-10-01,1418,1312221.519999996,925.403046544426,Outros ativos,1.312221519999996
TRX,2019-11-01,1208,1306904.670000002,1081.8747268211937,Outros ativos,1.306904670000002
TRX,2019-12-01,622,322509.73999999964,518.5044051446939,Outros ativos,0.32250973999999966
TRX,2020-01-01,1958,545713.6499999996,278.70972931562795,Outros ativos,0.5457136499999996
TRX,2020-02-01,2052,738733.1499999987,360.0064083820657,Outros ativos,0.7387331499999987
TRX,2020-03-01,1808,409256.35000000027,226.35860066371697,Outros ativos,0.40925635000000027
TRX,2020-04-01,1823,765297.3099999987,419.8010477235319,Outros ativos,0.7652973099999987
TRX,2020-05-01,2886,972892.619999997,337.1076299376289,Outros ativos,0.972892619999997
TRX,2020-06-01,2113,664506.0699999986,314.4846521533358,Outros ativos,0.6645060699999985
TRX,2020-07-01,2779,908337.9900000007,326.8578589420657,Outros ativos,0.9083379900000007
TRX,2020-08-01,6780,3003244.7300000098,442.9564498525088,Outros ativos,3.00324473000001
TRX,2020-09-01,8941,7335156.979999999,820.3955910971926,Outros ativos,7.335156979999999
TRX,2020-10-01,3399,1984715.4300000018,583.9115710503095,Outros ativos,1.9847154300000018
TRX,2020-11-01,4729,2422484.4099999918,512.2614527384208,Outros ativos,2.4224844099999916
TRX,2020-12-01,5347,2732181.9000000097,510.9747334954198,Outros ativos,2.73218190000001
TRX,2021-01-01,14905,8396147.939999973,563.3108312646744,Outros ativos,8.396147939999974
TRX,2021-02-01,30905,16755570.540000048,542.1637450250784,Outros ativos,16.755570540000047
TRX,2021-03-01,28263,17210429.739999834,608.9385323567857,Outros ativos,17.210429739999835
TRX,2021-04-01,81645,67963665.2900004,832.4289949170236,Outros ativos,67.96366529000039
TRX,2021-05-01,42009,27639926.859999914,657.9525068437695,Outros ativos,27.639926859999914
TRX,2021-06-01,14653,6861135.420000021,468.24100320753575,Outros ativos,6.861135420000021
TRX,2021-07-01,7320,2840917.3400000082,388.103461748635,Outros ativos,2.8409173400000083
TRX,2021-08-01,13476,6365944.309999995,472.39123701395033,Outros ativos,6.365944309999995
TRX,2021-09-01,13867,8731266.320000023,629.6434931852616,Outros ativos,8.731266320000023
TRX,2021-10-01,11562,5749097.320000003,497.2407299775128,Outros ativos,5.749097320000003
TRX,2021-11-01,11931,6069572.489999981,508.72286396781334,Outros ativos,6.069572489999981
TRX,2021-12-01,7623,2980685.040000016,391.01207398662154,Outros ativos,2.980685040000016
TRX,2022-01-01,7882,2474094.690000018,313.89173940624437,Outros ativos,2.474094690000018
TRX,2022-02-01,7879,3011402.8600000134,382.2062266785142,Outros ativos,3.0114028600000133
TRX,2022-03-01,7112,2244571.580000005,315.60342800899963,Outros ativos,2.244571580000005
TRX,2022-04-01,7438,2977190.4200000046,400.2676015057817,Outros ativos,2.977190420000005
TRX,2022-05-01,12487,6644917.999999991,532.1468727476569,Outros ativos,6.644917999999991
TRX,2022-06-01,10038,6997014.220000003,697.0526220362625,Outros ativos,6.997014220000003
TRX,2022-07-01,7990,3857001.620000006,482.728613266584,Outros ativos,3.8570016200000063
TRX,2022-08-01,5303,1394182.3600000015,262.9044616254953,Outros ativos,1.3941823600000014
TRX,2022-09-01,4487,1100371.6199999992,245.23548473367487,Outros ativos,1.100371619999999
TRX,2022-10-01,4572,1135468.0899999982,248.35260061242306,Outros ativos,1.1354680899999983
TRX,2022-11-01,4713,1322595.959999997,280.62719287078227,Outros ativos,1.322595959999997
TRX,2022-12-01,4497,1100182.2299999986,244.6480386924613,Outros ativos,1.1001822299999986
TRX,2023-01-01,3951,958716.3400000002,242.65156669197677,Outros ativos,0.9587163400000002
TRX,2023-02-01,4201,1057728.7199999986,251.78022375624818,Outros ativos,1.0577287199999985
TRX,2023-03-01,15677,2069822.4599999646,132.02924411558106,Outros ativos,2.0698224599999646
TRX,2023-04-01,21476,1984790.5300000233,92.41900400447119,Outros ativos,1.9847905300000233
TRX,2023-05-01,13430,1847404.3099999642,137.55802755025795,Outros ativos,1.8474043099999642
TRX,2023-06-01,11538,1174423.8100000126,101.78746836540238,Outros ativos,1.1744238100000126
TRX,2023-07-01,10267,1356790.2699999998,132.1506058244862,Outros ativos,1.3567902699999999
TRX,2023-08-01,7680,983830.0999999956,128.10287760416608,Outros ativos,0.9838300999999956
TRX,2023-09-01,4539,1218162.9400000002,268.376942057722,Outros ativos,1.2181629400000002
TRX,2023-10-01,3687,825135.7199999996,223.7959641985353,Outros ativos,0.8251357199999996
TRX,2023-11-01,4681,1158487.3400000003,247.48714804528953,Outros ativos,1.1584873400000004
TRX,2023-12-01,7628,1716547.4300000027,225.03243707393847,Outros ativos,1.7165474300000028
TRX,2024-01-01,19705,2952127.9099999955,149.81618421720353,Outros ativos,2.9521279099999953
TRX,2024-02-01,27444,3766992.6399999876,137.2610639848414,Outros ativos,3.7669926399999873
TRX,2024-03-01,25280,5274096.309999982,208.62722745253092,Outros ativos,5.274096309999982
TRX,2024-04-01,17342,3438017.749999995,198.24805385768624,Outros ativos,3.438017749999995
TRX,2024-05-01,17076,3057623.669999988,179.05971363316866,Outros ativos,3.057623669999988
TRX,2024-06-01,17277,4280121.7399999965,247.73523991433677,Outros ativos,4.280121739999997
TRX,2024-07-01,17156,3925273.7899999903,228.79889193285092,Outros ativos,3.92527378999999
TRX,2024-08-01,21058,5131324.569999987,243.67577975116285,Outros ativos,5.131324569999987
TRX,2024-09-01,17405,3473420.509999991,199.5645222637168,Outros ativos,3.473420509999991
TRX,2024-10-01,20121,3546605.1099999947,176.26385915212936,Outros ativos,3.546605109999995
TRX,2024-11-01,31180,7058061.279999979,226.36501860166706,Outros ativos,7.058061279999979
TRX,2024-12-01,54089,28664903.94000011,529.9581049751356,Outros ativos,28.66490394000011
TRX,2025-01-01,26199,7244034.370000006,276.5004149013323,Outros ativos,7.244034370000006
TRX,2025-02-01,17809,5249366.189999983,294.7591773822215,Outros ativos,5.249366189999983
TRX,2025-03-01,16718,5387713.25999994,322.2702033736057,Outros ativos,5.38771325999994
TRX,2025-04-01,18349,4368399.040000011,238.0728671862233,Outros ativos,4.3683990400000114
TRX,2025-05-01,17139,3826214.3699999894,223.24606861543785,Outros ativos,3.8262143699999895
TRX,2025-06-01,17334,5858033.659999997,337.9504822891426,Outros ativos,5.858033659999998
TRX,2025-07-01,27039,12622805.350000199,466.8369891638078,Outros ativos,12.622805350000199
TRX,2025-08-01,22714,6810442.089999968,299.83455534031737,Outros ativos,6.8104420899999685
TRX,2025-09-01,17800,4288612.629999986,240.93329382022392,Outros ativos,4.288612629999986
TRX,2025-10-01,21707,4712328.049999958,217.08794628460672,Outros ativos,4.712328049999958
TRX,2025-11-01,18817,3728478.299999988,198.1441409363867,Outros ativos,3.7284782999999884
TRX,2025-12-01,14533,3632690.159999988,249.96147801555,Outros ativos,3.632690159999988
TRX,2026-01-01,13658,3063401.5399999847,224.29356714013653,Outros ativos,3.0634015399999845
TRX,2026-02-01,11973,2970385.249999992,248.09030735822202,Outros ativos,2.970385249999992
TRX,2026-03-01,12734,3041623.7499999907,238.85846945186043,Outros ativos,3.0416237499999905
TRX,2026-04-01,14341,3767096.9799999916,262.68021616344686,Outros ativos,3.7670969799999914
TRX,2026-05-01,15269,3307419.5199999856,216.61009365380744,Outros ativos,3.3074195199999856
TRX,2026-06-01,13593,3780728.1000000015,278.1378724343413,Outros ativos,3.7807281000000015
TUSD,2019-08-01,3302,1003540.8599999989,303.9190975166562,Stablecoins,1.0035408599999989
TUSD,2019-09-01,1886,956419.1200000003,507.1151219512197,Stablecoins,0.9564191200000004
TUSD,2019-10-01,1794,766533.3999999992,427.27614269788137,Stablecoins,0.7665333999999993
TUSD,2019-11-01,1012,517848.3500000003,511.7078557312256,Stablecoins,0.5178483500000003
TUSD,2019-12-01,956,372852.80000000016,390.01338912133906,Stablecoins,0.37285280000000015
TUSD,2020-01-01,1316,580027.0599999991,440.7500455927045,Stablecoins,0.5800270599999992
TUSD,2020-02-01,1873,1300052.9099999983,694.1019273892142,Stablecoins,1.3000529099999982
TUSD,2020-03-01,2583,2859037.090000001,1106.866856368564,Stablecoins,2.8590370900000006
TUSD,2020-04-01,2405,1362755.3800000015,566.6342536382542,Stablecoins,1.3627553800000016
TUSD,2020-05-01,4028,3241146.6100000083,804.6540739821272,Stablecoins,3.2411466100000084
TUSD,2020-06-01,4224,2122778.7699999874,502.55179214014856,Stablecoins,2.1227787699999876
TUSD,2020-07-01,3507,1351984.6699999794,385.5103136583916,Stablecoins,1.3519846699999793
TUSD,2020-08-01,4291,1820152.1099999943,424.17900489396277,Stablecoins,1.8201521099999942
TUSD,2020-09-01,3078,1507104.2500000137,489.6375081221617,Stablecoins,1.5071042500000138
TUSD,2020-10-01,4208,1102052.3799999938,261.89457699619624,Stablecoins,1.1020523799999937
TUSD,2020-11-01,12352,2693626.9699999867,218.07213163859996,Stablecoins,2.6936269699999866
TUSD,2020-12-01,5851,4139778.309999992,707.533466074174,Stablecoins,4.1397783099999925
TUSD,2021-01-01,8347,4702427.779999988,563.3674110458834,Stablecoins,4.702427779999988
TUSD,2021-02-01,11785,4596384.099999991,390.01986423419527,Stablecoins,4.596384099999991
TUSD,2021-03-01,13351,4386096.149999982,328.5219197063877,Stablecoins,4.3860961499999815
TUSD,2021-04-01,21813,6793545.940000028,311.4448237289703,Stablecoins,6.793545940000028
TUSD,2021-05-01,11409,6195267.43000002,543.0158147076887,Stablecoins,6.19526743000002
TUSD,2021-06-01,4129,2150820.9999999963,520.9060305158625,Stablecoins,2.150820999999996
TUSD,2021-07-01,2982,1275440.9199999967,427.71325285043486,Stablecoins,1.2754409199999968
TUSD,2021-08-01,4194,1465850.0099999923,349.5112088698122,Stablecoins,1.4658500099999923
TUSD,2021-09-01,2918,1139397.500000001,390.4720699108982,Stablecoins,1.139397500000001
TUSD,2021-10-01,2767,1140884.7899999982,412.3183194795801,Stablecoins,1.140884789999998
TUSD,2021-11-01,2157,954289.3200000015,442.4150764951328,Stablecoins,0.9542893200000014
TUSD,2021-12-01,1248,633877.1799999994,507.91440705128156,Stablecoins,0.6338771799999994
TUSD,2022-01-01,829,594716.7799999994,717.3905669481296,Stablecoins,0.5947167799999995
TUSD,2022-02-01,637,389006.49999999994,610.6852433281003,Stablecoins,0.3890064999999999
TUSD,2022-03-01,774,334753.49000000005,432.4980490956073,Stablecoins,0.33475349000000004
TUSD,2022-04-01,619,253384.19999999987,409.3444264943455,Stablecoins,0.2533841999999999
TUSD,2022-05-01,591,202817.96999999997,343.1776142131979,Stablecoins,0.20281796999999996
TUSD,2022-06-01,496,287541.73,579.7212298387096,Stablecoins,0.28754173
TUSD,2022-07-01,405,174571.38000000006,431.0404444444446,Stablecoins,0.17457138000000005
TUSD,2022-08-01,464,172944.70000000007,372.7256465517243,Stablecoins,0.17294470000000006
TUSD,2022-09-01,408,318707.76000000007,781.1464705882355,Stablecoins,0.31870776000000006
TUSD,2022-10-01,375,201023.21000000002,536.0618933333334,Stablecoins,0.20102321
TUSD,2022-11-01,563,208808.69,370.8857726465364,Stablecoins,0.20880869
TUSD,2022-12-01,169,34135.19999999999,201.98343195266267,Stablecoins,0.03413519999999999
TUSD,2023-01-01,190,206263.28999999995,1085.5962631578946,Stablecoins,0.20626328999999996
TUSD,2023-02-01,184,94005.14999999998,510.897554347826,Stablecoins,0.09400514999999998
TUSD,2023-03-01,248,289212.6200000001,1166.179919354839,Stablecoins,0.2892126200000001
TUSD,2023-04-01,382,168995.58,442.3968062827225,Stablecoins,0.16899557999999998
TUSD,2023-05-01,277,222061.12000000017,801.6646931407948,Stablecoins,0.22206112000000017
TUSD,2023-06-01,154,122500.17999999996,795.4557142857141,Stablecoins,0.12250017999999996
TUSD,2023-07-01,211,239765.2100000002,1136.328009478674,Stablecoins,0.2397652100000002
TUSD,2023-08-01,170,60887.480000000025,358.1616470588237,Stablecoins,0.06088748000000002
TUSD,2023-09-01,131,60989.14000000001,465.5659541984733,Stablecoins,0.060989140000000004
TUSD,2023-10-01,165,139279.83000000002,844.1201818181819,Stablecoins,0.13927983000000002
TUSD,2023-11-01,192,92459.87000000001,481.5618229166667,Stablecoins,0.09245987000000001
TUSD,2023-12-01,277,39530.98000000001,142.71111913357404,Stablecoins,0.03953098000000001
TUSD,2024-01-01,309,117923.53999999994,381.6295792880257,Stablecoins,0.11792353999999994
TUSD,2024-02-01,486,177681.24999999994,365.5992798353908,Stablecoins,0.17768124999999993
TUSD,2024-03-01,891,227441.27000000028,255.26517396184093,Stablecoins,0.22744127000000028
TUSD,2024-04-01,537,100872.62999999999,187.84474860335195,Stablecoins,0.10087262999999999
TUSD,2024-05-01,432,82064.20999999998,189.96344907407402,Stablecoins,0.08206420999999997
TUSD,2024-06-01,353,30929.01999999999,87.61762039660054,Stablecoins,0.03092901999999999
TUSD,2024-07-01,297,41656.789999999964,140.25855218855207,Stablecoins,0.041656789999999964
TUSD,2024-08-01,367,74237.69999999995,202.28256130790177,Stablecoins,0.07423769999999995
TUSD,2024-09-01,271,70361.30999999998,259.6358302583025,Stablecoins,0.07036130999999998
TUSD,2024-10-01,324,69275.56000000001,213.8134567901235,Stablecoins,0.06927556000000001
TUSD,2024-11-01,640,129610.62999999992,202.51660937499986,Stablecoins,0.12961062999999992
TUSD,2024-12-01,607,132003.65000000008,217.46894563426702,Stablecoins,0.13200365000000008
TUSD,2025-01-01,674,155111.7300000002,230.136097922849,Stablecoins,0.15511173000000023
TUSD,2025-02-01,279,38490.78,137.95978494623657,Stablecoins,0.03849078
TUSD,2025-04-01,77,12766.32,165.79636363636362,Stablecoins,0.01276632
TUSD,2025-06-01,11,598.7099999999999,54.42818181818181,Stablecoins,0.0005987099999999999
TUSD,2025-07-01,1,446.55,446.55,Stablecoins,0.00044655
TUSD,2025-08-01,5,1325.72,265.144,Stablecoins,0.00132572
UNI,2020-09-01,7,25.49,3.641428571428571,Outros ativos,2.5489999999999998e-05
UNI,2020-10-01,5,8380.0,1676.0,Outros ativos,0.00838
UNI,2020-11-01,14,36436.58,2602.612857142857,Outros ativos,0.03643658
UNI,2020-12-01,7,4363.11,623.3014285714286,Outros ativos,0.00436311
UNI,2021-01-01,30,21941.37,731.379,Outros ativos,0.021941369999999998
UNI,2021-02-01,60,122594.54000000001,2043.2423333333334,Outros ativos,0.12259454
UNI,2021-03-01,46,38930.58,846.3169565217391,Outros ativos,0.03893058
UNI,2021-04-01,62,78470.87,1265.659193548387,Outros ativos,0.07847087
UNI,2021-05-01,45403,28907408.960000224,636.6849979076322,Outros ativos,28.907408960000225
UNI,2021-06-01,18200,10117428.230000012,555.9026500000007,Outros ativos,10.117428230000012
UNI,2021-07-01,17393,11618171.569999985,667.9797372506172,Outros ativos,11.618171569999985
UNI,2021-08-01,40442,43377059.69000017,1072.5745435438448,Outros ativos,43.377059690000166
UNI,2021-09-01,24526,21541851.94000016,878.3271605643057,Outros ativos,21.54185194000016
UNI,2021-10-01,23334,16103056.040000124,690.1112556784145,Outros ativos,16.103056040000123
UNI,2021-11-01,23915,12886668.149999991,538.8529437591466,Outros ativos,12.886668149999991
UNI,2021-12-01,26115,9671757.129999993,370.3525609802793,Outros ativos,9.671757129999992
UNI,2022-01-01,17694,6935433.230000002,391.9652554538263,Outros ativos,6.935433230000002
UNI,2022-02-01,9236,3473421.359999999,376.0742052836725,Outros ativos,3.473421359999999
UNI,2022-03-01,7459,4393439.85,589.0119117844215,Outros ativos,4.39343985
UNI,2022-04-01,5982,5230345.440000001,874.3472818455368,Outros ativos,5.230345440000002
UNI,2022-05-01,9444,26241347.830000013,2778.6264114781884,Outros ativos,26.241347830000013
UNI,2022-06-01,10031,2017071.5999999966,201.08380021931976,Outros ativos,2.0170715999999964
UNI,2022-07-01,7637,2636809.6999999955,345.26773602199756,Outros ativos,2.6368096999999957
UNI,2022-08-01,6041,2423495.189999996,401.1745058765099,Outros ativos,2.423495189999996
UNI,2022-09-01,5896,1311191.8099999998,222.38667062415195,Outros ativos,1.3111918099999997
UNI,2022-10-01,28973,2002454.8499999999,69.11451523832534,Outros ativos,2.00245485
UNI,2022-11-01,41751,2773286.710000001,66.4244379775335,Outros ativos,2.7732867100000007
UNI,2022-12-01,22264,1538995.369999999,69.12483695652169,Outros ativos,1.538995369999999
UNI,2023-01-01,139490,11468422.40000051,82.21680693956922,Outros ativos,11.468422400000511
UNI,2023-02-01,114527,11057814.729999902,96.55203340696868,Outros ativos,11.057814729999901
UNI,2023-03-01,114996,10764121.770000152,93.604314671816,Outros ativos,10.764121770000152
UNI,2023-04-01,104749,9187655.830000041,87.71115552415814,Outros ativos,9.187655830000041
UNI,2023-05-01,84823,5774687.170000326,68.0792611673759,Outros ativos,5.774687170000326
UNI,2023-06-01,94045,8366662.930000173,88.96446307618876,Outros ativos,8.366662930000173
UNI,2023-07-01,125459,11696542.540000955,93.22999976088566,Outros ativos,11.696542540000955
UNI,2023-08-01,141639,14131862.749999827,99.77381053240863,Outros ativos,14.131862749999827
UNI,2023-09-01,72609,6425358.139999901,88.49258549215526,Outros ativos,6.425358139999901
UNI,2023-10-01,134296,11506831.989999844,85.6826114701841,Outros ativos,11.506831989999844
UNI,2023-11-01,181796,28653450.77000138,157.61320804638925,Outros ativos,28.65345077000138
UNI,2023-12-01,134320,13322029.66000067,99.18128097082095,Outros ativos,13.322029660000672
UNI,2024-01-01,191694,22671060.950000916,118.26693036819574,Outros ativos,22.671060950000914
UNI,2024-02-01,221720,47384359.91000311,213.71261009382604,Outros ativos,47.38435991000311
UNI,2024-03-01,357618,97095329.17000397,271.50571047879015,Outros ativos,97.09532917000396
UNI,2024-04-01,200886,46024508.250000775,229.10759460589975,Outros ativos,46.02450825000078
UNI,2024-05-01,182911,45176383.30000129,246.98560119403038,Outros ativos,45.17638330000129
UNI,2024-06-01,230428,97516495.64000174,423.1972487718582,Outros ativos,97.51649564000175
UNI,2024-07-01,146681,51316724.86000154,349.85257027155217,Outros ativos,51.31672486000154
UNI,2024-08-01,130314,37437257.240001634,287.28499808156937,Outros ativos,37.437257240001635
UNI,2024-09-01,141384,28242819.360001184,199.7596571040654,Outros ativos,28.242819360001185
UNI,2024-10-01,176058,50519209.1500021,286.9463991980035,Outros ativos,50.5192091500021
UNI,2024-11-01,413545,219434251.78000748,530.6175912657812,Outros ativos,219.4342517800075
UNI,2024-12-01,659947,444612016.6800183,673.7086715751694,Outros ativos,444.6120166800183
UNI,2025-01-01,315633,181429005.86000887,574.8100035801353,Outros ativos,181.42900586000886
UNI,2025-02-01,178471,79589230.52000155,445.9504934695359,Outros ativos,79.58923052000155
UNI,2025-03-01,192363,81190842.25000238,422.07099208268943,Outros ativos,81.19084225000239
UNI,2025-04-01,131768,54336145.13000143,412.36222094895146,Outros ativos,54.336145130001434
UNI,2025-05-01,204080,124986538.44001362,612.4389378675696,Outros ativos,124.98653844001362
UNI,2025-06-01,189386,113685042.7900071,600.2821897606323,Outros ativos,113.6850427900071
UNI,2025-07-01,274353,202967271.3000116,739.8033602694762,Outros ativos,202.96727130001162
UNI,2025-08-01,200287,191471199.08000854,955.9841581331217,Outros ativos,191.47119908000855
UNI,2025-09-01,131654,76972425.96000262,584.6569489723261,Outros ativos,76.97242596000261
UNI,2025-10-01,156220,143883491.5200013,921.0311837152816,Outros ativos,143.8834915200013
UNI,2025-11-01,173314,209942454.9000036,1211.3415817533703,Outros ativos,209.9424549000036
UNI,2025-12-01,109203,43299829.10000246,396.5076884334905,Outros ativos,43.29982910000246
UNI,2026-01-01,142885,93660974.60000432,655.4989998950507,Outros ativos,93.66097460000431
UNI,2026-02-01,72348,54482722.620000556,753.0646682700359,Outros ativos,54.48272262000056
UNI,2026-03-01,93712,44412632.94000113,473.9268497097611,Outros ativos,44.41263294000113
UNI,2026-04-01,81778,40057904.820000604,489.83717894789066,Outros ativos,40.0579048200006
UNI,2026-05-01,69991,43503354.46000126,621.556406680877,Outros ativos,43.50335446000126
UNI,2026-06-01,80810,51874424.14000288,641.9307528771548,Outros ativos,51.87442414000288
USDC,2019-11-01,3,760520.0,253506.66666666666,Stablecoins,0.76052
USDC,2019-12-01,2,86348.0,43174.0,Stablecoins,0.086348
USDC,2020-01-01,3,1542.11,514.0366666666666,Stablecoins,0.00154211
USDC,2020-02-01,9,3217.77,357.53,Stablecoins,0.00321777
USDC,2020-03-01,34,31473.33,925.6861764705883,Stablecoins,0.03147333
USDC,2020-04-01,765,244558.91,319.6848496732026,Stablecoins,0.24455891
USDC,2020-05-01,6632,3560540.449999985,536.8728060916744,Stablecoins,3.560540449999985
USDC,2020-06-01,19766,9901481.250000043,500.9350020236792,Stablecoins,9.901481250000042
USDC,2020-07-01,22097,8748662.710000038,395.9208358600732,Stablecoins,8.748662710000039
USDC,2020-08-01,19657,176598792.38,8984.015484560206,Stablecoins,176.59879238
USDC,2020-09-01,14780,205071345.20000002,13874.921867388364,Stablecoins,205.07134520000002
USDC,2020-10-01,9207,413058494.6099999,44863.52716520038,Stablecoins,413.0584946099999
USDC,2020-11-01,24362,623845992.2800001,25607.338982021185,Stablecoins,623.8459922800001
USDC,2020-12-01,26935,635908211.2400001,23608.992435121592,Stablecoins,635.9082112400001
USDC,2021-01-01,52714,622086551.5999997,11801.163857798681,Stablecoins,622.0865515999997
USDC,2021-02-01,51339,736954446.2399998,14354.670839712495,Stablecoins,736.9544462399998
USDC,2021-03-01,57097,660665155.3400005,11570.925886473904,Stablecoins,660.6651553400005
USDC,2021-04-01,71823,799235702.4000005,11127.851835762924,Stablecoins,799.2357024000005
USDC,2021-05-01,54051,927463315.2999986,17159.04081885624,Stablecoins,927.4633152999986
USDC,2021-06-01,26173,1199764364.3799994,45839.772451763245,Stablecoins,1199.7643643799995
USDC,2021-07-01,22028,1348269697.6900003,61207.08633057927,Stablecoins,1348.2696976900004
USDC,2021-08-01,32682,1142212908.7799997,34949.296517348994,Stablecoins,1142.2129087799997
USDC,2021-09-01,36569,838093506.1699998,22918.141217151133,Stablecoins,838.0935061699998
USDC,2021-10-01,43311,362655611.14999986,8373.291107339934,Stablecoins,362.65561114999986
USDC,2021-11-01,42531,673401016.0900003,15833.180881944942,Stablecoins,673.4010160900003
USDC,2021-12-01,38327,401789186.6999996,10483.189049495122,Stablecoins,401.78918669999956
USDC,2022-01-01,30362,1109445068.1199996,36540.57928067978,Stablecoins,1109.4450681199996
USDC,2022-02-01,25238,1035713302.4100015,41037.85174776137,Stablecoins,1035.7133024100015
USDC,2022-03-01,26407,795497954.5400004,30124.510718370148,Stablecoins,795.4979545400005
USDC,2022-04-01,24051,627729799.37,26099.945921999086,Stablecoins,627.72979937
USDC,2022-05-01,29035,1057938564.6999999,36436.66487687274,Stablecoins,1057.9385647
USDC,2022-06-01,24566,849111836.9899999,34564.51343279329,Stablecoins,849.1118369899999
USDC,2022-07-01,30112,1029213459.8000002,34179.51181588736,Stablecoins,1029.2134598000002
USDC,2022-08-01,26244,530620670.2,20218.742196311538,Stablecoins,530.6206702
USDC,2022-09-01,131669,354537893.86999977,2692.6451470733414,Stablecoins,354.5378938699998
USDC,2022-10-01,110503,453168392.5600009,4100.96008759944,Stablecoins,453.1683925600009
USDC,2022-11-01,91188,782589436.3900001,8582.153752577095,Stablecoins,782.5894363900001
USDC,2022-12-01,79621,988296202.8000005,12412.5067858982,Stablecoins,988.2962028000005
USDC,2023-01-01,86459,793525529.7600002,9178.055838721246,Stablecoins,793.5255297600003
USDC,2023-02-01,77038,634520025.9500002,8236.455073470237,Stablecoins,634.5200259500002
USDC,2023-03-01,49111,435662731.99000025,8870.980676223255,Stablecoins,435.6627319900002
USDC,2023-04-01,28718,419442338.51000106,14605.555348910128,Stablecoins,419.44233851000104
USDC,2023-05-01,53735,1037895380.2199981,19315.071745045094,Stablecoins,1037.895380219998
USDC,2023-06-01,47372,1139734648.399994,24059.246989782867,Stablecoins,1139.7346483999938
USDC,2023-07-01,39949,1056969614.5900006,26457.974281959516,Stablecoins,1056.9696145900007
USDC,2023-08-01,46323,1275470338.4599998,27534.27753945124,Stablecoins,1275.4703384599998
USDC,2023-09-01,26088,1100229906.1600008,42173.79278442199,Stablecoins,1100.2299061600008
USDC,2023-10-01,34348,1136834280.5200002,33097.53931873763,Stablecoins,1136.8342805200002
USDC,2023-11-01,56443,1207841015.0400002,21399.30576050175,Stablecoins,1207.8410150400002
USDC,2023-12-01,79703,858199358.4400002,10767.46619876291,Stablecoins,858.1993584400002
USDC,2024-01-01,59154,1310389333.14,22152.16778476519,Stablecoins,1310.3893331400002
USDC,2024-02-01,187294,1077364353.719999,5752.263039499392,Stablecoins,1077.3643537199991
USDC,2024-03-01,515573,1663872954.3799903,3227.230584960792,Stablecoins,1663.8729543799902
USDC,2024-04-01,487595,1361889221.8100004,2793.0746250679363,Stablecoins,1361.8892218100004
USDC,2024-05-01,418530,827204959.7800047,1976.4532047404123,Stablecoins,827.2049597800047
USDC,2024-06-01,561236,1328426176.070005,2366.965369416796,Stablecoins,1328.4261760700049
USDC,2024-07-01,567651,1242612898.1700296,2189.0437930524736,Stablecoins,1242.6128981700297
USDC,2024-08-01,547864,1118572204.9800003,2041.6968535621984,Stablecoins,1118.5722049800002
USDC,2024-09-01,1096418,1480025308.3500257,1349.8732311490924,Stablecoins,1480.0253083500256
USDC,2024-10-01,1251142,1437023711.5599976,1148.5696360285224,Stablecoins,1437.0237115599975
USDC,2024-11-01,1853495,888319406.8199497,479.26722587325554,Stablecoins,888.3194068199498
USDC,2024-12-01,2863659,1066396075.3999621,372.38933664935735,Stablecoins,1066.396075399962
USDC,2025-01-01,2422921,968152225.6799198,399.5805994829876,Stablecoins,968.1522256799199
USDC,2025-02-01,1872794,978251922.7299604,522.3489197049757,Stablecoins,978.2519227299605
USDC,2025-03-01,2349234,1943341168.6700575,827.2233283998348,Stablecoins,1943.3411686700576
USDC,2025-04-01,2308282,1427900861.42981,618.5989672968078,Stablecoins,1427.90086142981
USDC,2025-05-01,2395066,2183209250.5696416,911.5445046481565,Stablecoins,2183.2092505696414
USDC,2025-06-01,2344829,1741643434.5598972,742.75925219276,Stablecoins,1741.6434345598973
USDC,2025-07-01,2552573,2513241920.859801,984.5915947789939,Stablecoins,2513.2419208598008
USDC,2025-08-01,2559708,2220768273.2998505,867.5865658504214,Stablecoins,2220.7682732998505
USDC,2025-09-01,2532227,3352990220.139945,1324.12703132063,Stablecoins,3352.990220139945
USDC,2025-10-01,2774854,5636704672.539832,2031.3518017668073,Stablecoins,5636.704672539832
USDC,2025-11-01,2807959,5712168837.579946,2034.277864306404,Stablecoins,5712.168837579946
USDC,2025-12-01,2133844,4448336325.979857,2084.6586376416726,Stablecoins,4448.336325979857
USDC,2026-01-01,2452725,4192153586.0399556,1709.1820673087916,Stablecoins,4192.153586039955
USDC,2026-02-01,2650367,4183796622.8199105,1578.5725610151012,Stablecoins,4183.79662281991
USDC,2026-03-01,2444337,3837838789.2304077,1570.0939719974815,Stablecoins,3837.8387892304077
USDC,2026-04-01,2607194,4792114486.339873,1838.0352541237335,Stablecoins,4792.114486339873
USDC,2026-05-01,2898957,7241823933.850041,2498.079113919262,Stablecoins,7241.823933850042
USDC,2026-06-01,2646529,14061395168.83982,5313.146075043886,Stablecoins,14061.395168839821
USDP,2021-09-01,3,131462.79,43820.93,Stablecoins,0.13146279
USDP,2021-10-01,4,141289.88,35322.47,Stablecoins,0.14128988
USDP,2021-11-01,289,42434.69000000005,146.8328373702424,Stablecoins,0.04243469000000005
USDP,2021-12-01,614967,11275767.099987622,18.33556450994545,Stablecoins,11.275767099987622
USDP,2022-01-01,437231,9922529.519993331,22.69402105521642,Stablecoins,9.922529519993331
USDP,2022-02-01,275267,7801997.7399956435,28.343382025435826,Stablecoins,7.8019977399956435
USDP,2022-03-01,313499,9809257.429996667,31.28959719168695,Stablecoins,9.809257429996668
USDP,2022-04-01,342811,8907180.599995974,25.98277359826836,Stablecoins,8.907180599995975
USDP,2022-05-01,311128,8568396.370001247,27.539779029856675,Stablecoins,8.568396370001247
USDP,2022-06-01,214770,5193771.259997794,24.182945755914673,Stablecoins,5.193771259997795
USDP,2022-07-01,168623,5213430.429998428,30.917670958282248,Stablecoins,5.213430429998428
USDP,2022-08-01,217999,5096282.719999901,23.377550906196362,Stablecoins,5.096282719999901
USDP,2022-09-01,318448,5409690.429999253,16.98767280686094,Stablecoins,5.4096904299992525
USDP,2022-10-01,183941,6701439.030001065,36.43254646871043,Stablecoins,6.7014390300010644
USDP,2022-11-01,170435,8327240.120001489,48.85874450671217,Stablecoins,8.32724012000149
USDP,2022-12-01,134206,5085125.06000079,37.89044498756233,Stablecoins,5.085125060000791
USDP,2023-01-01,167980,10916518.560000926,64.98701369211172,Stablecoins,10.916518560000926
USDP,2023-02-01,139349,4577524.090000344,32.84935012092189,Stablecoins,4.577524090000344
USDP,2023-03-01,155808,4776471.690000158,30.656138901726212,Stablecoins,4.776471690000157
USDP,2023-04-01,114395,6922765.720000216,60.516331308188434,Stablecoins,6.922765720000216
USDP,2023-05-01,102916,3300700.7499995437,32.07179398732504,Stablecoins,3.3007007499995438
USDP,2023-06-01,96930,4187901.2800002736,43.20541916847492,Stablecoins,4.187901280000274
USDP,2023-07-01,120239,3522440.859999401,29.29532730644301,Stablecoins,3.522440859999401
USDP,2023-08-01,145790,4320789.780000632,29.637079223545044,Stablecoins,4.320789780000632
USDP,2023-09-01,89000,2803731.319999667,31.502599101119852,Stablecoins,2.8037313199996667
USDP,2023-10-01,97647,3217011.5199995413,32.94531854536792,Stablecoins,3.2170115199995415
USDP,2023-11-01,88272,5329624.109999752,60.37728962751214,Stablecoins,5.3296241099997514
USDP,2023-12-01,210892,4433065.140000609,21.020546725340974,Stablecoins,4.4330651400006085
USDP,2024-01-01,86925,3624848.5299998056,41.70087466206276,Stablecoins,3.6248485299998054
USDP,2024-02-01,74118,2360505.479999618,31.847938152670313,Stablecoins,2.360505479999618
USDP,2024-03-01,95054,3271247.0199994603,34.41461716497423,Stablecoins,3.27124701999946
USDP,2024-04-01,95956,4235877.660000464,44.14395827254641,Stablecoins,4.2358776600004635
USDP,2024-05-01,72674,3304891.3800000525,45.47556732806853,Stablecoins,3.3048913800000523
USDP,2024-06-01,81705,3900329.5899995198,47.73673079982277,Stablecoins,3.9003295899995196
USDP,2024-07-01,76519,3855220.4899998587,50.38252577790952,Stablecoins,3.8552204899998586
USDP,2024-08-01,1420,356886.22999999934,251.32833098591502,Stablecoins,0.35688622999999936
USDP,2024-09-01,429,51386.06000000003,119.7810256410257,Stablecoins,0.051386060000000025
USDP,2024-10-01,768,74744.25,97.3232421875,Stablecoins,0.07474425
USDP,2024-11-01,1505,140038.30000000002,93.04870431893688,Stablecoins,0.1400383
USDP,2024-12-01,1069,88487.76999999997,82.77621141253506,Stablecoins,0.08848776999999998
USDP,2025-01-01,1159,84096.48999999999,72.5595254529767,Stablecoins,0.08409649
USDP,2025-02-01,435,55986.30999999999,128.70416091954021,Stablecoins,0.05598630999999999
USDP,2025-03-01,265,12753.750000000005,48.12735849056606,Stablecoins,0.012753750000000005
USDP,2025-04-01,336,18493.54,55.04029761904762,Stablecoins,0.01849354
USDP,2025-05-01,284,8569.559999999998,30.174507042253513,Stablecoins,0.008569559999999997
USDP,2025-06-01,240,231750.71999999997,965.6279999999999,Stablecoins,0.23175071999999997
USDP,2025-07-01,492,2112492.960000002,4293.684878048784,Stablecoins,2.1124929600000018
USDP,2025-08-01,445,2156682.7999999975,4846.478202247185,Stablecoins,2.1566827999999973
USDP,2025-09-01,250,7553.389999999997,30.213559999999987,Stablecoins,0.007553389999999997
USDP,2025-10-01,353,8641.179999999986,24.47926345609061,Stablecoins,0.008641179999999986
USDP,2025-11-01,121,7882.83,65.14735537190083,Stablecoins,0.00788283
USDP,2025-12-01,207,34265.82000000001,165.5353623188406,Stablecoins,0.03426582000000001
USDP,2026-01-01,356,19164.490000000013,53.83283707865172,Stablecoins,0.019164490000000013
USDP,2026-02-01,260,9012.949999999997,34.665192307692294,Stablecoins,0.009012949999999997
USDP,2026-03-01,236,8964.529999999992,37.985296610169456,Stablecoins,0.008964529999999991
USDP,2026-04-01,251,262424.46,1045.5157768924303,Stablecoins,0.26242446
USDP,2026-05-01,208,186845.44,898.2953846153846,Stablecoins,0.18684544
USDP,2026-06-01,153,16666.530000000006,108.93156862745101,Stablecoins,0.016666530000000006
USDT,2019-08-01,2277,25358737.20000001,11136.906982872204,Stablecoins,25.35873720000001
USDT,2019-09-01,4321,50664460.93,11725.170314741958,Stablecoins,50.66446093
USDT,2019-10-01,13570,110900835.8200002,8172.500797347104,Stablecoins,110.9008358200002
USDT,2019-11-01,4877,132570207.59,27182.736844371542,Stablecoins,132.57020759
USDT,2019-12-01,1761,415472650.3300001,235929.9547586599,Stablecoins,415.4726503300001
USDT,2020-01-01,3757,557167085.5899999,148301.06084375829,Stablecoins,557.1670855899999
USDT,2020-02-01,6344,669078377.12,105466.32678436318,Stablecoins,669.07837712
USDT,2020-03-01,7650,667717268.4400002,87283.3030640523,Stablecoins,667.7172684400002
USDT,2020-04-01,8925,91243796.91000001,10223.394611764706,Stablecoins,91.24379691000001
USDT,2020-05-01,16830,268506594.3799998,15954.04601188353,Stablecoins,268.5065943799998
USDT,2020-06-01,22812,1455582756.4299989,63807.76593152722,Stablecoins,1455.5827564299989
USDT,2020-07-01,39312,3171267023.250006,80669.1855731076,Stablecoins,3171.2670232500063
USDT,2020-08-01,33797,2107079523.699997,62345.164473178,Stablecoins,2107.079523699997
USDT,2020-09-01,40425,2752379339.149992,68086.0689956708,Stablecoins,2752.379339149992
USDT,2020-10-01,38961,2924537280.9599953,75063.19860783848,Stablecoins,2924.5372809599953
USDT,2020-11-01,49700,4455303752.799986,89643.93868812849,Stablecoins,4455.303752799986
USDT,2020-12-01,57083,5094251421.08,89242.88178757248,Stablecoins,5094.25142108
USDT,2021-01-01,71133,3362769699.139963,47274.39724375414,Stablecoins,3362.769699139963
USDT,2021-02-01,259865,3390822466.848215,13048.40000326406,Stablecoins,3390.8224668482153
USDT,2021-03-01,106622,3591184533.229697,33681.45911003074,Stablecoins,3591.184533229697
USDT,2021-04-01,106193,5522750149.320007,52006.72501313653,Stablecoins,5522.750149320007
USDT,2021-05-01,118096,6589232828.019987,55795.56316911654,Stablecoins,6589.232828019987
USDT,2021-06-01,80351,7296691333.340019,90810.21186220481,Stablecoins,7296.691333340019
USDT,2021-07-01,69338,6408057599.629989,92417.68726571272,Stablecoins,6408.0575996299885
USDT,2021-08-01,72960,5288454862.179997,72484.30458031794,Stablecoins,5288.454862179998
USDT,2021-09-01,77237,4422488639.200003,57258.67963799737,Stablecoins,4422.488639200003
USDT,2021-10-01,68044,4205881109.939996,61811.19731262118,Stablecoins,4205.881109939995
USDT,2021-11-01,74890,8918991071.560009,119094.552965149,Stablecoins,8918.991071560009
USDT,2021-12-01,75129,7821654047.850013,104109.6520364974,Stablecoins,7821.654047850013
USDT,2022-01-01,79581,8972423667.510008,112745.80198175454,Stablecoins,8972.423667510007
USDT,2022-02-01,95655,7611783734.429999,79575.38795076055,Stablecoins,7611.78373443
USDT,2022-03-01,107631,8019192008.690001,74506.34119064211,Stablecoins,8019.192008690001
USDT,2022-04-01,116565,8983890592.980013,77071.93920113253,Stablecoins,8983.890592980013
USDT,2022-05-01,112569,11233126084.270039,99788.80583704251,Stablecoins,11233.12608427004
USDT,2022-06-01,99371,9797238778.98003,98592.53483390556,Stablecoins,9797.23877898003
USDT,2022-07-01,125130,9259421767.430004,73998.41578702153,Stablecoins,9259.421767430003
USDT,2022-08-01,135835,10976090361.439985,80804.58174579442,Stablecoins,10976.090361439985
USDT,2022-09-01,129357,8876656459.260008,68621.38468934814,Stablecoins,8876.656459260008
USDT,2022-10-01,153000,11087683683.039976,72468.52080418284,Stablecoins,11087.683683039975
USDT,2022-11-01,163850,12071767327.37,73675.72369465975,Stablecoins,12071.76732737
USDT,2022-12-01,180417,11040418228.100159,61193.89097535243,Stablecoins,11040.41822810016
USDT,2023-01-01,195309,14459899666.749983,74036.01301911322,Stablecoins,14459.899666749983
USDT,2023-02-01,174785,13027295214.660069,74533.25637016946,Stablecoins,13027.29521466007
USDT,2023-03-01,219970,17348715385.289917,78868.55200840985,Stablecoins,17348.715385289917
USDT,2023-04-01,227507,19657216019.21008,86402.68659518204,Stablecoins,19657.21601921008
USDT,2023-05-01,258054,15076464143.050058,58423.679319251234,Stablecoins,15076.464143050058
USDT,2023-06-01,294402,18024562193.630074,61224.31978597317,Stablecoins,18024.562193630074
USDT,2023-07-01,256729,19071297858.25002,74285.71707228252,Stablecoins,19071.297858250018
USDT,2023-08-01,300812,20507125478.760002,68172.56452122921,Stablecoins,20507.12547876
USDT,2023-09-01,244447,14207761246.180061,58122.0520038293,Stablecoins,14207.761246180062
USDT,2023-10-01,325160,18437534899.939503,56702.96131116836,Stablecoins,18437.534899939503
USDT,2023-11-01,362593,18646660510.84002,51425.870082544396,Stablecoins,18646.660510840018
USDT,2023-12-01,407703,20738552825.699974,50866.814386207545,Stablecoins,20738.552825699975
USDT,2024-01-01,433449,21634460624.369976,49912.35560439631,Stablecoins,21634.460624369975
USDT,2024-02-01,433392,14774193047.319818,34089.676429929066,Stablecoins,14774.193047319819
USDT,2024-03-01,821158,18741766412.029705,22823.581347353014,Stablecoins,18741.766412029705
USDT,2024-04-01,703613,20052802670.340176,28499.761474475567,Stablecoins,20052.802670340177
USDT,2024-05-01,684359,20975128063.410038,30649.305501074785,Stablecoins,20975.128063410037
USDT,2024-06-01,608234,19668025764.480015,32336.281372761165,Stablecoins,19668.025764480015
USDT,2024-07-01,711502,21015380758.059837,29536.643267425585,Stablecoins,21015.380758059837
USDT,2024-08-01,764141,23132842458.11981,30273.002571671732,Stablecoins,23132.84245811981
USDT,2024-09-01,878329,26533341908.710262,30208.887454143336,Stablecoins,26533.341908710263
USDT,2024-10-01,703871,22658008141.81007,32190.569211986385,Stablecoins,22658.00814181007
USDT,2024-11-01,806786,20148967199.710026,24974.363957369147,Stablecoins,20148.967199710027
USDT,2024-12-01,2584178,29339510063.990185,11353.51746822014,Stablecoins,29339.510063990183
USDT,2025-01-01,7907642,29089650305.971733,3678.6756792950077,Stablecoins,29089.650305971732
USDT,2025-02-01,5042198,23642387048.10088,4688.90492759326,Stablecoins,23642.387048100878
USDT,2025-03-01,2531009,25066474012.59016,9903.747482758916,Stablecoins,25066.47401259016
USDT,2025-04-01,2042075,26676175218.370102,13063.269085792688,Stablecoins,26676.175218370103
USDT,2025-05-01,1195935,22690472705.23987,18972.99828606059,Stablecoins,22690.472705239867
USDT,2025-06-01,1058027,28640908377.420322,27070.111043877256,Stablecoins,28640.90837742032
USDT,2025-07-01,1281642,27918777678.010086,21783.60078556265,Stablecoins,27918.777678010087
USDT,2025-08-01,1385951,26087968647.46005,18823.153666659247,Stablecoins,26087.96864746005
USDT,2025-09-01,1622058,24770052955.040127,15270.756628332727,Stablecoins,24770.052955040126
USDT,2025-10-01,1699856,31759425522.801033,18683.597624034643,Stablecoins,31759.425522801033
USDT,2025-11-01,1721172,34857586775.25841,20252.239041338347,Stablecoins,34857.58677525841
USDT,2025-12-01,1567126,29587266179.21078,18879.953608842417,Stablecoins,29587.266179210783
USDT,2026-01-01,1471079,28886341815.83029,19636.159455631067,Stablecoins,28886.341815830292
USDT,2026-02-01,1570483,27670496809.208687,17619.09986240455,Stablecoins,27670.496809208686
USDT,2026-03-01,2563762,31034681830.29433,12105.133717675171,Stablecoins,31034.681830294332
USDT,2026-04-01,1818583,32944283824.249416,18115.358949384998,Stablecoins,32944.28382424942
USDT,2026-05-01,1779696,44986268333.15151,25277.501513264913,Stablecoins,44986.268333151515
USDT,2026-06-01,1663138,33959112651.709988,20418.698058555565,Stablecoins,33959.11265170999
VET,2020-05-01,1,10.37,10.37,Outros ativos,1.0369999999999999e-05
VET,2020-08-01,2,106507.75,53253.875,Outros ativos,0.10650775
VET,2020-09-01,1,100.0,100.0,Outros ativos,0.0001
VET,2020-11-01,5,1776.38,355.276,Outros ativos,0.0017763800000000001
VET,2020-12-01,3,189.61,63.20333333333334,Outros ativos,0.00018961000000000002
VET,2021-01-01,17,26451.559999999998,1555.9741176470586,Outros ativos,0.02645156
VET,2021-02-01,40,57769.75,1444.24375,Outros ativos,0.05776975
VET,2021-03-01,121,90071.68999999999,744.3941322314049,Outros ativos,0.09007168999999998
VET,2021-04-01,173,466461.50999999995,2696.309306358381,Outros ativos,0.46646150999999997
VET,2021-05-01,105,189501.34999999998,1804.7747619047616,Outros ativos,0.18950134999999999
VET,2021-06-01,7922,3460044.3299999936,436.7639901540007,Outros ativos,3.4600443299999935
VET,2021-07-01,5123,2607801.960000001,509.0380558266642,Outros ativos,2.607801960000001
VET,2021-08-01,12931,8461862.470000025,654.3857760420714,Outros ativos,8.461862470000025
VET,2021-09-01,10744,7502820.62999999,698.3265664556952,Outros ativos,7.50282062999999
VET,2021-10-01,16526,14061459.069999993,850.8688775263217,Outros ativos,14.061459069999993
VET,2021-11-01,14892,12252643.049999995,822.7667908944396,Outros ativos,12.252643049999994
VET,2021-12-01,5505,2453891.599999996,445.756875567665,Outros ativos,2.453891599999996
VET,2022-01-01,3472,1184445.7300000016,341.1422033410143,Outros ativos,1.1844457300000015
VET,2022-02-01,1935,634642.79,327.98077002583983,Outros ativos,0.63464279
VET,2022-03-01,4584,2115008.149999999,461.3892124781848,Outros ativos,2.115008149999999
VET,2022-04-01,2032,788280.3799999999,387.9332578740157,Outros ativos,0.7882803799999999
VET,2022-05-01,2533,576074.3599999999,227.42769838136593,Outros ativos,0.5760743599999999
VET,2022-06-01,1816,371924.62000000005,204.8043061674009,Outros ativos,0.37192462000000004
VET,2022-07-01,1340,324972.1800000002,242.51655223880613,Outros ativos,0.3249721800000002
VET,2022-08-01,1562,441363.65999999945,282.5631626120355,Outros ativos,0.44136365999999944
VET,2022-09-01,1201,262963.85000000003,218.95407993338887,Outros ativos,0.26296385000000005
VET,2022-10-01,670,103527.80000000002,154.51910447761196,Outros ativos,0.10352780000000002
VET,2022-11-01,1272,244083.45999999996,191.88951257861632,Outros ativos,0.24408345999999997
VET,2022-12-01,708,76663.86,108.28228813559322,Outros ativos,0.07666386
VET,2023-01-01,1654,249009.6199999997,150.5499516324061,Outros ativos,0.2490096199999997
VET,2023-02-01,1735,347354.8699999998,200.20453602305466,Outros ativos,0.3473548699999998
VET,2023-03-01,1215,189822.4900000001,156.23250205761326,Outros ativos,0.1898224900000001
VET,2023-04-01,806,130061.60999999996,161.36676178660045,Outros ativos,0.13006160999999997
VET,2023-05-01,696,90191.55000000002,129.5855603448276,Outros ativos,0.09019155000000002
VET,2023-06-01,1096,131155.1,119.66706204379562,Outros ativos,0.1311551
VET,2023-07-01,794,85650.42000000001,107.87206549118389,Outros ativos,0.08565042000000002
VET,2023-08-01,822,88404.57999999999,107.5481508515815,Outros ativos,0.08840457999999998
VET,2023-09-01,1026,87925.68999999999,85.6975536062378,Outros ativos,0.08792568999999999
VET,2023-10-01,1135,107678.74000000003,94.87113656387669,Outros ativos,0.10767874000000004
VET,2023-11-01,8488,589561.5900000002,69.45824575871822,Outros ativos,0.5895615900000002
VET,2023-12-01,24531,1654986.1300000034,67.46509029391396,Outros ativos,1.6549861300000033
VET,2024-01-01,6472,485427.93000000034,75.00431551297903,Outros ativos,0.48542793000000034
VET,2024-02-01,30915,2624862.390000001,84.90578651140227,Outros ativos,2.624862390000001
VET,2024-03-01,289687,12836844.310000055,44.31280765101663,Outros ativos,12.836844310000055
VET,2024-04-01,132671,4014860.0200000224,30.26177551989525,Outros ativos,4.014860020000023
VET,2024-05-01,29215,1183846.6499999964,40.52187746020867,Outros ativos,1.1838466499999964
VET,2024-06-01,33383,1348817.8400000029,40.40433274421121,Outros ativos,1.3488178400000028
VET,2024-07-01,10234,744581.7799999996,72.75569474301344,Outros ativos,0.7445817799999995
VET,2024-08-01,28578,1025827.6399999827,35.895711386380526,Outros ativos,1.0258276399999826
VET,2024-09-01,9786,1115300.5199999982,113.9689883507049,Outros ativos,1.1153005199999981
VET,2024-10-01,3305,343969.35,104.0754462934947,Outros ativos,0.34396934999999995
VET,2024-11-01,8548,1099515.5499999998,128.62839845577912,Outros ativos,1.0995155499999998
VET,2024-12-01,16022,2653376.0100000002,165.60828922731247,Outros ativos,2.65337601
VET,2025-01-01,7163,959229.3099999998,133.91446460980035,Outros ativos,0.9592293099999998
VET,2025-02-01,2167,392994.6799999999,181.35425934471613,Outros ativos,0.3929946799999999
VET,2025-03-01,1623,210538.24,129.72165126309304,Outros ativos,0.21053824
VET,2025-04-01,1551,296439.8300000001,191.1281947130884,Outros ativos,0.29643983000000007
VET,2025-05-01,1360,201307.25999999998,148.02004411764705,Outros ativos,0.20130726
VET,2025-06-01,944,187707.62999999998,198.8428283898305,Outros ativos,0.18770763
VET,2025-07-01,1685,347881.03999999986,206.45759050445096,Outros ativos,0.34788103999999986
VET,2025-08-01,1331,390427.74000000005,293.334139744553,Outros ativos,0.39042774
VET,2025-09-01,992,197009.18999999997,198.59797379032256,Outros ativos,0.19700918999999997
VET,2025-10-01,750,238227.6,317.6368,Outros ativos,0.2382276
VET,2025-11-01,517,95148.30000000003,184.0392649903289,Outros ativos,0.09514830000000003
VET,2025-12-01,385,50094.72,130.11615584415586,Outros ativos,0.05009472
VET,2026-01-01,427,59740.48999999999,139.9074707259953,Outros ativos,0.05974048999999999
VET,2026-02-01,293,29906.38,102.06955631399317,Outros ativos,0.02990638
VET,2026-03-01,341,33819.63,99.17780058651026,Outros ativos,0.033819629999999996
VET,2026-04-01,475,50568.78,106.46058947368421,Outros ativos,0.05056878
VET,2026-05-01,788,62598.38999999998,79.43958121827409,Outros ativos,0.06259838999999998
VET,2026-06-01,642,51965.04000000001,80.94242990654207,Outros ativos,0.05196504000000001
WAVES,2019-08-01,1,1500.0,1500.0,Outros ativos,0.0015
WAVES,2019-09-01,3,372.78999999999996,124.26333333333332,Outros ativos,0.00037278999999999996
WAVES,2019-10-01,16,3410.1699999999996,213.13562499999998,Outros ativos,0.0034101699999999997
WAVES,2019-11-01,1,26.96,26.96,Outros ativos,2.696e-05
WAVES,2019-12-01,2,99.22999999999999,49.614999999999995,Outros ativos,9.922999999999998e-05
WAVES,2020-01-01,8,1500.0,187.5,Outros ativos,0.0015
WAVES,2020-02-01,14,7468.17,533.4407142857143,Outros ativos,0.00746817
WAVES,2020-03-01,4,2837.6800000000003,709.4200000000001,Outros ativos,0.0028376800000000004
WAVES,2020-04-01,5,3337.33,667.466,Outros ativos,0.00333733
WAVES,2020-05-01,13,6050.789999999999,465.44538461538457,Outros ativos,0.0060507899999999995
WAVES,2020-06-01,20,16003.2,800.1600000000001,Outros ativos,0.016003200000000002
WAVES,2020-07-01,3208,1976828.5399999996,616.218372817955,Outros ativos,1.9768285399999996
WAVES,2020-08-01,14809,13987342.860000076,944.5163657235516,Outros ativos,13.987342860000076
WAVES,2020-09-01,3725,2790397.1399999997,749.0999033557046,Outros ativos,2.7903971399999996
WAVES,2020-10-01,3134,2301930.38,734.5023548181238,Outros ativos,2.30193038
WAVES,2020-11-01,6569,6660087.329999994,1013.8662399147502,Outros ativos,6.660087329999993
WAVES,2020-12-01,5893,5258232.049999996,892.2844137111821,Outros ativos,5.258232049999996
WAVES,2021-01-01,8625,6791511.289999994,787.4215988405791,Outros ativos,6.7915112899999945
WAVES,2021-02-01,12872,8561411.440000005,665.1189745183348,Outros ativos,8.561411440000006
WAVES,2021-03-01,8997,6230769.729999989,692.5385939757685,Outros ativos,6.230769729999989
WAVES,2021-04-01,25748,25156421.93000005,977.0243098493107,Outros ativos,25.15642193000005
WAVES,2021-05-01,33343,48522755.72000019,1455.2606460126622,Outros ativos,48.52275572000019
WAVES,2021-06-01,7494,10195528.450000033,1360.4921870830042,Outros ativos,10.195528450000033
WAVES,2021-07-01,4185,5258634.879999991,1256.543579450416,Outros ativos,5.258634879999991
WAVES,2021-08-01,6801,5913198.340000004,869.4601293927369,Outros ativos,5.913198340000004
WAVES,2021-09-01,4549,4147720.470000004,911.7873092987478,Outros ativos,4.147720470000004
WAVES,2021-10-01,4351,4044983.4599999986,929.6675384968969,Outros ativos,4.044983459999998
WAVES,2021-11-01,2214,1570954.9800000002,709.5550948509486,Outros ativos,1.5709549800000002
WAVES,2021-12-01,2106,1363476.6699999978,647.4248195631519,Outros ativos,1.3634766699999978
WAVES,2022-01-01,1378,698086.9199999993,506.5942815674886,Outros ativos,0.6980869199999994
WAVES,2022-02-01,1574,1024606.4300000002,650.9570711562898,Outros ativos,1.0246064300000002
WAVES,2022-03-01,11264,13239907.379999958,1175.4179137073827,Outros ativos,13.239907379999957
WAVES,2022-04-01,5310,5630296.069999993,1060.319410546138,Outros ativos,5.630296069999993
WAVES,2022-05-01,5933,3264821.4899999993,550.2817276251474,Outros ativos,3.264821489999999
WAVES,2022-06-01,8579,3928641.1400000043,457.9369553561026,Outros ativos,3.9286411400000043
WAVES,2022-07-01,2970,1109582.1499999994,373.5966835016833,Outros ativos,1.1095821499999994
WAVES,2022-08-01,2361,922108.8800000019,390.5586107581541,Outros ativos,0.9221088800000019
WAVES,2022-09-01,1530,496578.9400000002,324.5613986928106,Outros ativos,0.4965789400000002
WAVES,2022-10-01,1339,313667.87000000005,234.2553174010456,Outros ativos,0.31366787000000007
WAVES,2022-11-01,1756,351627.25000000006,200.24330865603648,Outros ativos,0.35162725000000006
WAVES,2022-12-01,1973,353563.1999999999,179.2008109477952,Outros ativos,0.3535631999999999
WAVES,2023-01-01,1840,545448.8899999997,296.4396141304346,Outros ativos,0.5454488899999996
WAVES,2023-02-01,1505,540041.6,358.83162790697673,Outros ativos,0.5400416
WAVES,2023-03-01,598,156028.08000000002,260.9165217391305,Outros ativos,0.15602808
WAVES,2023-04-01,786,245063.55000000008,311.78568702290085,Outros ativos,0.24506355000000007
WAVES,2023-05-01,890,232522.5,261.2612359550562,Outros ativos,0.2325225
WAVES,2023-06-01,1383,270821.93,195.8220751988431,Outros ativos,0.27082193
WAVES,2023-07-01,723,164386.24999999997,227.36687413554628,Outros ativos,0.16438624999999998
WAVES,2023-08-01,319,64287.77999999997,201.52909090909083,Outros ativos,0.06428777999999997
WAVES,2023-09-01,181,36617.549999999996,202.30690607734803,Outros ativos,0.03661755
WAVES,2023-10-01,295,103195.96000000005,349.8168135593222,Outros ativos,0.10319596000000004
WAVES,2023-11-01,401,131595.69999999998,328.16882793017453,Outros ativos,0.13159569999999998
WAVES,2023-12-01,619,180399.86,291.43757673667204,Outros ativos,0.18039986
WAVES,2024-01-01,413,75878.16999999998,183.72438256658592,Outros ativos,0.07587816999999998
WAVES,2024-02-01,454,133097.57,293.1664537444934,Outros ativos,0.13309757
WAVES,2024-03-01,1256,363398.0799999996,289.3296815286621,Outros ativos,0.3633980799999996
WAVES,2024-04-01,740,157146.64000000013,212.3603243243245,Outros ativos,0.15714664000000014
WAVES,2024-05-01,567,88966.00000000003,156.90652557319228,Outros ativos,0.08896600000000003
WAVES,2024-06-01,1360,200785.80000000005,147.63661764705887,Outros ativos,0.20078580000000004
WAVES,2024-07-01,516,47691.610000000044,92.42560077519389,Outros ativos,0.047691610000000044
WAVES,2024-08-01,235,18670.220000000005,79.44774468085109,Outros ativos,0.018670220000000005
WAVES,2024-09-01,192,15167.100000000002,78.99531250000001,Outros ativos,0.015167100000000003
WAVES,2024-10-01,299,27677.040000000005,92.56535117056858,Outros ativos,0.027677040000000003
WAVES,2024-11-01,1459,158872.58000000016,108.89141877998641,Outros ativos,0.15887258000000015
WAVES,2024-12-01,1208,140288.78000000046,116.13309602649045,Outros ativos,0.14028878000000047
WAVES,2025-01-01,480,46865.56000000005,97.63658333333343,Outros ativos,0.04686556000000005
WAVES,2025-02-01,305,30427.519999999953,99.76236065573755,Outros ativos,0.030427519999999954
WAVES,2025-03-01,137,11640.819999999994,84.96948905109485,Outros ativos,0.011640819999999994
WAVES,2025-04-01,115,7784.410000000001,67.69052173913045,Outros ativos,0.007784410000000001
WAVES,2025-05-01,125,10952.559999999992,87.62047999999994,Outros ativos,0.010952559999999991
WAVES,2025-06-01,73,5260.5999999999985,72.06301369863012,Outros ativos,0.005260599999999999
WAVES,2025-07-01,79,6906.800000000001,87.42784810126584,Outros ativos,0.006906800000000001
WAVES,2025-08-01,109,8602.490000000002,78.9219266055046,Outros ativos,0.00860249
WAVES,2025-09-01,50,2869.4400000000005,57.38880000000001,Outros ativos,0.0028694400000000004
WAVES,2025-10-01,249,26133.22,104.95269076305222,Outros ativos,0.026133220000000002
WAVES,2025-11-01,605,54333.04999999995,89.80669421487595,Outros ativos,0.05433304999999995
WAVES,2025-12-01,272,28725.689999999995,105.60915441176469,Outros ativos,0.028725689999999995
WAVES,2026-01-01,328,19946.890000000003,60.81368902439025,Outros ativos,0.019946890000000002
WAVES,2026-02-01,168,10547.00000000001,62.77976190476196,Outros ativos,0.01054700000000001
WAVES,2026-03-01,128,8190.23,63.986171875,Outros ativos,0.00819023
WAVES,2026-04-01,85,5932.830000000004,69.79800000000004,Outros ativos,0.0059328300000000035
WAVES,2026-05-01,113,7459.929999999997,66.01707964601766,Outros ativos,0.0074599299999999966
WAVES,2026-06-01,197,14923.629999999988,75.75446700507608,Outros ativos,0.014923629999999988
WBTC,2021-06-01,720,202428.54999999993,281.1507638888888,Outros ativos,0.20242854999999993
WBTC,2021-07-01,620,174074.21999999986,280.76487096774173,Outros ativos,0.17407421999999986
WBTC,2021-08-01,1289,506124.32000000007,392.64881303335926,Outros ativos,0.5061243200000001
WBTC,2021-09-01,4096,2175911.239999982,531.2283300781206,Outros ativos,2.1759112399999823
WBTC,2021-10-01,10288,8477405.79000003,824.0091164463482,Outros ativos,8.47740579000003
WBTC,2021-11-01,3940,1963845.2999999986,498.4378934010149,Outros ativos,1.9638452999999987
WBTC,2021-12-01,1542,444686.4799999995,288.38293125810605,Outros ativos,0.4446864799999995
WBTC,2022-01-01,1219,508009.19999999966,416.7425758818701,Outros ativos,0.5080091999999997
WBTC,2022-02-01,1632,524219.5100000002,321.21293504901973,Outros ativos,0.5242195100000002
WBTC,2022-03-01,1824,559548.6700000003,306.77010416666684,Outros ativos,0.5595486700000003
WBTC,2022-04-01,1705,380108.1699999995,222.9373431085041,Outros ativos,0.3801081699999995
WBTC,2022-05-01,1459,199677.91000000012,136.85943111720366,Outros ativos,0.19967791000000013
WBTC,2022-06-01,1271,135494.13,106.60435090479938,Outros ativos,0.13549413000000002
WBTC,2022-07-01,1199,291261.94999999995,242.9207256046705,Outros ativos,0.29126194999999994
WBTC,2022-08-01,765,145762.04999999996,190.53862745098033,Outros ativos,0.14576204999999995
WBTC,2022-09-01,719,144781.32000000012,201.36484005563298,Outros ativos,0.14478132000000013
WBTC,2022-10-01,1267,285029.3800000002,224.96399368587228,Outros ativos,0.28502938000000017
WBTC,2022-11-01,1509,639449.6699999986,423.757236580516,Outros ativos,0.6394496699999986
WBTC,2022-12-01,873,223696.62999999957,256.23898052691817,Outros ativos,0.22369662999999956
WBTC,2023-01-01,1484,200323.20000000004,134.98867924528304,Outros ativos,0.20032320000000003
WBTC,2023-02-01,1238,132737.03,107.21892568659128,Outros ativos,0.13273703
WBTC,2023-03-01,3341,980327.0999999994,293.42325651002676,Outros ativos,0.9803270999999993
WBTC,2023-04-01,1883,560738.4599999994,297.78994158258064,Outros ativos,0.5607384599999994
WBTC,2023-05-01,1393,254247.64000000013,182.518047379756,Outros ativos,0.2542476400000001
WBTC,2023-06-01,1328,204931.65000000017,154.31600150602424,Outros ativos,0.20493165000000016
WBTC,2023-07-01,1590,262675.6100000002,165.20478616352216,Outros ativos,0.2626756100000002
WBTC,2023-08-01,2737,229297.1499999998,83.7768176835951,Outros ativos,0.22929714999999978
WBTC,2023-09-01,3305,235848.6600000006,71.36116792738294,Outros ativos,0.2358486600000006
WBTC,2023-10-01,3709,447028.60999999987,120.52537341601506,Outros ativos,0.4470286099999999
WBTC,2023-11-01,4188,1099492.6799999983,262.5340687679079,Outros ativos,1.0994926799999982
WBTC,2023-12-01,5976,1143280.7999999935,191.31204819277,Outros ativos,1.1432807999999934
WBTC,2024-01-01,5852,1002753.0999999945,171.35220437457187,Outros ativos,1.0027530999999945
WBTC,2024-02-01,8366,1406404.1399999945,168.10950753047987,Outros ativos,1.4064041399999945
WBTC,2024-03-01,13417,3530365.44999999,263.1262912722658,Outros ativos,3.53036544999999
WBTC,2024-04-01,6183,1126586.9599999976,182.20717451075492,Outros ativos,1.1265869599999976
WBTC,2024-05-01,5848,2469911.649999997,422.3515133378928,Outros ativos,2.469911649999997
WBTC,2024-06-01,4732,807383.1500000001,170.62196745562133,Outros ativos,0.8073831500000002
WBTC,2024-07-01,5938,1399241.4599999955,235.6418760525422,Outros ativos,1.3992414599999956
WBTC,2024-08-01,6807,1443006.9,211.98867342441602,Outros ativos,1.4430068999999999
WBTC,2024-09-01,4170,780278.8499999974,187.1172302158267,Outros ativos,0.7802788499999974
WBTC,2024-10-01,6461,1499796.3099999942,232.13067791363477,Outros ativos,1.4997963099999942
WBTC,2024-11-01,13406,2986904.8399999673,222.80358347008558,Outros ativos,2.9869048399999674
WBTC,2024-12-01,7691,2004271.0799999994,260.5995423221947,Outros ativos,2.004271079999999
WBTC,2025-01-01,6329,1181228.9499999974,186.63753357560395,Outros ativos,1.1812289499999975
WBTC,2025-02-01,3436,818509.1199999977,238.2156926658899,Outros ativos,0.8185091199999976
WBTC,2025-03-01,3183,838173.9299999956,263.3282846371334,Outros ativos,0.8381739299999956
WBTC,2025-04-01,3241,534359.8700000005,164.87499845726643,Outros ativos,0.5343598700000005
WBTC,2025-05-01,3891,505924.3999999994,130.02426111539435,Outros ativos,0.5059243999999994
WBTC,2025-06-01,2307,236529.6699999999,102.52694841785865,Outros ativos,0.2365296699999999
WBTC,2025-07-01,3938,707476.9399999945,179.65386998476242,Outros ativos,0.7074769399999945
WBTC,2025-08-01,2592,457493.21999999887,176.50201388888846,Outros ativos,0.45749321999999887
WBTC,2025-09-01,2911,515516.71999999793,177.0926554448636,Outros ativos,0.5155167199999979
WBTC,2025-10-01,2628,579812.0899999986,220.62864916286094,Outros ativos,0.5798120899999986
WBTC,2025-11-01,1660,303886.6099999999,183.06422289156623,Outros ativos,0.30388660999999995
WBTC,2025-12-01,1943,963794.2999999985,496.03412249099256,Outros ativos,0.9637942999999985
WBTC,2026-01-01,2004,973038.6199999993,485.54821357285397,Outros ativos,0.9730386199999993
WBTC,2026-02-01,1783,2980102.55,1671.3979528883901,Outros ativos,2.98010255
WBTC,2026-03-01,1485,499553.49999999895,336.3996632996626,Outros ativos,0.49955349999999893
WBTC,2026-04-01,1361,271781.35,199.6923952975753,Outros ativos,0.27178135
WBTC,2026-05-01,896,165110.8999999998,184.27555803571406,Outros ativos,0.16511089999999978
WBTC,2026-06-01,1061,132778.78999999998,125.14494816211119,Outros ativos,0.13277878999999998
WBX,2020-07-01,58076,38723717.24000011,666.7765899855381,Outros ativos,38.723717240000106
WBX,2020-08-01,40324,21456253.530000526,532.0963577522202,Outros ativos,21.456253530000527
WBX,2020-09-01,29430,13037857.340000203,443.01248182127773,Outros ativos,13.037857340000203
WBX,2020-10-01,17831,6513639.740000048,365.2986226235235,Outros ativos,6.513639740000047
WBX,2020-11-01,42672,18429652.03000045,431.89098308025046,Outros ativos,18.429652030000447
WBX,2020-12-01,70360,31509692.82000103,447.83531580444895,Outros ativos,31.50969282000103
WBX,2021-01-01,47279,13493540.380000992,285.40240656530364,Outros ativos,13.493540380000992
WBX,2021-02-01,60363,25852696.39000009,428.28713599390505,Outros ativos,25.85269639000009
WBX,2021-03-01,653913,829359836.3901945,1268.303025616855,Outros ativos,829.3598363901946
WBX,2021-04-01,216331,219781658.1499883,1015.9508260489172,Outros ativos,219.7816581499883
WBX,2021-05-01,115562,77770743.5099939,672.9785181114371,Outros ativos,77.77074350999389
WBX,2021-06-01,75864,55286003.15999831,728.7514916165547,Outros ativos,55.286003159998316
WBX,2021-07-01,64365,29585310.320000928,459.6490378311338,Outros ativos,29.58531032000093
WBX,2021-08-01,172086,146736548.21999705,852.693119835414,Outros ativos,146.73654821999705
WBX,2021-09-01,101766,55737385.58999915,547.701448322614,Outros ativos,55.73738558999915
WBX,2021-10-01,93562,42354388.51999985,452.6879344178176,Outros ativos,42.354388519999844
WBX,2021-11-01,83301,34902330.62000083,418.99053576788793,Outros ativos,34.90233062000083
WBX,2021-12-01,53825,20207243.98000053,375.42487654436655,Outros ativos,20.20724398000053
WBX,2022-01-01,42727,10665515.880000195,249.62005008543062,Outros ativos,10.665515880000195
WBX,2022-02-01,45185,13594664.410000157,300.86675688835135,Outros ativos,13.594664410000156
WBX,2022-03-01,33745,7219710.560000067,213.94904608090286,Outros ativos,7.219710560000067
WBX,2022-04-01,20416,4328814.8099999875,212.03050597570473,Outros ativos,4.3288148099999875
WBX,2022-05-01,24216,4669835.700000117,192.8409192269622,Outros ativos,4.6698357000001165
WBX,2022-06-01,19648,4618838.979999989,235.0793454804555,Outros ativos,4.618838979999989
WBX,2022-07-01,26992,6318071.400000108,234.07199911085166,Outros ativos,6.318071400000108
WBX,2022-08-01,16654,3748701.6299999882,225.09316860814147,Outros ativos,3.7487016299999882
WBX,2022-09-01,13951,3189568.949999991,228.62654648412234,Outros ativos,3.189568949999991
WBX,2022-10-01,37329,13413346.280000245,359.3277687588804,Outros ativos,13.413346280000246
WBX,2022-11-01,35658,13349604.070000572,374.37893516183107,Outros ativos,13.349604070000572
WBX,2022-12-01,15794,3838416.6500000195,243.03005255160312,Outros ativos,3.8384166500000196
WBX,2023-01-01,25203,8129714.599999988,322.5693211125655,Outros ativos,8.12971459999999
WBX,2023-02-01,46865,19914492.050000194,424.9331494718915,Outros ativos,19.914492050000195
WBX,2023-03-01,22017,6266166.899999994,284.6058454830356,Outros ativos,6.266166899999994
WBX,2023-04-01,16901,3394507.2999999975,200.84653570794612,Outros ativos,3.3945072999999977
WBX,2023-05-01,20025,4014339.30000006,200.4663820224749,Outros ativos,4.01433930000006
WBX,2023-06-01,13958,2889764.0400000014,207.03281558962613,Outros ativos,2.8897640400000015
WBX,2023-07-01,19062,5189028.779999991,272.21848599307475,Outros ativos,5.189028779999991
WBX,2023-08-01,19323,5430927.859999981,281.0602835998541,Outros ativos,5.430927859999981
WBX,2023-09-01,19280,4519237.379999985,234.40027904564238,Outros ativos,4.519237379999985
WBX,2023-10-01,16605,3785624.5099999495,227.98100030111107,Outros ativos,3.7856245099999497
WBX,2023-11-01,17513,4138945.359999997,236.3355998401186,Outros ativos,4.1389453599999975
WBX,2023-12-01,17504,3719181.0900000026,212.47606775594164,Outros ativos,3.719181090000003
WBX,2024-01-01,18124,3959936.889999993,218.49133138380012,Outros ativos,3.959936889999993
WBX,2024-02-01,33049,9846740.640000021,297.943678779994,Outros ativos,9.846740640000021
WBX,2024-03-01,39672,12027611.430000018,303.17633166969193,Outros ativos,12.027611430000018
WBX,2024-04-01,19520,5435422.549999989,278.45402407786827,Outros ativos,5.435422549999989
WBX,2024-05-01,20164,5770682.360000022,286.18738147193125,Outros ativos,5.770682360000022
WBX,2024-06-01,23546,11958926.769999987,507.8963208188222,Outros ativos,11.958926769999987
WBX,2024-07-01,22160,11504460.189999979,519.1543407039702,Outros ativos,11.504460189999978
WBX,2024-08-01,25927,11452853.019999985,441.73460176649763,Outros ativos,11.452853019999985
WBX,2024-09-01,24990,12844975.850000005,514.0046358543419,Outros ativos,12.844975850000004
WBX,2024-10-01,19763,7870327.249999975,398.23545261346834,Outros ativos,7.870327249999975
WBX,2024-11-01,30551,8845697.099999988,289.53870904389345,Outros ativos,8.845697099999988
WBX,2024-12-01,53125,12039978.050000029,226.63488094117702,Outros ativos,12.039978050000029
WBX,2025-01-01,57364,11986873.539999912,208.9616055365719,Outros ativos,11.98687353999991
WBX,2025-02-01,24305,5321010.7399999825,218.92658876774254,Outros ativos,5.321010739999982
WBX,2025-03-01,16837,3169567.019999993,188.2501051256158,Outros ativos,3.169567019999993
WBX,2025-04-01,13986,2290101.7599999956,163.74243958243926,Outros ativos,2.2901017599999958
WBX,2025-05-01,9685,1550416.41999999,160.08429736706142,Outros ativos,1.55041641999999
WBX,2025-06-01,7589,1602685.9199999995,211.1853893793648,Outros ativos,1.6026859199999994
WBX,2025-07-01,29544,11703295.900000332,396.1310553750451,Outros ativos,11.703295900000333
WBX,2025-08-01,56613,57858200.440002635,1021.9949559288968,Outros ativos,57.85820044000263
WBX,2025-09-01,45639,42347104.1000007,927.8709897237165,Outros ativos,42.3471041000007
WBX,2025-10-01,20070,11696684.120000232,582.7944255107241,Outros ativos,11.696684120000231
WBX,2025-11-01,12091,6464968.940000138,534.6926590025753,Outros ativos,6.464968940000138
WBX,2025-12-01,16286,6921227.890000151,424.9802216627871,Outros ativos,6.921227890000151
WBX,2026-01-01,21175,6071864.790000499,286.7468613931759,Outros ativos,6.071864790000499
WBX,2026-02-01,12461,3807216.8900000704,305.53060669288743,Outros ativos,3.8072168900000705
WBX,2026-03-01,14184,3543755.8500001044,249.8417829949312,Outros ativos,3.5437558500001045
WBX,2026-04-01,13159,3189391.1200000015,242.3733657572765,Outros ativos,3.1893911200000016
WBX,2026-05-01,9461,2788088.319999984,294.69277243420186,Outros ativos,2.788088319999984
WBX,2026-06-01,8742,3361308.500000003,384.5010867078475,Outros ativos,3.361308500000003
XLM,2019-08-01,650,111618.43000000011,171.7206615384617,Outros ativos,0.11161843000000012
XLM,2019-09-01,1212,681412.6900000003,562.2216914191422,Outros ativos,0.6814126900000003
XLM,2019-10-01,991,273572.3700000001,276.056881937437,Outros ativos,0.2735723700000001
XLM,2019-11-01,1909,1109975.9099999983,581.4436406495538,Outros ativos,1.1099759099999982
XLM,2019-12-01,926,360297.2100000001,389.0898596112312,Outros ativos,0.3602972100000001
XLM,2020-01-01,3445,1236144.0999999985,358.8226705370097,Outros ativos,1.2361440999999984
XLM,2020-02-01,2350,883344.5799999966,375.89131063829643,Outros ativos,0.8833445799999966
XLM,2020-03-01,1559,369484.4500000004,237.00093008338706,Outros ativos,0.3694844500000004
XLM,2020-04-01,3850,1243738.5699999952,323.048979220778,Outros ativos,1.2437385699999952
XLM,2020-05-01,3601,1071445.349999998,297.5410580394329,Outros ativos,1.071445349999998
XLM,2020-06-01,4960,1825831.5700000043,368.1112036290331,Outros ativos,1.8258315700000043
XLM,2020-07-01,4808,2512497.9200000092,522.5661231281217,Outros ativos,2.5124979200000093
XLM,2020-08-01,4627,2242041.2800000114,484.55614437000463,Outros ativos,2.2420412800000116
XLM,2020-09-01,1597,650638.4900000016,407.41295554164157,Outros ativos,0.6506384900000016
XLM,2020-10-01,1256,735194.71,585.3461066878981,Outros ativos,0.7351947099999999
XLM,2020-11-01,7862,6765617.060000013,860.5465606715865,Outros ativos,6.765617060000013
XLM,2020-12-01,6706,3702666.5800000057,552.1423471518052,Outros ativos,3.7026665800000056
XLM,2021-01-01,32434,31185976.650000013,961.5211398532408,Outros ativos,31.185976650000015
XLM,2021-02-01,30303,34250382.94000009,1130.2637672837702,Outros ativos,34.25038294000009
XLM,2021-03-01,14165,10375865.180000063,732.5001891987337,Outros ativos,10.375865180000064
XLM,2021-04-01,30589,26392158.34000017,862.7989911406117,Outros ativos,26.392158340000172
XLM,2021-05-01,61348,34708902.040000044,565.770718523832,Outros ativos,34.70890204000004
XLM,2021-06-01,16033,5152745.280000013,321.3837260649918,Outros ativos,5.152745280000013
XLM,2021-07-01,9564,3096188.3099999987,323.73361668757826,Outros ativos,3.0961883099999987
XLM,2021-08-01,17688,7287966.150000008,412.0288415875174,Outros ativos,7.287966150000008
XLM,2021-09-01,10880,3993796.300000002,367.07686580882375,Outros ativos,3.9937963000000023
XLM,2021-10-01,13326,6612863.930000012,496.2377254990254,Outros ativos,6.612863930000012
XLM,2021-11-01,12160,4625048.05,380.3493462171052,Outros ativos,4.62504805
XLM,2021-12-01,11036,2474154.580000003,224.189432765495,Outros ativos,2.4741545800000027
XLM,2022-01-01,7799,1264763.9800000004,162.17001923323508,Outros ativos,1.2647639800000003
XLM,2022-02-01,28847,4426717.930000057,153.45505355843093,Outros ativos,4.426717930000057
XLM,2022-03-01,24315,5178170.309999983,212.96197038864827,Outros ativos,5.178170309999983
XLM,2022-04-01,19531,4699770.7899999935,240.63134452920966,Outros ativos,4.699770789999993
XLM,2022-05-01,18153,1512412.0999999894,83.31471933013768,Outros ativos,1.5124120999999895
XLM,2022-06-01,12683,2222708.0099999914,175.25096664826867,Outros ativos,2.2227080099999914
XLM,2022-07-01,10137,1383455.5999999994,136.47584097859323,Outros ativos,1.3834555999999993
XLM,2022-08-01,8371,1115382.1999999995,133.24360291482492,Outros ativos,1.1153821999999995
XLM,2022-09-01,8003,1033007.7200000003,129.07756091465706,Outros ativos,1.0330077200000003
XLM,2022-10-01,7908,994866.7899999997,125.80510748609,Outros ativos,0.9948667899999997
XLM,2022-11-01,6417,921941.1299999985,143.67167367928914,Outros ativos,0.9219411299999984
XLM,2022-12-01,4968,1635287.4,329.1641304347826,Outros ativos,1.6352874
XLM,2023-01-01,6502,1043251.2099999986,160.45081667179306,Outros ativos,1.0432512099999987
XLM,2023-02-01,7232,963964.5899999999,133.29156388274333,Outros ativos,0.9639645899999999
XLM,2023-03-01,10899,1304194.7300000004,119.66187081383617,Outros ativos,1.3041947300000005
XLM,2023-04-01,9182,3175544.8299999996,345.8445687214114,Outros ativos,3.1755448299999998
XLM,2023-05-01,6133,627837.6800000002,102.37040273927934,Outros ativos,0.6278376800000002
XLM,2023-06-01,8496,1278158.7999999998,150.4424199623352,Outros ativos,1.2781587999999997
XLM,2023-07-01,39317,5053805.780000006,128.53996439199344,Outros ativos,5.053805780000006
XLM,2023-08-01,34537,2372703.6499999953,68.70034021484192,Outros ativos,2.372703649999995
XLM,2023-09-01,9272,1171319.2099999972,126.32864646246733,Outros ativos,1.1713192099999972
XLM,2023-10-01,10189,2058065.7699999968,201.98898518009585,Outros ativos,2.0580657699999967
XLM,2023-11-01,13223,2683394.719999997,202.93388187249465,Outros ativos,2.683394719999997
XLM,2023-12-01,16542,2375961.1699999957,143.6320378430659,Outros ativos,2.3759611699999956
XLM,2024-01-01,35523,2160406.029999999,60.817105255749766,Outros ativos,2.160406029999999
XLM,2024-02-01,120037,9771527.570001386,81.40429675851101,Outros ativos,9.771527570001385
XLM,2024-03-01,256206,34661144.51000143,135.28623260189624,Outros ativos,34.66114451000143
XLM,2024-04-01,157585,15079726.170000037,95.69264949075126,Outros ativos,15.079726170000038
XLM,2024-05-01,126349,12120845.699999915,95.93147314185245,Outros ativos,12.120845699999915
XLM,2024-06-01,112967,9620563.489999963,85.16260049394923,Outros ativos,9.620563489999963
XLM,2024-07-01,145285,15537126.610000309,106.94240017896072,Outros ativos,15.537126610000309
XLM,2024-08-01,111834,10027169.989999982,89.66119418066046,Outros ativos,10.027169989999981
XLM,2024-09-01,97074,8302659.84999986,85.52918237633001,Outros ativos,8.30265984999986
XLM,2024-10-01,103768,10387770.019999791,100.10571679130166,Outros ativos,10.387770019999792
XLM,2024-11-01,1103950,1575910773.1399908,1427.5200626296398,Outros ativos,1575.9107731399909
XLM,2024-12-01,746281,863887553.0499908,1157.5901745455008,Outros ativos,863.8875530499907
XLM,2025-01-01,489068,413247357.3000005,844.9691194271563,Outros ativos,413.2473573000005
XLM,2025-02-01,232090,119144378.3000022,513.354208712147,Outros ativos,119.1443783000022
XLM,2025-03-01,315346,160270052.13000387,508.23556388856645,Outros ativos,160.27005213000388
XLM,2025-04-01,113248,43588500.84000125,384.89422188472423,Outros ativos,43.588500840001245
XLM,2025-05-01,104261,41533057.69000093,398.3566020851606,Outros ativos,41.53305769000093
XLM,2025-06-01,78249,17500429.970000334,223.6505255019276,Outros ativos,17.500429970000333
XLM,2025-07-01,230324,252276994.6699983,1095.3135351504761,Outros ativos,252.2769946699983
XLM,2025-08-01,120728,114357136.0399996,947.22960738188,Outros ativos,114.3571360399996
XLM,2025-09-01,76826,41965821.51000082,546.2450408715906,Outros ativos,41.965821510000815
XLM,2025-10-01,81240,59337505.60000112,730.3976563269463,Outros ativos,59.337505600001116
XLM,2025-11-01,59633,31443556.820000496,527.284503882087,Outros ativos,31.443556820000495
XLM,2025-12-01,16491,5704712.14999998,345.9288187496198,Outros ativos,5.70471214999998
XLM,2026-01-01,50634,22320002.46000046,440.81057115772916,Outros ativos,22.32000246000046
XLM,2026-02-01,42679,14646064.410000332,343.16793762741236,Outros ativos,14.646064410000331
XLM,2026-03-01,41674,15544757.240000546,373.0085242597434,Outros ativos,15.544757240000546
XLM,2026-04-01,46983,11448042.430000063,243.663504459061,Outros ativos,11.448042430000063
XLM,2026-05-01,95741,53257551.34000063,556.2669215905477,Outros ativos,53.25755134000063
XLM,2026-06-01,116088,69917433.6100009,602.2795948763085,Outros ativos,69.9174336100009
XMR,2019-08-01,4,3293.6,823.4,Outros ativos,0.0032936
XMR,2019-09-01,7,7991.01,1141.5728571428572,Outros ativos,0.00799101
XMR,2019-12-01,1,120.0,120.0,Outros ativos,0.00012
XMR,2020-01-01,8,3377.86,422.2325,Outros ativos,0.0033778600000000003
XMR,2020-02-01,20,5255.06,262.75300000000004,Outros ativos,0.005255060000000001
XMR,2020-03-01,9,2527.51,280.83444444444444,Outros ativos,0.00252751
XMR,2020-04-01,33,37533.64,1137.3830303030302,Outros ativos,0.03753364
XMR,2020-05-01,17,26397.4,1552.7882352941178,Outros ativos,0.0263974
XMR,2020-06-01,2640,1638474.6499999976,620.6343371212112,Outros ativos,1.6384746499999976
XMR,2020-07-01,1583,876885.5999999994,553.9391029690457,Outros ativos,0.8768855999999994
XMR,2020-08-01,1808,1092792.369999999,604.420558628318,Outros ativos,1.0927923699999988
XMR,2020-09-01,961,755532.4100000007,786.1939750260153,Outros ativos,0.7555324100000007
XMR,2020-10-01,1769,1484593.8599999945,839.2277331825859,Outros ativos,1.4845938599999946
XMR,2020-11-01,1972,1981044.559999998,1004.5864908722099,Outros ativos,1.981044559999998
XMR,2020-12-01,2530,2002156.4400000006,791.3661818181821,Outros ativos,2.0021564400000007
XMR,2021-01-01,6234,4968524.450000007,797.0042428617271,Outros ativos,4.9685244500000065
XMR,2021-02-01,9368,7315955.98999999,780.9517495730134,Outros ativos,7.31595598999999
XMR,2021-03-01,5519,3664566.1799999904,663.9909730023537,Outros ativos,3.6645661799999902
XMR,2021-04-01,12744,10521954.640000047,825.6398807281895,Outros ativos,10.521954640000047
XMR,2021-05-01,9212,8232394.890000021,893.6598881893206,Outros ativos,8.232394890000021
XMR,2021-06-01,2544,1744880.4399999985,685.8806761006283,Outros ativos,1.7448804399999986
XMR,2021-07-01,1513,1566861.5399999977,1035.5991672174473,Outros ativos,1.5668615399999977
XMR,2021-08-01,2596,2772629.4700000035,1068.039087057012,Outros ativos,2.7726294700000036
XMR,2021-09-01,1540,1233752.9700000007,801.1382922077927,Outros ativos,1.2337529700000007
XMR,2021-10-01,1938,1631778.6399999983,841.9910423116606,Outros ativos,1.6317786399999983
XMR,2021-11-01,1310,930576.480000001,710.3637251908405,Outros ativos,0.930576480000001
XMR,2021-12-01,1037,593747.5300000004,572.5627097396339,Outros ativos,0.5937475300000004
XMR,2022-01-01,830,471053.69999999925,567.5345783132522,Outros ativos,0.47105369999999924
XMR,2022-02-01,667,423605.71000000014,635.0910194902551,Outros ativos,0.42360571000000014
XMR,2022-03-01,1266,781434.2999999989,617.2466824644541,Outros ativos,0.7814342999999989
XMR,2022-04-01,1354,980525.2700000001,724.1693279172822,Outros ativos,0.9805252700000001
XMR,2022-05-01,1439,884659.6500000021,614.773905489925,Outros ativos,0.8846596500000021
XMR,2022-06-01,1269,859153.6500000008,677.0320330969274,Outros ativos,0.8591536500000009
XMR,2022-07-01,1083,706200.7299999994,652.0782363804242,Outros ativos,0.7062007299999994
XMR,2022-08-01,700,348597.54000000015,497.99648571428594,Outros ativos,0.34859754000000015
XMR,2022-09-01,773,699534.1,904.9600258732212,Outros ativos,0.6995340999999999
XMR,2022-10-01,722,585736.9999999999,811.2700831024929,Outros ativos,0.5857369999999998
XMR,2022-11-01,786,470794.37999999983,598.9750381679387,Outros ativos,0.47079437999999985
XMR,2022-12-01,629,390878.72,621.4288076311606,Outros ativos,0.39087871999999996
XMR,2023-01-01,830,463061.16999999963,557.9050240963851,Outros ativos,0.46306116999999963
XMR,2023-02-01,746,384344.22999999975,515.2067426273455,Outros ativos,0.38434422999999973
XMR,2023-03-01,768,338396.8500000001,440.6208984375001,Outros ativos,0.3383968500000001
XMR,2023-04-01,893,586322.07,656.575666293393,Outros ativos,0.5863220699999999
XMR,2023-05-01,1244,878605.2199999999,706.2742926045015,Outros ativos,0.8786052199999999
XMR,2023-06-01,652,594364.9100000003,911.6026226993869,Outros ativos,0.5943649100000002
XMR,2023-07-01,726,405399.99000000005,558.4021900826447,Outros ativos,0.40539999000000004
XMR,2023-08-01,1193,596184.5399999997,499.73557418273236,Outros ativos,0.5961845399999997
XMR,2023-09-01,805,643931.6300000001,799.9150683229815,Outros ativos,0.6439316300000001
XMR,2023-10-01,1307,784976.3000000002,600.5939556235655,Outros ativos,0.7849763000000002
XMR,2023-11-01,1041,691501.23,664.2663112391931,Outros ativos,0.69150123
XMR,2023-12-01,1239,680004.7499999983,548.8335351089574,Outros ativos,0.6800047499999983
XMR,2024-01-01,1171,625665.4899999988,534.3001622544823,Outros ativos,0.6256654899999988
XMR,2024-02-01,2921,819640.3700000022,280.60266004792953,Outros ativos,0.8196403700000022
XMR,2024-03-01,2288,407798.1299999999,178.23344842657337,Outros ativos,0.40779812999999987
XMR,2024-04-01,1438,253902.67999999967,176.56653685674524,Outros ativos,0.25390267999999966
XMR,2024-05-01,1363,192734.1699999992,141.40438004401994,Outros ativos,0.1927341699999992
XMR,2024-06-01,1174,156077.49000000005,132.9450511073254,Outros ativos,0.15607749000000004
XMR,2024-07-01,1621,214279.66,132.18979642196174,Outros ativos,0.21427966
XMR,2024-08-01,1044,130822.79000000004,125.30918582375483,Outros ativos,0.13082279000000005
XMR,2024-09-01,1982,196738.1900000004,99.26245711402645,Outros ativos,0.19673819000000042
XMR,2024-10-01,1746,224292.61999999988,128.4608361970217,Outros ativos,0.2242926199999999
XMR,2024-11-01,1783,209053.8799999997,117.24839035333692,Outros ativos,0.20905387999999972
XMR,2024-12-01,3661,378815.23000000126,103.47315760721149,Outros ativos,0.3788152300000013
XMR,2025-01-01,556,83092.62,149.4471582733813,Outros ativos,0.08309261999999999
XMR,2025-02-01,547,126583.83000000002,231.41468007312616,Outros ativos,0.12658383
XMR,2025-03-01,516,236373.56,458.0882945736434,Outros ativos,0.23637356
XMR,2025-04-01,407,233433.63000000012,573.5470024570028,Outros ativos,0.23343363000000011
XMR,2025-05-01,1078,580193.3300000003,538.2127365491654,Outros ativos,0.5801933300000003
XMR,2025-06-01,386,177339.08000000005,459.4276683937825,Outros ativos,0.17733908000000004
XMR,2025-07-01,839,275549.5099999999,328.4261144219307,Outros ativos,0.2755495099999999
XMR,2025-08-01,911,196830.7,216.06004390779364,Outros ativos,0.19683070000000003
XMR,2025-09-01,320,98980.14,309.3129375,Outros ativos,0.09898014
XMR,2025-10-01,838,159413.63999999993,190.2310739856801,Outros ativos,0.15941363999999994
XMR,2025-11-01,2743,454619.35999999626,165.73800947867161,Outros ativos,0.45461935999999625
XMR,2025-12-01,2013,289483.6099999986,143.80705911574694,Outros ativos,0.2894836099999986
XMR,2026-01-01,3519,665795.1700000041,189.20010514350784,Outros ativos,0.6657951700000041
XMR,2026-02-01,1047,175736.6200000003,167.8477745940786,Outros ativos,0.1757366200000003
XMR,2026-03-01,1238,335492.02999999997,270.99517770597737,Outros ativos,0.33549203
XMR,2026-04-01,346,428152.49,1237.4349421965317,Outros ativos,0.42815249
XMR,2026-05-01,438,488917.28,1116.2494977168951,Outros ativos,0.48891728
XMR,2026-06-01,1422,152152.7600000002,106.9991279887484,Outros ativos,0.15215276000000022
XRP,2019-08-01,79818,22457571.710000124,281.3597397830079,Outros ativos,22.457571710000124
XRP,2019-09-01,92469,1549125776.3600035,16752.920182547703,Outros ativos,1549.1257763600036
XRP,2019-10-01,70879,748097588.6799998,10554.573127160369,Outros ativos,748.0975886799998
XRP,2019-11-01,69932,1017527745.7700022,14550.245177744126,Outros ativos,1017.5277457700023
XRP,2019-12-01,37066,587244369.2800006,15843.208581449322,Outros ativos,587.2443692800006
XRP,2020-01-01,66675,1222420644.8500001,18334.017920509938,Outros ativos,1222.4206448500001
XRP,2020-02-01,105442,2555948262.41,24240.324182109594,Outros ativos,2555.9482624099996
XRP,2020-03-01,92525,3244708889.7099957,35068.45598173462,Outros ativos,3244.7088897099957
XRP,2020-04-01,73821,3476559503.9000006,47094.45149618673,Outros ativos,3476.5595039000004
XRP,2020-05-01,90978,2897678811.2799983,31850.324378201305,Outros ativos,2897.678811279998
XRP,2020-06-01,57109,2216755756.169999,38816.22434589993,Outros ativos,2216.755756169999
XRP,2020-07-01,70205,3405352974.57,48505.846799658146,Outros ativos,3405.3529745700002
XRP,2020-08-01,102450,2975606482.16,29044.475179697412,Outros ativos,2975.60648216
XRP,2020-09-01,50774,40793101.350000106,803.4250078780499,Outros ativos,40.79310135000011
XRP,2020-10-01,42901,45412272.929999985,1058.536466049742,Outros ativos,45.412272929999986
XRP,2020-11-01,324662,383426368.6099895,1181.0016836278637,Outros ativos,383.42636860998954
XRP,2020-12-01,388703,393474515.5499997,1012.2754790932916,Outros ativos,393.4745155499997
XRP,2021-01-01,484953,423301469.4899935,872.8711225417587,Outros ativos,423.3014694899935
XRP,2021-02-01,802041,924781760.9700196,1153.0355193437986,Outros ativos,924.7817609700196
XRP,2021-03-01,417322,387685579.8699975,928.9842852042248,Outros ativos,387.6855798699975
XRP,2021-04-01,1510861,2335450780.0906715,1545.774747042032,Outros ativos,2335.4507800906717
XRP,2021-05-01,778726,1205792705.8301084,1548.4171657683298,Outros ativos,1205.7927058301084
XRP,2021-06-01,254128,243354646.06999272,957.6065843590345,Outros ativos,243.35464606999273
XRP,2021-07-01,182974,181054058.39999822,989.5070250417995,Outros ativos,181.0540583999982
XRP,2021-08-01,461316,551167973.5400245,1194.773156664899,Outros ativos,551.1679735400245
XRP,2021-09-01,294981,326292074.1200001,1106.146070831681,Outros ativos,326.2920741200001
XRP,2021-10-01,266429,271257775.54999584,1018.1240613821913,Outros ativos,271.2577755499958
XRP,2021-11-01,232798,248084415.82999828,1065.663862361353,Outros ativos,248.08441582999828
XRP,2021-12-01,154408,124352754.79999961,805.3517615667557,Outros ativos,124.35275479999962
XRP,2022-01-01,105795,76847400.93999916,726.3802726026671,Outros ativos,76.84740093999916
XRP,2022-02-01,122884,70230753.99999897,571.5207350021075,Outros ativos,70.23075399999897
XRP,2022-03-01,100585,55674010.410000004,553.5021167172044,Outros ativos,55.67401041
XRP,2022-04-01,82669,38742908.26000011,468.65098477059246,Outros ativos,38.74290826000011
XRP,2022-05-01,89755,38741897.95999991,431.6405543980827,Outros ativos,38.74189795999991
XRP,2022-06-01,71639,29376529.540000126,410.0633668811698,Outros ativos,29.376529540000124
XRP,2022-07-01,68716,24714867.080000233,359.6668473135839,Outros ativos,24.714867080000232
XRP,2022-08-01,59203,22832215.960000113,385.6597800787141,Outros ativos,22.832215960000113
XRP,2022-09-01,84935,42425393.08999989,499.50424548183776,Outros ativos,42.42539308999989
XRP,2022-10-01,76973,40962416.4299997,532.1660378314435,Outros ativos,40.9624164299997
XRP,2022-11-01,96666,56709702.96999874,586.6561455940945,Outros ativos,56.70970296999874
XRP,2022-12-01,47759,25286276.24999973,529.4557308570056,Outros ativos,25.28627624999973
XRP,2023-01-01,61119,26311692.24999997,430.4993905332216,Outros ativos,26.31169224999997
XRP,2023-02-01,48266,18961168.790000074,392.84732088841156,Outros ativos,18.961168790000073
XRP,2023-03-01,103755,42928681.86000027,413.7504877837238,Outros ativos,42.92868186000027
XRP,2023-04-01,62114,22607289.51000002,363.96447676852273,Outros ativos,22.60728951000002
XRP,2023-05-01,45525,24395589.529999845,535.8723674903865,Outros ativos,24.395589529999846
XRP,2023-06-01,46766,29962681.090000004,640.6936896463243,Outros ativos,29.962681090000004
XRP,2023-07-01,122537,76438951.56000091,623.803027330528,Outros ativos,76.43895156000092
XRP,2023-08-01,102357,28472487.43,278.1684440731948,Outros ativos,28.47248743
XRP,2023-09-01,75874,20464744.60999989,269.72012296702286,Outros ativos,20.46474460999989
XRP,2023-10-01,100438,32397280.30000019,322.5599902427387,Outros ativos,32.39728030000019
XRP,2023-11-01,116022,54516939.369999915,469.88449923290335,Outros ativos,54.51693936999992
XRP,2023-12-01,100265,51225533.49000004,510.9014460679204,Outros ativos,51.22553349000004
XRP,2024-01-01,99897,35935950.400000066,359.73002592670514,Outros ativos,35.93595040000007
XRP,2024-02-01,104657,41220157.36000016,393.859535052602,Outros ativos,41.220157360000165
XRP,2024-03-01,182482,91433805.45000069,501.0565724290653,Outros ativos,91.43380545000069
XRP,2024-04-01,153843,51348324.46999906,333.77095135949673,Outros ativos,51.34832446999906
XRP,2024-05-01,131608,35463791.01000026,269.46531373472936,Outros ativos,35.46379101000026
XRP,2024-06-01,110569,37436587.94000008,338.58122927764634,Outros ativos,37.43658794000008
XRP,2024-07-01,148696,74996805.6999969,504.363302980557,Outros ativos,74.9968056999969
XRP,2024-08-01,124840,141359224.47999856,1132.3231694969445,Outros ativos,141.35922447999855
XRP,2024-09-01,104510,56066651.96000011,536.4716482633252,Outros ativos,56.066651960000115
XRP,2024-10-01,117694,72268554.36000006,614.0377110133062,Outros ativos,72.26855436000005
XRP,2024-11-01,457473,579395070.0600032,1266.5120565803952,Outros ativos,579.3950700600031
XRP,2024-12-01,676116,810461410.9500269,1198.7017182702773,Outros ativos,810.4614109500269
XRP,2025-01-01,1218169,1051316216.589998,863.0298559477363,Outros ativos,1051.316216589998
XRP,2025-02-01,749070,661009456.4699897,882.4401677680186,Outros ativos,661.0094564699897
XRP,2025-03-01,949594,872957716.5799769,919.2957375256972,Outros ativos,872.9577165799769
XRP,2025-04-01,411549,382163382.68999374,928.5975246932777,Outros ativos,382.16338268999374
XRP,2025-05-01,415154,345773615.32000095,832.8803656474488,Outros ativos,345.77361532000094
XRP,2025-06-01,280875,241263181.6999982,858.9699392968338,Outros ativos,241.2631816999982
XRP,2025-07-01,591184,692076925.3899992,1170.6624763017928,Outros ativos,692.0769253899991
XRP,2025-08-01,469170,457237912.79999053,974.5676680094433,Outros ativos,457.2379127999905
XRP,2025-09-01,330578,258272303.6900045,781.2749296384045,Outros ativos,258.2723036900045
XRP,2025-10-01,409978,418405056.3199912,1020.5548988482093,Outros ativos,418.40505631999116
XRP,2025-11-01,386586,312349653.02000284,807.9693859063775,Outros ativos,312.34965302000285
XRP,2025-12-01,175177,147565906.77000013,842.3817440074903,Outros ativos,147.56590677000014
XRP,2026-01-01,363427,281015490.59999657,773.2377908080483,Outros ativos,281.01549059999655
XRP,2026-02-01,340211,214645708.2700017,630.9193655408018,Outros ativos,214.6457082700017
XRP,2026-03-01,247109,125394719.19000131,507.44699379626525,Outros ativos,125.39471919000131
XRP,2026-04-01,222818,92030819.53000332,413.0313508334305,Outros ativos,92.03081953000333
XRP,2026-05-01,262559,100510731.64000161,382.8119837446121,Outros ativos,100.51073164000161
XRP,2026-06-01,260393,101535638.30000311,389.93228811835615,Outros ativos,101.53563830000311
XTZ,2019-08-01,42,255784.14999999994,6090.098809523808,Outros ativos,0.25578414999999993
XTZ,2019-09-01,15,21025.530000000006,1401.7020000000005,Outros ativos,0.021025530000000008
XTZ,2019-11-01,46,613023.4800000001,13326.59739130435,Outros ativos,0.6130234800000001
XTZ,2019-12-01,27,65189.72,2414.434074074074,Outros ativos,0.06518972
XTZ,2020-01-01,18,198543.59,11030.199444444444,Outros ativos,0.19854359
XTZ,2020-02-01,181,1088254.2399999998,6012.454364640883,Outros ativos,1.0882542399999997
XTZ,2020-03-01,29,209201.47,7213.843793103449,Outros ativos,0.20920147
XTZ,2020-04-01,1697,1798980.5999999964,1060.094637595755,Outros ativos,1.7989805999999964
XTZ,2020-05-01,4390,3114118.4799999883,709.3663963553504,Outros ativos,3.114118479999988
XTZ,2020-06-01,1913,1186386.259999999,620.1705488761104,Outros ativos,1.186386259999999
XTZ,2020-07-01,3445,2808782.820000007,815.3215732946319,Outros ativos,2.808782820000007
XTZ,2020-08-01,5792,5131219.289999977,885.9149326657418,Outros ativos,5.131219289999977
XTZ,2020-09-01,1980,1182234.6899999983,597.0882272727264,Outros ativos,1.1822346899999983
XTZ,2020-10-01,1677,913679.4199999991,544.8297078115678,Outros ativos,0.9136794199999991
XTZ,2020-11-01,2714,1716640.5200000065,632.5130876934438,Outros ativos,1.7166405200000066
XTZ,2020-12-01,1986,992547.4200000019,499.7721148036263,Outros ativos,0.992547420000002
XTZ,2021-01-01,5556,3470143.549999995,624.5758729301647,Outros ativos,3.470143549999995
XTZ,2021-02-01,8888,5574087.47,627.1475551305131,Outros ativos,5.574087469999999
XTZ,2021-03-01,5592,3298827.5300000003,589.9190861945638,Outros ativos,3.29882753
XTZ,2021-04-01,9644,6722867.379999986,697.1036271256726,Outros ativos,6.722867379999986
XTZ,2021-05-01,7178,5631967.079999999,784.615084981889,Outros ativos,5.631967079999999
XTZ,2021-06-01,2181,796995.909999999,365.4268271435117,Outros ativos,0.796995909999999
XTZ,2021-07-01,1188,424237.6800000002,357.10242424242443,Outros ativos,0.42423768000000023
XTZ,2021-08-01,5489,4503763.8599999985,820.5071707050462,Outros ativos,4.5037638599999985
XTZ,2021-09-01,10264,11351185.870000008,1105.9222398674988,Outros ativos,11.351185870000009
XTZ,2021-10-01,6554,6761246.410000006,1031.6213625267021,Outros ativos,6.761246410000005
XTZ,2021-11-01,2749,1945422.3599999992,707.6836522371768,Outros ativos,1.9454223599999991
XTZ,2021-12-01,3288,2675943.9900000044,813.8515784671546,Outros ativos,2.6759439900000044
XTZ,2022-01-01,14135,5297184.460000017,374.75659426954485,Outros ativos,5.297184460000016
XTZ,2022-02-01,16781,3591118.70999999,213.9990888504851,Outros ativos,3.59111870999999
XTZ,2022-03-01,9156,1581535.909999996,172.73218763652207,Outros ativos,1.581535909999996
XTZ,2022-04-01,7927,1157607.7899999996,146.03352970859083,Outros ativos,1.1576077899999995
XTZ,2022-05-01,9223,1090077.3999999969,118.19119592323506,Outros ativos,1.0900773999999969
XTZ,2022-06-01,8243,1880015.5299999937,228.0741877957047,Outros ativos,1.8800155299999937
XTZ,2022-07-01,6206,874023.1700000007,140.83518691588796,Outros ativos,0.8740231700000007
XTZ,2022-08-01,4274,840394.22,196.62943846513804,Outros ativos,0.84039422
XTZ,2022-09-01,3933,524468.9700000001,133.3508695652174,Outros ativos,0.52446897
XTZ,2022-10-01,2113,277227.9199999999,131.20109796497866,Outros ativos,0.2772279199999999
XTZ,2022-11-01,2487,458349.4400000003,184.2981262565341,Outros ativos,0.4583494400000003
XTZ,2022-12-01,1152,258262.45999999993,224.1861631944444,Outros ativos,0.2582624599999999
XTZ,2023-01-01,3170,984841.6400000005,310.6755962145112,Outros ativos,0.9848416400000005
XTZ,2023-02-01,3374,699841.8299999998,207.42200059276817,Outros ativos,0.6998418299999999
XTZ,2023-03-01,1997,295147.2500000002,147.79531797696555,Outros ativos,0.2951472500000002
XTZ,2023-04-01,1940,402418.35999999987,207.43214432989683,Outros ativos,0.40241835999999986
XTZ,2023-05-01,1158,88019.31999999998,76.0097754749568,Outros ativos,0.08801931999999998
XTZ,2023-06-01,1504,98456.69999999998,65.4632313829787,Outros ativos,0.09845669999999998
XTZ,2023-07-01,1885,177276.10000000006,94.04567639257297,Outros ativos,0.17727610000000008
XTZ,2023-08-01,2713,128477.80000000003,47.356358274972365,Outros ativos,0.12847780000000003
XTZ,2023-09-01,1444,57023.54999999995,39.48999307479221,Outros ativos,0.05702354999999995
XTZ,2023-10-01,1779,176920.46999999997,99.4493929173693,Outros ativos,0.17692046999999997
XTZ,2023-11-01,2095,254716.76000000013,121.58317899761343,Outros ativos,0.25471676000000015
XTZ,2023-12-01,2500,239954.17000000027,95.98166800000011,Outros ativos,0.23995417000000027
XTZ,2024-01-01,3735,363308.81999999995,97.271437751004,Outros ativos,0.3633088199999999
XTZ,2024-02-01,4172,386163.91000000073,92.56086049856202,Outros ativos,0.3861639100000007
XTZ,2024-03-01,6036,1004700.8499999986,166.45143306825688,Outros ativos,1.0047008499999985
XTZ,2024-04-01,3742,599838.0800000003,160.29879208979165,Outros ativos,0.5998380800000003
XTZ,2024-05-01,2990,557975.4000000012,186.61384615384654,Outros ativos,0.5579754000000012
XTZ,2024-06-01,1661,331743.2500000001,199.72501505117407,Outros ativos,0.3317432500000001
XTZ,2024-07-01,1901,342859.6400000001,180.35751709626516,Outros ativos,0.3428596400000001
XTZ,2024-08-01,1511,137201.35999999996,90.80169424222366,Outros ativos,0.13720135999999997
XTZ,2024-09-01,1152,112314.15999999999,97.49493055555554,Outros ativos,0.11231415999999998
XTZ,2024-10-01,1444,108188.61000000002,74.92286011080334,Outros ativos,0.10818861000000002
XTZ,2024-11-01,7065,2051984.2699999996,290.4436334041047,Outros ativos,2.0519842699999997
XTZ,2024-12-01,7707,1691730.2400000005,219.50567536006233,Outros ativos,1.6917302400000005
XTZ,2025-01-01,3436,382295.5199999999,111.26179278230498,Outros ativos,0.3822955199999999
XTZ,2025-02-01,1942,211359.60000000003,108.83604531410919,Outros ativos,0.21135960000000004
XTZ,2025-03-01,1631,332801.30000000005,204.04739423666464,Outros ativos,0.3328013
XTZ,2025-04-01,1510,154546.6700000001,102.34878807947027,Outros ativos,0.1545466700000001
XTZ,2025-05-01,34648,6509652.109999876,187.87959218424947,Outros ativos,6.509652109999876
XTZ,2025-06-01,14256,1494295.3999999973,104.81870089786737,Outros ativos,1.4942953999999973
XTZ,2025-07-01,58431,55662538.26000064,952.619983570376,Outros ativos,55.66253826000064
XTZ,2025-08-01,34796,32353820.790000923,929.8143691803921,Outros ativos,32.353820790000924
XTZ,2025-09-01,17600,12947580.19000016,735.6579653409182,Outros ativos,12.94758019000016
XTZ,2025-10-01,18037,9910201.760000145,549.4373654155428,Outros ativos,9.910201760000145
XTZ,2025-11-01,19217,11709918.08000008,609.3520362179362,Outros ativos,11.70991808000008
XTZ,2025-12-01,729,52608.90999999999,72.16585733882029,Outros ativos,0.05260890999999999
XTZ,2026-01-01,15540,7500421.359999941,482.65259716859333,Outros ativos,7.50042135999994
XTZ,2026-02-01,7914,2238966.9999999627,282.91218094515574,Outros ativos,2.238966999999963
XTZ,2026-03-01,9347,2971880.1699999133,317.9501626190129,Outros ativos,2.9718801699999133
XTZ,2026-04-01,8251,1707393.9499999962,206.93175978669206,Outros ativos,1.7073939499999962
XTZ,2026-05-01,9226,3408393.6599999545,369.43352048557927,Outros ativos,3.4083936599999545
XTZ,2026-06-01,8546,1869503.7399999523,218.75775099461177,Outros ativos,1.8695037399999523
YFI,2020-09-01,90,1666606.16,18517.846222222222,Outros ativos,1.66660616
YFI,2020-10-01,36,17643.27,490.09083333333336,Outros ativos,0.01764327
YFI,2020-11-01,410,345864.9799999999,843.5731219512194,Outros ativos,0.34586497999999993
YFI,2020-12-01,451,1466287.560000001,3251.1919290465653,Outros ativos,1.466287560000001
YFI,2021-01-01,6073,106600473.11999992,17553.18180800262,Outros ativos,106.60047311999992
YFI,2021-02-01,4062,69901199.06999995,17208.56697932052,Outros ativos,69.90119906999995
YFI,2021-03-01,598,1561517.4299999983,2611.233160535114,Outros ativos,1.5615174299999983
YFI,2021-04-01,877,1386992.679999998,1581.51958950969,Outros ativos,1.386992679999998
YFI,2021-05-01,54853,201169449.9399996,3667.4283984467506,Outros ativos,201.16944993999962
YFI,2021-06-01,14229,18761968.58000002,1318.5725335582276,Outros ativos,18.76196858000002
YFI,2021-07-01,9978,7489376.279999999,750.5889236319903,Outros ativos,7.489376279999999
YFI,2021-08-01,15174,11088915.170000033,730.7839178858596,Outros ativos,11.088915170000034
YFI,2021-09-01,9952,6137987.360000032,616.7591800643119,Outros ativos,6.137987360000032
YFI,2021-10-01,12416,7869180.840000036,633.7935599226834,Outros ativos,7.869180840000036
YFI,2021-11-01,8679,6707335.1400000015,772.8234980988595,Outros ativos,6.707335140000001
YFI,2021-12-01,49953,26335616.260005403,527.2079006266972,Outros ativos,26.335616260005402
YFI,2022-01-01,11059,9078877.709999988,820.9492458630968,Outros ativos,9.078877709999988
YFI,2022-02-01,4392,1981452.979999999,451.1504963570125,Outros ativos,1.9814529799999991
YFI,2022-03-01,3293,2154981.3899999973,654.4128120255078,Outros ativos,2.1549813899999974
YFI,2022-04-01,2304,1103398.7299999997,478.9056987847221,Outros ativos,1.1033987299999997
YFI,2022-05-01,4229,1022071.7399999994,241.6816599668951,Outros ativos,1.0220717399999995
YFI,2022-06-01,6163,1663958.0199999996,269.99156579587856,Outros ativos,1.6639580199999995
YFI,2022-07-01,5355,2396780.0799999987,447.5779794584498,Outros ativos,2.3967800799999988
YFI,2022-08-01,4521,2289631.089999999,506.44350586153485,Outros ativos,2.289631089999999
YFI,2022-09-01,2837,1087777.3499999999,383.42522030313705,Outros ativos,1.0877773499999999
YFI,2022-10-01,1478,506610.67000000033,342.7677063599461,Outros ativos,0.5066106700000004
YFI,2022-11-01,2503,722937.8,288.82852576907715,Outros ativos,0.7229378000000001
YFI,2022-12-01,1650,300411.36,182.0674909090909,Outros ativos,0.30041135999999996
YFI,2023-01-01,1873,330659.94,176.54027762947143,Outros ativos,0.33065994
YFI,2023-02-01,2992,710865.56,237.58875668449198,Outros ativos,0.71086556
YFI,2023-03-01,4348,1326700.4600000007,305.1289006439744,Outros ativos,1.3267004600000007
YFI,2023-04-01,1778,308753.63,173.6522103487064,Outros ativos,0.30875363
YFI,2023-05-01,1860,278243.4500000001,149.5932526881721,Outros ativos,0.2782434500000001
YFI,2023-06-01,1798,477416.9500000005,265.5266685205787,Outros ativos,0.47741695000000045
YFI,2023-07-01,1808,208416.31000000006,115.27450774336286,Outros ativos,0.20841631000000005
YFI,2023-08-01,1674,337263.03,201.47134408602153,Outros ativos,0.33726303
YFI,2023-09-01,1272,185794.27000000014,146.0646776729561,Outros ativos,0.18579427000000012
YFI,2023-10-01,1900,655611.9399999995,345.0589157894734,Outros ativos,0.6556119399999994
YFI,2023-11-01,7270,2355511.7599999993,324.00436863823927,Outros ativos,2.3555117599999993
YFI,2023-12-01,3680,877110.380000001,238.34521195652204,Outros ativos,0.8771103800000011
YFI,2024-01-01,4121,719091.3199999995,174.4943751516621,Outros ativos,0.7190913199999995
YFI,2024-02-01,4614,938973.2399999992,203.50525357607265,Outros ativos,0.9389732399999992
YFI,2024-03-01,7730,1612336.7299999995,208.58172445019397,Outros ativos,1.6123367299999996
YFI,2024-04-01,4959,1246547.7700000003,251.37079451502325,Outros ativos,1.2465477700000003
YFI,2024-05-01,2586,596113.2199999997,230.51555297757145,Outros ativos,0.5961132199999998
YFI,2024-06-01,2244,1999597.3500000008,891.0861631016046,Outros ativos,1.9995973500000008
YFI,2024-07-01,2492,5239452.130000007,2102.5088804173383,Outros ativos,5.239452130000007
YFI,2024-08-01,2301,28972707.129999988,12591.354684919595,Outros ativos,28.97270712999999
YFI,2024-09-01,1725,388619.70000000007,225.2867826086957,Outros ativos,0.38861970000000007
YFI,2024-10-01,1820,287159.47999999986,157.779934065934,Outros ativos,0.28715947999999986
YFI,2024-11-01,4936,1953903.8299999973,395.8476154781194,Outros ativos,1.9539038299999973
YFI,2024-12-01,7657,3554310.77,464.19103695964475,Outros ativos,3.55431077
YFI,2025-01-01,2762,1477092.04,534.7907458363505,Outros ativos,1.47709204
YFI,2025-02-01,1557,767595.0499999999,492.99617854849066,Outros ativos,0.76759505
YFI,2025-03-01,1049,217136.84999999992,206.99413727359382,Outros ativos,0.2171368499999999
YFI,2025-04-01,1112,783421.6700000003,704.51589028777,Outros ativos,0.7834216700000003
YFI,2025-05-01,1061,204651.77000000005,192.88573986804906,Outros ativos,0.20465177000000004
YFI,2025-06-01,714,105285.35000000005,147.45847338935582,Outros ativos,0.10528535000000006
YFI,2025-07-01,1115,208863.99000000008,187.3219641255606,Outros ativos,0.20886399000000008
YFI,2025-08-01,1000,1087777.0099999993,1087.7770099999993,Outros ativos,1.0877770099999993
YFI,2025-09-01,2110,753537.9,357.12696682464457,Outros ativos,0.7535379
YFI,2025-10-01,3193,750992.6600000001,235.1997056060132,Outros ativos,0.7509926600000002
YFI,2025-11-01,2447,518622.20000000007,211.94205149162244,Outros ativos,0.5186222
YFI,2025-12-01,2366,870318.8600000001,367.84398140321224,Outros ativos,0.8703188600000001
YFI,2026-01-01,2301,599951.55,260.7351368970013,Outros ativos,0.59995155
YFI,2026-02-01,2973,241427.50999999992,81.20669693911871,Outros ativos,0.24142750999999993
YFI,2026-03-01,2360,241840.37000000005,102.47473305084748,Outros ativos,0.24184037000000005
YFI,2026-04-01,1955,105239.9899999999,53.83119693094624,Outros ativos,0.10523998999999991
YFI,2026-05-01,1938,128716.33000000005,66.41709494324047,Outros ativos,0.12871633000000005
YFI,2026-06-01,2039,336044.5099999994,164.80848945561522,Outros ativos,0.3360445099999994
ZEC,2019-08-01,9530,870615.5599999946,91.35525288562377,Outros ativos,0.8706155599999946
ZEC,2019-09-01,3951,415716.53000000154,105.21805365730233,Outros ativos,0.4157165300000015
ZEC,2019-10-01,3676,341409.9600000003,92.87539717083796,Outros ativos,0.3414099600000003
ZEC,2019-11-01,2432,262651.72000000044,107.99824013157912,Outros ativos,0.2626517200000004
ZEC,2019-12-01,2576,301528.70999999973,117.0530706521738,Outros ativos,0.30152870999999976
ZEC,2020-01-01,10361,1506241.249999994,145.3760496091105,Outros ativos,1.506241249999994
ZEC,2020-02-01,9191,1763433.219999993,191.8652181481877,Outros ativos,1.763433219999993
ZEC,2020-03-01,12513,1349465.3500000003,107.8450691281068,Outros ativos,1.3494653500000002
ZEC,2020-04-01,7026,1009176.6400000015,143.63459151722196,Outros ativos,1.0091766400000015
ZEC,2020-05-01,253,41796.04000000001,165.20173913043482,Outros ativos,0.041796040000000007
ZEC,2020-06-01,159,8979.209999999997,56.47301886792451,Outros ativos,0.008979209999999998
ZEC,2020-07-01,258,47668.700000000026,184.7624031007753,Outros ativos,0.04766870000000003
ZEC,2020-08-01,577,146229.77000000005,253.43114384748708,Outros ativos,0.14622977000000004
ZEC,2020-09-01,205,18397.67,89.74473170731706,Outros ativos,0.018397669999999998
ZEC,2020-10-01,185,121528.20000000003,656.9091891891893,Outros ativos,0.12152820000000003
ZEC,2020-11-01,351,63515.22000000001,180.95504273504275,Outros ativos,0.06351522000000001
ZEC,2020-12-01,254,56859.350000000006,223.85570866141734,Outros ativos,0.05685935
ZEC,2021-01-01,9,5121.65,569.0722222222222,Outros ativos,0.005121649999999999
ZEC,2021-02-01,594,802844.2799999999,1351.589696969697,Outros ativos,0.80284428
ZEC,2021-03-01,445,297480.89,668.496382022472,Outros ativos,0.29748089
ZEC,2021-04-01,593,489613.41999999987,825.655008431703,Outros ativos,0.48961341999999985
ZEC,2021-05-01,582,7407617.249999999,12727.864690721648,Outros ativos,7.4076172499999995
ZEC,2021-06-01,78,1156473.6500000001,14826.585256410259,Outros ativos,1.1564736500000001
ZEC,2021-07-01,43,218114.07999999996,5072.420465116278,Outros ativos,0.21811407999999996
ZEC,2021-08-01,78,748740.67,9599.239358974359,Outros ativos,0.74874067
ZEC,2021-09-01,82,1433227.8500000003,17478.38841463415,Outros ativos,1.4332278500000004
ZEC,2021-10-01,21,150251.9,7154.85238095238,Outros ativos,0.1502519
ZEC,2021-11-01,4280,4613350.929999997,1077.8857313084104,Outros ativos,4.613350929999997
ZEC,2021-12-01,769,561691.0400000002,730.4174772431732,Outros ativos,0.5616910400000001
ZEC,2022-01-01,264,206159.66999999995,780.9078409090907,Outros ativos,0.20615966999999996
ZEC,2022-02-01,275,230722.64,838.9914181818182,Outros ativos,0.23072264
ZEC,2022-03-01,925,1477474.1800000006,1597.2693837837844,Outros ativos,1.4774741800000006
ZEC,2022-04-01,418,586669.4699999999,1403.5154784688991,Outros ativos,0.5866694699999998
ZEC,2022-05-01,310,365041.01999999996,1177.5516774193547,Outros ativos,0.36504101999999994
ZEC,2022-06-01,126,34018.479999999996,269.98793650793647,Outros ativos,0.03401848
ZEC,2022-07-01,115,79212.51999999999,688.8045217391303,Outros ativos,0.07921252
ZEC,2022-08-01,163,131530.57999999996,806.9360736196317,Outros ativos,0.13153057999999995
ZEC,2022-09-01,93,39184.94,421.3434408602151,Outros ativos,0.03918494
ZEC,2022-10-01,49,49762.909999999996,1015.5695918367346,Outros ativos,0.049762909999999994
ZEC,2022-11-01,103,49020.56,475.9277669902912,Outros ativos,0.04902056
ZEC,2022-12-01,54,7436.299999999999,137.70925925925926,Outros ativos,0.007436299999999999
ZEC,2023-01-01,480,144391.22,300.8150416666667,Outros ativos,0.14439122000000001
ZEC,2023-02-01,534,97466.13000000003,182.52084269662927,Outros ativos,0.09746613000000004
ZEC,2023-03-01,502,140343.83000000005,279.5693824701196,Outros ativos,0.14034383000000006
ZEC,2023-04-01,94,11372.49,120.98393617021276,Outros ativos,0.011372489999999999
ZEC,2023-05-01,134,13556.69,101.16932835820896,Outros ativos,0.01355669
ZEC,2023-06-01,129,17814.460000000003,138.09658914728683,Outros ativos,0.017814460000000004
ZEC,2023-07-01,131,23472.98,179.1830534351145,Outros ativos,0.02347298
ZEC,2023-08-01,125,19221.620000000003,153.77296,Outros ativos,0.019221620000000002
ZEC,2023-09-01,64,3569.2999999999997,55.770312499999996,Outros ativos,0.0035692999999999996
ZEC,2023-10-01,117,14725.14,125.85589743589743,Outros ativos,0.01472514
ZEC,2023-11-01,242,34804.91,143.82194214876034,Outros ativos,0.03480491
ZEC,2023-12-01,201,47682.48,237.22626865671643,Outros ativos,0.047682480000000006
ZEC,2024-01-01,330,141688.98,429.3605454545455,Outros ativos,0.14168898000000002
ZEC,2024-02-01,240,63175.51,263.23129166666666,Outros ativos,0.06317551
ZEC,2024-03-01,323,100706.32,311.7842724458205,Outros ativos,0.10070632
ZEC,2024-04-01,345,1256041.4900000007,3640.6999710144946,Outros ativos,1.2560414900000008
ZEC,2024-05-01,332,2423031.5300000017,7298.28774096386,Outros ativos,2.4230315300000016
ZEC,2024-06-01,153,140279.17,916.857320261438,Outros ativos,0.14027917
ZEC,2024-07-01,246,41043.61,166.8439430894309,Outros ativos,0.04104361
ZEC,2024-08-01,341,223629.1100000001,655.803841642229,Outros ativos,0.2236291100000001
ZEC,2024-09-01,196,51354.639999999985,262.01346938775504,Outros ativos,0.051354639999999986
ZEC,2024-10-01,434,58128.76,133.93723502304147,Outros ativos,0.05812876
ZEC,2024-11-01,629,94441.25,150.14507154213035,Outros ativos,0.09444125
ZEC,2024-12-01,1232,158229.28999999998,128.43286525974025,Outros ativos,0.15822928999999997
ZEC,2025-01-01,328,85828.83,261.67326219512194,Outros ativos,0.08582883
ZEC,2025-02-01,198,131257.69,662.9176262626263,Outros ativos,0.13125769
ZEC,2025-03-01,177,52721.73999999999,297.86293785310727,Outros ativos,0.05272173999999999
ZEC,2025-04-01,248,161618.05,651.6856854838709,Outros ativos,0.16161804999999999
ZEC,2025-05-01,286,50342.92,176.02419580419578,Outros ativos,0.05034292
ZEC,2025-06-01,115,14336.26,124.66313043478262,Outros ativos,0.01433626
ZEC,2025-07-01,151,24972.790000000008,165.38271523178813,Outros ativos,0.02497279000000001
ZEC,2025-08-01,82,43562.55,531.2506097560976,Outros ativos,0.043562550000000005
ZEC,2025-09-01,110,33076.51,300.6955454545455,Outros ativos,0.03307651
ZEC,2025-10-01,4035,10583996.879999992,2623.0475539033437,Outros ativos,10.583996879999992
ZEC,2025-11-01,7233,27495801.25,3801.4380270980228,Outros ativos,27.49580125
ZEC,2025-12-01,4974,11421184.909999998,2296.177102935263,Outros ativos,11.42118491
ZEC,2026-01-01,3569,11587567.439999998,3246.7266573269817,Outros ativos,11.587567439999997
ZEC,2026-02-01,1818,1197899.9799999981,658.9108800880077,Outros ativos,1.197899979999998
ZEC,2026-03-01,1952,651627.5600000002,333.82559426229517,Outros ativos,0.6516275600000002
ZEC,2026-04-01,1628,1334983.7200000002,820.0145700245702,Outros ativos,1.33498372
ZEC,2026-05-01,4027,3906128.849999996,969.9848149987573,Outros ativos,3.906128849999996
ZEC,2026-06-01,4573,8323788.349999998,1820.2030067789192,Outros ativos,8.323788349999997
ZRX,2019-09-01,5,51233.81,10246.761999999999,Outros ativos,0.05123381
ZRX,2019-10-01,35,70741.36,2021.1817142857144,Outros ativos,0.07074136
ZRX,2019-11-01,50,4810.49,96.2098,Outros ativos,0.00481049
ZRX,2019-12-01,121,6283.560000000003,51.930247933884324,Outros ativos,0.006283560000000003
ZRX,2020-01-01,135,4561.039999999999,33.785481481481476,Outros ativos,0.004561039999999999
ZRX,2020-02-01,294,27192.95,92.49302721088435,Outros ativos,0.02719295
ZRX,2020-03-01,137,9324.99,68.0656204379562,Outros ativos,0.00932499
ZRX,2020-04-01,180,13329.480000000003,74.05266666666668,Outros ativos,0.013329480000000003
ZRX,2020-05-01,770,97462.89000000012,126.57518181818197,Outros ativos,0.09746289000000012
ZRX,2020-06-01,429,82258.48999999998,191.74473193473187,Outros ativos,0.08225848999999998
ZRX,2020-07-01,860,69635.49000000008,80.97150000000009,Outros ativos,0.06963549000000008
ZRX,2020-08-01,1662,222277.7400000007,133.74111913357441,Outros ativos,0.2222777400000007
ZRX,2020-09-01,428,40025.72,93.51803738317757,Outros ativos,0.04002572
ZRX,2020-10-01,346,69304.20000000001,200.3011560693642,Outros ativos,0.06930420000000001
ZRX,2020-11-01,379,48327.600000000006,127.51345646437996,Outros ativos,0.048327600000000005
ZRX,2020-12-01,346,49040.72999999998,141.7362138728323,Outros ativos,0.049040729999999984
ZRX,2021-01-01,9,10483.18,1164.7977777777778,Outros ativos,0.01048318
ZRX,2021-02-01,1356,490023.0500000002,361.37393067846625,Outros ativos,0.49002305000000024
ZRX,2021-03-01,1027,64638.08999999994,62.93874391431348,Outros ativos,0.06463808999999994
ZRX,2021-04-01,817,187661.88999999993,229.6963157894736,Outros ativos,0.18766188999999991
ZRX,2021-05-01,35067,24134484.509999402,688.2392137907264,Outros ativos,24.134484509999403
ZRX,2021-06-01,14532,4540634.890000028,312.45767203413345,Outros ativos,4.540634890000027
ZRX,2021-07-01,16358,5267184.959999995,321.99443452744805,Outros ativos,5.267184959999995
ZRX,2021-08-01,49000,8743813.170001667,178.4451667347279,Outros ativos,8.743813170001667
ZRX,2021-09-01,53061,7504862.859999984,141.43839844707006,Outros ativos,7.504862859999983
ZRX,2021-10-01,20141,12276934.880000064,609.5494205848798,Outros ativos,12.276934880000065
ZRX,2021-11-01,18851,11393590.79000006,604.4024608774102,Outros ativos,11.39359079000006
ZRX,2021-12-01,6356,2136219.7799999896,336.09499370673217,Outros ativos,2.1362197799999896
ZRX,2022-01-01,5205,2123255.139999993,407.92605955811587,Outros ativos,2.1232551399999933
ZRX,2022-02-01,3547,1006462.9599999984,283.7504820975468,Outros ativos,1.0064629599999984
ZRX,2022-03-01,5137,2070828.4499999967,403.1201966128084,Outros ativos,2.0708284499999965
ZRX,2022-04-01,7905,3509476.0500000026,443.9564895635677,Outros ativos,3.5094760500000026
ZRX,2022-05-01,5583,24600652.109999932,4406.350010746898,Outros ativos,24.60065210999993
ZRX,2022-06-01,4057,1159698.4399999962,285.85122997288545,Outros ativos,1.1596984399999961
ZRX,2022-07-01,3606,645163.6699999997,178.91394065446468,Outros ativos,0.6451636699999997
ZRX,2022-08-01,2789,534029.9800000003,191.4772248117606,Outros ativos,0.5340299800000003
ZRX,2022-09-01,2512,279187.47000000026,111.14150875796189,Outros ativos,0.27918747000000027
ZRX,2022-10-01,2572,151054.6700000002,58.73043157076213,Outros ativos,0.1510546700000002
ZRX,2022-11-01,3789,339845.5799999992,89.69268408551048,Outros ativos,0.3398455799999992
ZRX,2022-12-01,3317,624523.6799999978,188.2796744045818,Outros ativos,0.6245236799999978
ZRX,2023-01-01,9146,408531.8299999997,44.667814345068855,Outros ativos,0.4085318299999997
ZRX,2023-02-01,10239,425851.0899999997,41.591082136927405,Outros ativos,0.42585108999999965
ZRX,2023-03-01,11902,526080.2700000006,44.20099731137629,Outros ativos,0.5260802700000006
ZRX,2023-04-01,13310,777639.8999999999,58.42523666416228,Outros ativos,0.7776398999999999
ZRX,2023-05-01,4518,177444.17000000033,39.27493802567515,Outros ativos,0.17744417000000035
ZRX,2023-06-01,3560,167713.20000000016,47.11044943820229,Outros ativos,0.16771320000000015
ZRX,2023-07-01,6205,293093.9199999998,47.23512006446411,Outros ativos,0.2930939199999998
ZRX,2023-08-01,4005,141145.74000000028,35.24238202247198,Outros ativos,0.14114574000000027
ZRX,2023-09-01,2542,60648.34000000004,23.858512981904028,Outros ativos,0.060648340000000044
ZRX,2023-10-01,7148,525156.0699999996,73.46895215444874,Outros ativos,0.5251560699999996
ZRX,2023-11-01,6984,1102774.8599999999,157.90018041237113,Outros ativos,1.1027748599999998
ZRX,2023-12-01,3337,322369.6299999992,96.6046239136947,Outros ativos,0.3223696299999992
ZRX,2024-01-01,9315,464539.2399999983,49.87002039720862,Outros ativos,0.4645392399999983
ZRX,2024-02-01,4010,415163.90999999986,103.53214713216954,Outros ativos,0.41516390999999986
ZRX,2024-03-01,25087,6978370.14999996,278.1667855861586,Outros ativos,6.97837014999996
ZRX,2024-04-01,5839,1054575.5600000017,180.60893303647913,Outros ativos,1.0545755600000017
ZRX,2024-05-01,4272,783111.3799999991,183.31258895131066,Outros ativos,0.783111379999999
ZRX,2024-06-01,2859,594592.5500000002,207.972210563134,Outros ativos,0.5945925500000001
ZRX,2024-07-01,6325,1008623.8500000003,159.46622134387357,Outros ativos,1.0086238500000004
ZRX,2024-08-01,4265,606074.3,142.1041735052755,Outros ativos,0.6060743000000001
ZRX,2024-09-01,1614,124753.39000000003,77.29454151177201,Outros ativos,0.12475339000000003
ZRX,2024-10-01,2172,298351.4900000001,137.36256445672197,Outros ativos,0.2983514900000001
ZRX,2024-11-01,5648,1319922.6399999962,233.69735127478685,Outros ativos,1.3199226399999962
ZRX,2024-12-01,6426,1642978.0700000003,255.6766370992842,Outros ativos,1.6429780700000003
ZRX,2025-01-01,4358,556338.4799999996,127.65912804038541,Outros ativos,0.5563384799999996
ZRX,2025-02-01,2165,321054.04,148.29285912240184,Outros ativos,0.32105404
ZRX,2025-03-01,1473,203928.05999999994,138.444032586558,Outros ativos,0.20392805999999994
ZRX,2025-04-01,1201,162781.94000000018,135.53866777685278,Outros ativos,0.16278194000000018
ZRX,2025-05-01,1276,118668.88000000003,93.00068965517244,Outros ativos,0.11866888000000003
ZRX,2025-06-01,770,100289.75000000001,130.2464285714286,Outros ativos,0.10028975000000001
ZRX,2025-07-01,1133,112984.55000000005,99.72157987643429,Outros ativos,0.11298455000000004
ZRX,2025-08-01,1328,404996.55000000005,304.96728162650606,Outros ativos,0.40499655000000007
ZRX,2025-09-01,739,93502.49,126.52569688768607,Outros ativos,0.09350249000000001
ZRX,2025-10-01,1050,132382.80000000005,126.07885714285719,Outros ativos,0.13238280000000005
ZRX,2025-11-01,906,262730.40000000014,289.9894039735101,Outros ativos,0.26273040000000014
ZRX,2025-12-01,1183,279568.1099999998,236.32131022823316,Outros ativos,0.2795681099999998
ZRX,2026-01-01,880,421513.40999999986,478.9925113636362,Outros ativos,0.42151340999999987
ZRX,2026-02-01,467,185169.96999999994,396.50957173447523,Outros ativos,0.18516996999999993
ZRX,2026-03-01,515,63684.47,123.6591650485437,Outros ativos,0.06368447
ZRX,2026-04-01,281,29179.23,103.84067615658363,Outros ativos,0.02917923
ZRX,2026-05-01,352,37082.600000000006,105.34829545454546,Outros ativos,0.03708260000000001
ZRX,2026-06-01,348,40154.37000000001,115.3861206896552,Outros ativos,0.04015437000000001
